1;6ba9f6c9360d6984f73564fb3755ea05dd5bc5f5096d691f5c55f4c23054e37e;['bc1p6eeaqf44a6gv260qz58a0cfzvljsngjesmd7xrjw0a8vxruxsz2sfrx5ef']
1;b54d98b9d29ffbbed26b9ed539899604ca22c52cef12c46b480e1d7b298ad556;['1KFHE7w8BhaENAswwryaoccDb6qcT6DbYY']
1;270e7a2bc2da2a1fb61e0c991f876d4e25c7a383c75be9b9b48cb4ffc0152468;['bc1pm33rvlmykpjc9ww582ywq2rh7lc36xq2euqjvu3zznu3ftmff4hskptlgn']
1;36c1f3ac45bae15decfa6f56de9d74d10c468f3ada1c6f601d4d6310557be015;['bc1pysvnduuzyamf3k5ug8q07frmee2pkclrrg7x907mq3ms7xh8z4aqfxrr5g']
1;7f503ab1b2d2f3f2386030819b498d4449906e9725ee88ca41783581c7a1d977;['bc1pszr3x9fk223lh29hrpj88e9dnm36pvslrtgp5uusmpzhfw88rtxq4w798u']
1;055dce6b634685b4f94c93b6de3674cf2a592fafe103f45a2c7d6eb9e74c97d3;['bc1ptngprkac0dlnx4vcf5tzua8gq7pu2qk5y3waedthhntfdg9h47pqa4qx6k']
1;a8f3103a357dc134a08fe47831931c9041eb7b4f3ca89e47be45a34c2a22e1a7;['bc1pfq4mwjhuwmu69g954rykmp85cq65sz5v03rx3grkf3l076pss7ssmewgye']
1;8579f6d9ec2110ad5a3e445f2cabb3d0d8dc96f064b13c6424b7e30a77397a12;['bc1prkv7ufkl47nytqsjp86axxg00qltwx2jj3l5j7u8scu60n4jdwnqgcfm7r']
1;b7586c9724d5bf4ad7bc931c97bacf2d6cc7b676c48608d9cd873824821793f3;['bc1p2vke30tttzahd7ccwcs6ah3hp3zdfv3k6u6lwny7alm0m6qnn3pqlquraj']
1;88e5dd99e085fc8e7cf2b35acc3e9f07f65ae37a381bfd939c1bc78fbde19a24;['bc1pp4jdn6zhwkyw2q2kcy6m347fy69g6pczdc8edea7tpszpm9pzdxs0f4e88']
1;421db0bde56331de59fc8b672185e59ff518284534c7d5f4a8e2e8171716ae15;['bc1pxc9a9d90l3hwe2758jsvker38r8gzzyua3w98pll99xs4ll9swps5tg4c7']
1;5284945c4dcce9475b02b9fb4614674cf9e925a702c07f0da0daa0f49e4fa6cb;['bc1pnty83nyfx88mhqxxhpwshs9w920svmtrf9j5jn0r4r2rztzdsjnq24lf42']
1;0e237ded9b53d7794efeb6b2f5e3c83eb0c496112ea673f5dcd49af2f7094430;['bc1pr3qw9z9nt53dkze9sp60laguprdplavchvqyulcsv77fxgtsuwlsr45fqj']
1;4d8fe23233e9410ca7d3fb90e825ea74cb7582a0ca6f2ba97f15c9c31690fb71;['bc1pzqg079vudewqyeak70ne3e5ljh4upsh9y7ah8gkernarsq94qyvqj0w32q']
1;60b8235ee044e0a5870511ef7044bf39326a6cacad608af3156d9104f17f1652;['bc1pgjlq4c0u4uzcypvhh5p39nhnmmuws8dsmrmzp9l53r46pv6fhrqs04wum7']
1;1ba005c9d64e13b78efe8c800f0c936de0040507c55cb77dce126de7a530aadd;['bc1pkd783sf0tyc7w3tcvqg2tg50t9kwc66j2zxym4pryqfegqy6s3nq7ytvwx']
1;08a093fffd868a69e85361db806d752ea7793bb7e4b9573a983613c4c9b97b0d;['bc1paheajxdxyx3r8q5da52fa6kvjwd896r9pxs2ycv07gat6dsuxp8qj80crr']
1;73fbba4993f442c7aa9704b233e499ba6f62d8d1baec220021863b6184a210c6;['bc1pgxdx75wy8eq2nfwjgku458p0tq97uck04fd2ams5asy5qdldj2fsthnspf']
1;38f937764ca51f1e3a36507fde2fd4cca4d27d59b5df94255f2ed21c4db370e9;['bc1pv4sxckn23wktgup77ppcj6exm8t4qtsd9qdqcxljkq6f3jg629usgqueuc']
1;c3cf74aadd19d15bdd49a50532647f9707a296465a9e26ea7984b97a389e1d39;['bc1plhezml7yymq9nea8y9tejm2e8dr2c7ahsskxx6s6lchqqg0p7d4s8qehvp']
1;97dcf1c578a2f3256801098ed35e44786eb36ea8158bdbd8bbf62529723d835b;['bc1pa9q2mvzz0uuj8vdtanelsk89w8ztnzpg8d0prd7mx934pfpk7p7s7h7y4y']
1;fd0aa9aa36c8190740f1263ac2565ccc0f2f344d8f88609e70cd2011df662e1a;['bc1pd08hpwgntg0xz9x3tgcjqrpurtzya87g30d43c4xlja9cdcgecqqctyhtk']
1;74d208fe3b266ab353a91135e66a0e5f7ae9f1625b720c2a643bed0609e97fc6;['bc1pcysa96qx3ftgd4jmj9a3vm672shk8285938fjsu7me8cyfxmexgsn2fpre']
1;531720c1c7a2e5f356cdfa5594aa1965bdd69dcfa63bc26c53ccead5b0a8332c;['bc1p52nyuc5f3rpmdpnpkyxx60gq3yy27lnsyxr36ccey6znj8gygudqvn6j0z']
1;8b84a14b1d23d17d6552bcb2fd99956a8527736ee61493cd3869544a627e66f6;['bc1pnu64ln57ve4exsstt6vwkkx7t6hdxaentpxy2aa66ec0nduhp2lsrkxtjy']
1;d7587159f71f85b66468bb00f78d926d56a92a85330505d2eca050b9e799bd6c;['bc1pax29637f7gamqdpyhnykfe6xsg4f2ksya0v0mymec74ahdknfxyqvsfcl0']
1;547c04704a393c3d277a7aebc93451ad830900aa5e557cae4a8456442d2a1858;['bc1pq4mhcsfesyvkrag84ts6krxlfh9hvq4ral46zf8jxv4l3m76klxqxzkj2n']
1;e345738919c1c4709ad3b184cc6fadcc82df0877ee4095360423d06df28bf06b;['bc1pg3359hsqe0vsjmhj8wsvh58jjzyhnekl0r6u3kn996aezwjj9agqacy8q7']
1;c65200a5f24c2602630db55413f9aca8f058706ff87b688b606273d22ecab076;['bc1pttc7k4kcrrvka7ucm7cd828ysuyacs04qqh8htvkhtc288aedn4qlg2jk6']
1;94349d579cb64c2769ab2a07e601a2bc92aead74d9121c9ae4e4cd4a542499e1;['bc1pqxru8qm7j9x3dukg6jndphnhrpnasm5qnukh5lheva0jyzp2dp6svnmeua']
1;bce1eda5111ef98fdd9bb383cbb0dbdbb1020d683fdcb6cd53918ab24978072b;['bc1pvn2fsrse27ln7kglg2c4qurvakx9306kv5dp0up8aj66xv85nkzqqjpucf']
1;f7df64054a16a855af5d6408b18bcb87803fcb403e10283937a1641384c8479b;['bc1prmq0l92re4x6wplsvjeuzmfwwpmemprd6ku7qjs9mnx2g384grnqqhyq7n']
1;5fbf774456c704bff508bb7edf60a4defd0f75f76933299c5f95671c23224776;['bc1pmefjecfnd2wkrygtsywum3akr2h5zmdszfwjzrz3gtl5c54m672q29k3nt']
1;1a5970ac978a21edafc673201b990969e3553c913e27af9e6aca21fe67f9e1cd;['bc1pk3ldyrqxpzdjhgcemxt8lvecc7ewcfzj6cxdg69vfyadtmr8hyxqlgus6e']
1;8b972c1b1a1e13012c4f0bc7512721198df0724d24050a57e9d953816adf31eb;['bc1pcf7u6xh9z04gx794p2v2dd2e6a5gyupkwj9wqw4hqj84sfde80xqsve757']
1;8165e39a2950cc65ff70340e0f5791c304481ec677d56eeb3c0115e3d4082d62;['bc1pqyn5e92cpllch7qvkepg7rgrxl32stuwdfk6armgal3chtf7lvdsnqsqhk']
1;ca092259045b9409d27e59c61821ccd9ecb024d60895b7c446937bc1efce20e3;['bc1pkanusg088tg4evrrkv0e4afwtvxem6tz0h6pp2zcukrqqtp620uq6gs3q7']
1;aa376fff46a2c4762d1cb5e5dbf0a3720bd7187b39c81b07175e92dc5a07ddc4;['bc1p427a3svv97hharw3d7wmjzgyly0f74gpz4zlcu4dxamsj0spjtgs4jvk4w']
1;bed45a06699fdf8791ad4ef0587dc788dfec64a16685646cd4f91d74fc553b7c;['bc1puc2f687990hk8tu9wmgtxak3y5yy27jln7slcc8s47y552evd2dsklwjum']
1;44c673d61212e4107762f782dc30dcd08217c0bbcb33c566b6792c299be58806;['bc1pzw39v5ej33qvsdhw0z83ldhz97r6udxv4agwmsg2lrue657ld8aqsqgyxw']
1;e932ae622cffbebe196a8af40c5e04f2bd33e08e1bf8b0d25d33b7e1ba9fba19;['bc1psvrnzt86qgga7fxnkhqr0na8psjf3wkec0890hlv33c3c76y47mqc9y285']
1;887ace4454f1dd1021e1b273044511b48e532650074c50320dcaba5a4bbd2320;['bc1pg3amjt7zq0yfmrd7psjd9r94v85lfqrg5p8w7znlntm8hxcpsa5srghzwz']
1;819845ce53929e24f9b6e5e133ed105766c978dc0506188cc5bad9fb83824cbf;['bc1prvev2q0wrl25f6k0wdcam2yw7fd4fgehhf9t2j4ej46xw7rlyrush6lcre']
1;e3e13af56f701d00b17edb627b22f021dad34ba0475a13bbd8cda38458658c79;['bc1pgau2yu5hftjwvnl06q5kzjncwm8pqmpxlu7ztfkz7kg5epkxp8aq5kk5ew']
1;32fe1376f6db4a18f0bf057e7f9f2c9beac53a97a633a07011e9bb1a202deecd;['bc1pz8p6pd3cfmday6eku4h4j2htandknguafqqlhwsnyrjmlz4jp87s2e3af2']
1;87174c6384cbca2335c1147d8943c3a3c67fd4ded511eb7f12740b8d45c11d0d;['bc1p6m5zuxp4ckf9tn7jj50c56gfcwkw6z2ksgeawjfxtn80qln44jcs58qq6d']
1;0c3ce082d03be021c19d155b6cd4fbc22d15e073d198bcf24d0478617ec97865;['bc1pwpcxrnms36pgrylwpldrcaf9g75rq72q4sf7l2u8eshf0cg085mqqhsxrl']
1;9a543ec5919df36921811ac04870ee11a48f545b7a32107c22ef59a8c41af666;['bc1ppgrgzz5q5wy3fet0277mv5n9y8nn26tyrpdar788ns8kh8emjguqa5le60']
1;16fa1fedba21ccbe229a485e074fa04a3ab13b228e9fd973feb0711f933c3a3c;['bc1pk5trjeju6a6tq0ejs5e956uylpn76zgv9k4k6rjyjacg4yxqt2aq8ju4m4']
1;50b511d0731654742d39b8ede31c2484206b90a974bd36bc041e85a90fafe966;['bc1p382jrkdjmuka8rvs3kxjqv4xs9758hte2v8cty85tl780xdc8m8q4qheeh']
1;dc893a66ff895bfd68875aefc50d84798a521ad0019f5891f0a120dd93ff9115;['bc1paxtpu05rpmdrlawxyelx9rulm50e6pgk43z2h57hu5yvwc29637st6gcpd']
1;e2bbac8f508f3fc21fc59d1b5273fd874edbd19df21a817cd51fc5a414055ad5;['bc1pl8f3c8e4dp5hxvwrg5n3ypjv0phnts77gs7t8cx9a69tzeu4j9xqv3ytk8']
1;f836cddbf1275a2fb7195b59cf3b234ef0b5a79169c37e03c56143bd4bae977e;['bc1pqw07c446mgsmqf6l02jltx9975ngvu52uvu5sjm389elvyk298ssu4hudc']
1;ca24db0a3c886b35f46663acdfb88127dc111e6346f91ddc6939185fb81123be;['bc1pl5rrpevd05zvwhgra2ncp26r4r6k73jxupryy5kjp4u8mp4xax6q6ajyfh']
1;3e0ecffcede3746754fe0166558dd68abebbbe4811f256763e2f8ca35de8ce72;['bc1pmh2fjrec6qv2nstt5dnftluwtn49q4qt7sjwfe44zrmmsv6282kqy4rwrc']
1;a76fb5c0e0795e176fc2296dd9ad02b5a3f0ed8521a1ec271730feccbe7274c1;['bc1pfnhxvyqymavjwuhx5vhj3e6k3z640j8qjwn3mfsf8snn5gu0nu7qqh8g9q']
1;054d0ea48c06a1b8ac48574c8230f821b96c4c132db077797d12473cb849fe76;['bc1prmwsd0mc9zyfwqwljce045j3afpq27al5648v06ctmm6x9qvdq2qy5mxa4']
1;045d81288ce06956dc3777ea5da75b0a5ace23d9085907741ebd6fc225f8124f;['bc1p26tn65nu44kvuwlaxy9m3szw64jdthmpu5j6k8my206uc0q8vpkspw4w8c']
1;de73a63ebcb84d7b81d80ec74e6e7cacb782d8db68f0c019e63b6600bc4bd135;['bc1p0kwt723yl0gre8k9j7k0rhs5asatjg6gsvn852l4h9jtdu7s69dqzeyry5']
1;f75255c9d36b904d18712b9ae85197bc899bb369abf6da44aedfdab27f5f1f66;['bc1pz5pjgh92ht3f9ceh67pmf6x8dgqzjvpqwkr96wzqvyatsjd670qs039gdt']
1;f8de1dafa297d5bac9c01c2cb6b7880acb759d9235daf0e9d0f449adbef86b38;['bc1p9mjhuryvl88gcxemrm4kur4hfa0djtym48jde8h6gzpnp6senm4sxc3qwx']
1;6a4235f33d824c96688049863424e9f73647f8cc1ec390bdd22e0cff30b852e5;['bc1pdcg3kymu3md4zmk6nr627qcgvq8y0ncwzyf805x3zpvggfn87ljqtd408g']
1;b4f9baccf171a85bde4b512f4214c7a081b3ea2b0f13827c1907de07051d58e0;['bc1p4yvqj54cjss3pm0wmfg7e3n9sv2vhqmav9tnjh9v0909g3ymshnsmf2asv']
1;5d9887a0dd1d8934434f4cd808ef5b41311a42c0e198ce042d396e430a76ce17;['bc1peuzhz88x9kaxgqfh2x46el8gnpa9ttl5n67zfwufrdweet8qma0sh93kcf']
1;a10bfcdef71108e54e3a3bf037137c19b83074df060efe841f4f41885f4a79aa;['bc1pqjttw20cmd04h3lzldqwxaq9av68dl5r555tkxj936me2tax87kqdysu4s']
1;e717cf2c4337a21d540ec6e53780a89564097f4007c9b639957ed369e7e12e4f;['bc1pvlkf645kstnu8luan5vvw86r5h2a3ktwcp22n9jc4zqjt0m9yuxqppmh8k']
1;5615f46966b35c54dfc7a67e41a30ae9ff426f4d7180d5d374011d476e403f80;['bc1p2pdzanh7ucdexcksre6tfpck48v0epk9t6atjj3falxsjv6hgegsnkrskd']
1;ac285c614b9ebddd512413f8be98dedd33811a668ebdab6fc0004822b13a797b;['bc1prwmluc9jedakksfwy4vrsereggr6mqwplyessqsmgljzxq99868sa7lmeg']
1;383230176be4093d4db19592d98e62a6e64c110d907a4935705093af07f438d8;['bc1p7mh05rsqadmlzpfwpk376ltsj0lsulrle4g6d7h57e6nj3qsjdtskv8udf']
1;711a0c79b9ece44f615adacad902d5bf9290b67f39d81e3e5f7571a2376530f2;['bc1pyzlyunces3u7jld7zpwu28mth6fhptnvn08mnll8n4d2l6cn9evqaklg58']
1;e3a8a294e28c26a166caae22f85aa0547b1303dc0d5fc4608defb40b1a919298;['bc1pah3nqtjmyrf0z9rnx6rgflglk7fmjmt7kfg34qkx2yvw9eg8hpksvq8xym']
1;28cb408d7027a8f6af4ea1af1e4727e2c06aa39829c37938f9b09e4987224b21;['bc1pz2ff4pzv5c8la8v632nfyyk8xpsxuflntt9qs0l684w78d94aggskm486m']
1;cf6a4e4e16a77af42a3a7206d763f00e67e21d26e6bf61f1a41b37d049d2ae23;['bc1p2lnf20ftdt4rm3y9uzlu0jzmeu4dyxpqxluz8fq244lltkqkua2qrc0ast']
1;29f7e5c3b1bf8fdaa138b1519de4407a290ed6456d5fb4ef01d248230f1396e1;['bc1p6cvr222w44eedc36gmu8p73zrvenv72uqtamvmdpjwtgglkz2susq090xk']
1;1527559b3c80c3c485fa8a497b951a36263fc9df123fc4adfe24956bccd493cf;['bc1pvr393dr5srlmfj944kqzpjavgfvxd9vmma2umnh5pwf3fv3lamfsgsey54']
1;d390f9152e42fc18bb8d4a4700d645f56897f6c73b41698d267636e757bab906;['bc1pyvwfd84fr7jpsfmyessl75vkz78grzgyt3hhdfww5dqljyf6zcvqhp68d4']
1;3f3bbe6f0e1040c9942228f62ae6954e0a496365127cb1fbc18c46e2f3e2f70a;['bc1pvc3kwd8haug2v57ese7gv4l6gaqampfn2a00a84uaeam6lwj24rsaxtqnu']
1;2f2c5da95293c990b8fdcbc862f4a09f007ff7f91cc5899c568fad007ef04e0e;['bc1p2rd2ud8h2k0zmpmuhnhr9t3qgcacrx4qy74qmmctmalzlgvmafcqy77n25']
1;e69e7811691ef13bdde6af127d30d8fec48cb74e689feb572399745c15b4e64d;['bc1pkwwra44v8whv0w3fapckky6x30j56w0glzx0kwt4frmepv3x4nzs9z65sj']
1;7ef7830caa1b89b9243dbd4ee6beacc5c5ddc0663e2db54f59d26accb65bb501;['bc1pjrkxwd5n3evqd73ksgk4t8nxw5p443fl7zcdcqqcg9y4h2mz48uswx8j9w']
1;6f90147e14ccd30f465abc610af7ffb57c184053096871629110a34492738ba3;['bc1px6ykrnclkgjkps8e8qz753cu9lfsjz602c6ec2e4mqyvuwd2h2ysq4xsru']
1;03d3fbafa1137933555c8aec6826b7b8b474019faa3a349bd688f099f7350066;['bc1pjfqyk76rnjerx4zwsznyp6jcyx3vlxnnd7kqvudchu6q6wr67qhsmt6peq']
1;7ecf55fe3812e17959470e9d9a11024ce5a47bbd459dbbe3d767309e8134c4d2;['bc1pgxpu3y334aa04974zupryq8lqpdpwaquddg7lfakpx753m9zp0vstmjfqt']
1;85c707cd3aa71d8a4a6e1a4b32f254479d6cd850ca176c674923cfa17eea315f;['bc1pxqacxa9qswtagq9w9ruqtyjuadnt9g8dw00af8f9lzxtl9q6k6nsplx707']
1;880fc3603852e4c02af914411c6608a1ad85c3108b7a947beb58ae44ad32cbcc;['bc1p4envk934p2lc7zsyvk78ua9s59z65kr60dmnudfpyacl0y7qqvvqrqacvr']
1;a7361560dad9cb5cc05bc5ea1bc5859fbca247d726787f30c8edebac3f012da7;['bc1pmkq5jpcarwaw7jgkxky4zezp8exmvmz8j7ktvhvwmdmy9sdwknysfrzhk5']
1;5526263e055f3dd88c5cc8a98b86c7c3dc39cb405d661fa2feed89410a4a3650;['bc1ppfem545u3pz2tlz6pdh7hm0vcenf7dzkqnzey7ke48am2zh0f5us7jenmu']
1;9c6a990936a86a2c4893b525dedee936df7277bea4c3154e2a93b9467ac219d7;['bc1pjlj5g3dtzlq4m7rsywwdkqt443vr6vjypk6wq9egdw3a9t90ahzs874zha']
1;e6519006e497032c811c14bf80943429df1c0d5c903af513c09e3bf34926fc5c;['bc1p7erux30zyshy0ex2s350s9jkmgnz2mw2ye7ks0v83jv9xqf03dtqsnl2lz']
1;5d546f918876517ffa5f41934d156d729aa04dd0649e0d76a081e8df65f90ab8;['bc1p09glpmrp2z4w37wvyyr8xuejca3sdtturr8xgpqvqw470qtjeeqs3wf039']
1;144d4926147c99566f4c4c94c9df1a21853a6813f7c8ad34676b89c21d25bc99;['bc1pvqmv5ya5t4xcct2a9mp69m2mspfsgpcv0ucfcgrhsgc98mxvntws9x0vu2']
1;554a7ddacdb5200c45db43059e62530f431301a6e20e67c12ff63616568da30d;['bc1pgrjt7ap9ckxa733u0cz8cfzurzurnv2ajs5unr94zugeyd44ns8sd7zzje']
1;dfb73f7f4b9ddd0e58820f4edb56ad9d07893e7c1ee4173d5140ac96886fae60;['bc1p8lgvynsz0qucs7m520sat4acypljhr0uj73q2ds6z6y4kqquzhgs6phhrs']
1;6181412732cbd7114122f80e6ad85e699ec149e1b1accd6850e7fefb28200dc6;['bc1pwjsecyc7esx3dur8a582eeyemkpj33xjzzdj0wdc4ecd907u7kzssw9m3g']
1;86a471dab47908bbe092a241895e9e1bca37e77336ddb3f0430e97471a242e4e;['bc1psvapu7z7htn0xts8m26ms8u2wveh9jxdv0e0223qnnrwjqd20h4sm84ezz']
1;1002695e82f17d3fb11b8e56a18a421884da43b66cd423ba515233c8305fcbd2;['bc1pvxd9u3ll0jl3k6n4gp68qv7dz87vhkefppqghf6h0nz0c9g0zrjqwg6lsg']
1;924eb41c5bf845fd7e55690690226a859e84f98796db6245eefd337791201be0;['bc1pk42pe4pl3srqfvnnzjprhz3nmk09kjk86edazkkyuurgc7kc8pxqd9e45f']
1;f41668fbf5761d0ca77e372df48b39de840169c9aaba1621f137633fa4c3e791;['bc1pnekd78a5endmu4ntjv8fu7yz84wmq594gnrxwydlc0xhrpe9tc5qu43gyf']
1;436cfeab841d59329c0ed5a6aa9a16f3a5517fea1f3aa2f9ad8d17de8dedb545;['bc1p05wflj09gkdwca5w4mwka69nvrgj48mz0ejjcm2fx9gz62l95wtszv0tm2']
1;41d1cef6da83ceb160f66eb9d8597118cd4c27e6bebc8e3a477b9ff6078716d3;['bc1pt0pwt8rps4ckugdd52q6cvd6qadzy5ffyw57pcsentg78husufds9j3ju8']
1;b54d98b9d29ffbbed26b9ed539899604ca22c52cef12c46b480e1d7b298ad556;['bc1pchq7sxekdtqecraslztht77xnkwa0qxc9wsfhqdw88vk78depawsr7gzn4']
