1;f71c9d1d6d18f17ff41a310ed47c444adfcf0ced64e6aa0f7539295c8795af48;['bc1pgey3jpe85lqrm240vrfw8m9erhxn0wpn57xxphyvnva98aerrsdqp7dk7y']
1;5d101c5a8ac827a3707512e4767ecf7e70b4a837ccbfa20b2fbd963367cf08a5;['bc1pjea258sgjlh4mzvv2yhm4sqkj3jy80ky905wwc5hx4x53ljrp4ysfvevs7']
1;e1a230a14a14190b202c9b5ac8486f06b3962daf47a6fefcbedc20b474bbaa3d;['bc1p5psncpj2dk2hfwc76ktulxqehm29gjy774wln5h060pmdmwcfwqqsxezfa']
1;478558ee9e121c16781cba87288d7dfbed106aafcec447036ca73fc7b34123e4;['bc1pqvelzkf69ax4a3sm7q6eyf7r96vmgy8ft69jjd8d9e3cpstkpgqs0nh9xc']
1;d816babda4dad732a683a232ea77a15c771d8a764b725cc987abf059e8d36c44;['bc1p3n4kja6huvgyzn2vwa34608mzt8qptlzus8zutdff5weyre3x5qsn7x2k5']
1;fe485c271e8e952f7f1195d7a47c3d0fe9e854de8975a523b708087cd2ad2ce4;['bc1pzlx4dutda2023ce3cwdtkc2m2ugj4ktcddhyz5xyd6jn6sk4pfks8a7ngc']
1;16d8490c66fddf31be91287aad4a2cf283d046f2b65be546cd5d624264f3106c;['bc1pql532ff33953n2zz3f3de4j9npuxfulr0st8rz4swu3d6yveh7as2w85ez']
1;09fe35620f5be67e904ef0d8daddcd7cd58d6c2fef5a57de8fc561a1fa6e10e4;['bc1pnj6g4rq4uq9q5uy60gfamt4vnes3h2j9xgjp876knp3us63jydqqjz9unz']
1;bd6e7d24c7a6ec68ce8ebc5a56a25eb1cf3bd50697365b34e1f54f881b2bf7d5;['bc1pt0ymf6y8ydemv7w3ymdh99fzkww72tnnleuhxp29rgxnz5z0scpqkppx9q']
1;0cb1d77a1a5c22e3fd010054fe3ce9d722a9d07dd5a8292967163ff6b8805454;['bc1pus8yj294e23ygaxkex2tuf9xgjhqr0pz745dlcdxgwp6t4sryt7qq0n3st']
1;5c27e6bec9f6411ae7d77749c723cdd1db0c91ec420f85a2cebf19cdc83b0c65;['bc1pnk5y50ugkrm6kyj0f0cssqehc3u4km6eflwqlffqdsha29caw3ps0sa98g']
1;f4d39edd2387f6c01e3c9ee78fed58c9754d37be48157f006152d4bba8e880fa;['bc1pfx38m54u29xkrs204ass6apdzhds50zmqd3y5uvz9kc3gxqtqjgsl2pg7g']
1;921f2be9f958308cf97f226516d0531b9426dae1002129a41a563bfa3e5bb7a0;['bc1pupd2fzperpmntveep07nvek8x0j2wvfms93ln6w2wjmglswh84gsm75zvs']
1;a476491f1531317d8a0466f1c918aa34a7ac381421e6a238a0ba4e69e2c1c44d;['bc1pu830tffw3ngd5ckwdj7cfrl9tlk5wen89sf4knvjsm28e3xe5ltqlujkrm']
1;1034ee76c0fceed63aaa120efe33beb5d7014f5518155e4bfb3193e69f7ce3c5;['bc1peekz2mf3qfp4jpu9jsuv7kprchqcckdcpwr3h0p9efvtetnsqw8sfj5h30']
1;faec4b51e22babfd6b5378cfad3f2c79661754edf3f250e673d14e4786fcdcd8;['bc1pyen3xuy3smt35pgwlqs9vxxzv8jeqrtnn52ty3yhzzef0y4762ds95dvrk']
1;a863965d48724dc46c6a55cd0329c915d512bae7ee92c1ab15aff80a284854f7;['bc1p987m205dq29gqst52jy6de6hx5vgzu66acpp4aw58aqyl73f6wys6n9dkr']
1;bff09a211377206a6d4e65afb821af0aedc91b87e90b0b7819510b3aa39c7846;['bc1p20f2pydqe2yh6prm6903v3vq6f2ntd9rqd22ulyc3qjq52puwvssl2h8qx']
1;ee647d68b4f97b898f243b386a9e97221469cc657b7f3ef5b54652c6dd15ea93;['bc1pad45jq07xa5xz35rus26tt9j7nx6ckts7wh37xt5yq8y46zn7x4qu2lymq']
1;bc7030528d72f6de7958cfaea0b19364544d1cfe385f72abf5ab0b3abc561e40;['bc1ppfjh4chtm4p7qcr8vm8pdneuglmmu3evkw2rqckzd94kzhftymxsvcgld6']
1;8205d4a3a191ddb2ac8b6dc56cdc18546e7b8b724b24e22777990abcd4898eb5;['bc1pwqgs6l9p4y56adxv79rx5ehtyu3fe2uk42grxj4d0w46z9rl4j4skx5tzq']
1;27b18bb0d4a724aedf27cb6562d208c037780062210d7029c93538b02c8133aa;['bc1p5gg2n3gn5373ez23400f75fzvp4v9gxdlaf4er7e9dmy0taktddqqqa73u']
1;e6888365715c8834c064f092194652794b1df85ae24a773c96019c4bea4b8db9;['bc1p5duzx34k8nd4qhm2uvkwecl94ezqxtn084cvvcc8074sn0aleh2sprrlfl']
1;5655aa786f6db8433c198cf094d06ca02d2852e4b02c5b4f22c0a35e7f235f79;['bc1psvk326uzs9aav5xk0hwh6ck9myl57q2k6ge6dduuck4jql6whlnsmdy9uh']
1;f56eca1a7d3d39d9daf33e8427812bba422fc94bdd3ca93abaa36be912b6e88c;['bc1pxntmwhhm967ynmrjssduusyfkl3c0ff7drjtnwtevpt2gs2qjckqzlv5jg']
1;f3c4b5ebd4187f3b3980815635be53a838b5baac5ca108b081648f81253de9e2;['bc1pj3sezj8k0awf2y2t3t9g4zpxcz87xskza2wk5emm39yurzpchvmqnpk86d']
1;9df2a6e13af6e636a7596f4e76faeb82b5993422eca52dacfb332c5d5b7546b5;['bc1p7qwtqw3w0rnzs982pmawf39tylnesvjq5zw9jq5amu7u8shc9pdsv4uj7j']
1;fefec6f4ef9352c0b9111191c312a54a107d8011fe9f2446d22a7b3d3072a7bb;['bc1p6z5c0pdltcnke0djmwqqdlwlevwte6rt74wppehcnnu46j6hm7qqauv44k']
1;c81984cc8e97ec6f6ae14fbdeeb9f4842a77327e074a991c3829b58a2a6e25ff;['bc1p49575t4wkh8g3y0npgdw8gpm30as80tp58wu40chnqpj0cp4g74qy5ler6']
1;cd987f8bee7e1f2de5ae467697b8658aec1fc6e5a5830e91e012b0c769861fff;['bc1p62ujw8pdrsntw2frhjmpvs8shgx9wesq3n5jmp90gagla0q0f4kqdcgw0x']
1;9804ef6fb0c82bdf85ee89299b943b143fc308427725a2771817376af2feb3d9;['bc1p23p6mcv90w5ygwxwpucuvxzn7qwegnmxg44eztht3m7scnwcgykql8t3x4']
1;7bff39aa1640bc5259dec821d9819b6661a687e3ff4ede463a7165954cee4bd8;['bc1pe0awlzny24r6ll9w6uellyfazh46emht62yh5yfynstfc2yektfqteany8']
1;11187d0cf1da9207f0921a0d73906488201f2d04b59a1c7c066e13da72977a0a;['bc1p6txxzxkzx94hmy9h8363hau2qw4vj053phg6jtr4mnax9gwz7dyqgxe603']
1;1febecca7f8989dcda127b4ac34b6d02adc2f539640f7ece0930baa3278046f3;['bc1puy7yfqdzjhl5m35x2wfq93jl2hqrd652ax28mq067f2tagcw73hsvydwnl']
1;c94412018a60b96701593311aa2a0ce402af998fd0420699f9f6aabb85a5b482;['bc1p2yqt2kzseftsk0kry2033vql0zm036vqtdsq3huqmada4hp8ga2s05gavs']
1;9b3d6959242978c143ffc84e19738589fab63a381e8afa1fe50850ab9ca3f2b6;['bc1pzqlry2xghwn8eh3nhnrskwr94xkrlcr0juj68570usyqekszgq6qqkgp8z']
1;e2aaed3777e703e81f42fe5ef1c1689551a00c3cefe6a22ef85d6b67a7d2d6b0;['bc1p62ng32zarlymuge6xceu3zl3hkuaam8asys5mnfweywd5a3e80yqdsceyw']
1;e0ff61dbf6aab6be4b0971be4a63e4fdd0435e38d44cbd5f22495f60eb7ab160;['bc1p2muc40m3rjyr0gvszcpd9z7plw8vqczc2dlwjlnt5hhlg4j5776q7ujkeq']
1;b9a3bfbffa1ba0d9f833951c8a79b7ab565787d69a6d8fff6e00c4ad80a4c6df;['bc1p4xpneau5em30dwql0uvs0qw3e5ewrmfrgd0unaunac7kmj5hln0qhrhqg9']
1;4bed0e55cfdcd6587aa4cb3b309065cae69872d41412466b9b9496a03f65fcea;['bc1phukupvgrp8qky8lh4ne2wmkqqmzhn866nnpnh0hhee4ctjdp4fxqlkftah']
1;ff4304c48fb6c0e69562f5d12e4a720659d972da64fbb1e5dc3050b5fe6b1a9a;['bc1pyf5tpa5phpuavac0g3du8mcacl5s4apmmh74zqmg5y8r8u4ap83q33r5de']
1;aa3b0d9c1f61dabb06bf3b7d810aa5b64d788ccc04cb0c283387ef33957c2499;['bc1pmfw4t5wwkpwslvx9ftzmzf0dnzdgxh6kxamfw6kstcz82fvs2lpsxee3yn']
1;c9e3b2e35623a0891f1959752b07b26a6af808d010f0f9a440b559c5a447d359;['bc1pqhpxnzdd5y7z6xyt2qrfz72374kvrz2h0u82nr0yhwma46u7rwnsu0kvqy']
1;63b8aa54b497c7a315f37aa12bd63af15d5e5b2abc6d1a1c3723d3acd3045024;['bc1pp2j0mj9n08vaayffvujjl6c2kx9sw6l9ad9lmrxcw0vnpens082sp8ydh0']
1;c65c7f9da9ab7afb474b528ff8687bf9854084a1c18dfdedcd9af8bf8b73ebe5;['bc1pav2jludplxvr43whgdatrpt2wphxknysg9adsmm4ulheznjspzwqlvmge4']
1;90c1d71cf48d18a173c6fd99aa9e45515022483c7b9245757ec4dad587fe935c;['bc1pgn93k7ltk7k8maghc4anwhg86y0trq58jhk0sky24zen2w5mz8ks4vq5yc']
1;5e0afb304387e3b4c51375d4125a8330c76913a86253f0f5f34538073ca0d0ff;['bc1pasdjwll6y75xyg92q53t833ls9j3sjr69tegqp7xkgskfm7slasqy8hrkg']
1;b63b6683420ce9274354b99b48d40b8a2d60ecf8c3ac4df5e01605f03382afcc;['bc1ppff5cc8jaeegy5r5c9gx00h35pq78pqh3ayqs5tvtdug3h2fhqespsjfe2']
1;58a4fe3499666a929d753770f62ec1e42ecc8fa15429f08b16e7913767b89b70;['bc1ps9edd5qphd9v8jn90em0v8tveefspxwl8gne6ggwr2qqv8064r8stfc7xt']
1;4425593134cb954d4c1138f4d1c2759d089392d47676a1d28fd640a7d9f65e5c;['bc1pa5u4r57nlrum0zyprfkv6c3hs3m2eaau9jk9t5hyz4g5h584ec0q95ej75']
1;08d9a6cfb672bf615a8257457164a8dd4261c8dd26825960f6fb0883f8e626e5;['bc1p9jm80fxatu7g83nkjzjznt30m66wuq0vn5gw86m7tuj9auu5v5aqxf0pak']
1;c29c0b255abddf1cec51bd4cf1a1485b049ff9e812213c720aa276a4d8551835;['bc1pq54mcz88ff0qqhe97p05ntx2ulveks6xjvnxzm2n52k6xzzkeh8stx37d6']
1;2e33592d82124fdbc0c1ca6cc92fee5950c70d54610fb3ec1c7e98ec2556421b;['bc1pcdq06tu4rl09puk659av5efmjreuuc0emggjcp9un8e8h0wz3rlqqjrtvf']
1;a07fcabedcff98c5b6743608147f033b08e73168b2d4166ec34986de0bb472be;['bc1p0007pc8wsqfeet7nyfsdcf772sw008apyfa2fm879hhuk682cmgs28t7z8']
1;b2f9516d85b28e3e22206762f94bc7f22276e593341d8b0ed6877477ccdb8b91;['bc1p8ekyemw25vzad0szngcj39h9764qm9r8cv79sueu2n674665g3gsxx85p3']
1;8dd2036ea46fce8aa17d38c4048e6244d08922a29404ff7d4ff4638790590012;['bc1pfz2h45m8clehxxxhr6n6kwk8yyxqd2vpcerlssfgvv76ej30eetsfe4g2v']
1;39c96e8ce85f64f8aed06674d95f440a7670b61dbe550f9b625e3835b1ca7b6d;['bc1pakdc4hvpapyw8gml0awn3wmd54tnfds3dglxuccgkm85px5ff0tqfazylu']
1;9d2f7818f821034d0d69b683e76dfc25a0496dce3f4199536de2c16efe630ee1;['bc1pdf5pe0m5ss7ug45ftf4w3k538kcclf8r2vj4p2a79z0m6vsk9v4s9u60za']
1;c06f1e3ead83f990ca82f91637a12fa81409181d2bf950924dce6db62d3ddb22;['bc1pwth6zrck5gz99qpmfnxrs8uf3d42p4kp7nzlpdp00du6wa0ahjusfsu2xp']
1;91172db51e8e76076f2ec4d5d4d413ddf754450ce133ac9f7891ba2c8cab49cf;['bc1prg9ssylkdt42p6hkzetgjrsuwzae2tnlmvdq5z6uhp30m7fwxsvqvu2ucz']
1;3abd0b1a1776500b366a1c5eb1d41f7af5b621289c65ea67ac422a151fd330cc;['bc1ph04rz6uycn2asdchxrejc9k4laz07cz3z6zj6jvfv2390qe47lls9k66aq']
1;9cf3dd1c0da92f2c1846d84b099949e68e7a619079066202b9fd2e38cfe97061;['bc1pjpp92p6uydm0t7tlxu5hctt4x4zhtxs4dnwelgul3chsr9xx4weslfh3q9']
1;76b8f7fce4a2fabc6cba272757a05a6ad1fd511da952237a4a71ed1e24fefd0f;['bc1pscn4y64tq8tscavrqrglzuww9fywgz4ktnv4tn6x88ec6mxnl2kqfgh6tk']
1;e2e72666bf96302a2c957a25f1206f2259610fcd0ef7a42a88079aede7de6846;['bc1pwpclulm75gyhg6nxf9a6jz97lf5jx5dusg4wqjautrjn546d9qrsg9fegu']
1;fc4f8a6dc6b6dd0a3aad379d0ddcb4d442100d910e7be6a19ded32f797a1df49;['bc1pnut4q3je05pufxttnjzesvcmqv5z7yvmdt8wmmuu02v6tmfs3nescu3ytx']
1;464618c6ef79463cc8eaa3b313b421a3e40aa77c65d6688c56c6b4c1be1c9349;['bc1pd9mdphm9964chr0rs8dd0nnrc5cr05js48x0pkdek5t2ydvsfa9qel6783']
1;ec218666b48a4ebfeb7e3ce753de6792db32ffd1ad5be686289538f2560f5a46;['bc1psn2565mklth3z0k67g2wrpjg2effgsckz8ychw5e6ph5rawhqlvsrhjmj5']
1;41f693625c90f5b6eb4d22154719029d0cb519c7f62b8a3f7f76efb915d8e04c;['bc1padf75vuwg670eu7lk56tf92hz2s7rlz8dfr4j7esh237lu6pxdhs6yv0tx']
1;ea11c831f5a569c091066eb71045bd5b08f72bfd456b8298140769ab2a359904;['bc1p3h0qmzwnxtuc7aytwvntcrfcn3r2l7l7j9kz2pcn8hnljv4fwpws07hxzk']
1;ba2c1b92c03323fbd77a35861aa5d77c4b625b3d08daef4ab4dbbdee2ad2eaf0;['bc1pjrk02uz5xtsf9en6ey26egmjz6ew9g025ccgpxrjugj6sghdfrqqhzt24u']
1;7a6de99d327c2fd15f673c811755cec2873a080d4719505ea862821daffafbea;['bc1psegpk6440l6rj5nx5jj50rm8jx622wwlf3era6meas4up52vsscqlejcwl']
1;aa94dcaf3138ab0eda0bff0656e0553311470026ddb3d8f530459b054469dfcd;['bc1pjmwuflzdr7hpgudjy8yzre8nyyxkz7ujxug8j4vxpy3ch5sx363sxuqk6t']
1;1eaf04fabd41f547c6baed9ee313217737ab163d0aae9d9108e67ce71453d539;['bc1p8jxrkwmgn45ydf4u2atfx6ldetgpea0q0uyz9k0vnkrs58uzzk8qt4ru0h']
1;e3d4ab6d1418a64e2211b580a191b15a6860578476552fcb7c5109aac0950a66;['bc1phmp9yk3992anm6az4fc02slak604au66a6h6j8xe6qk9783scyhswr7fje']
1;231ada439069ea2fa1bf3a986962f6d699664e044776422bb07b1bada3dbdd85;['bc1pvcw02gt0d779zzm68fqv5m87sfgh7x44kfdv8z3pxjydnl9ez57qg9x9wl']
1;bf56aeecabd55afc75702039bb15b77ac38e1feb9f84838e073e71904a5f7a2f;['bc1pruc77yyjn4t33carglfayaq48rydqn00gpu9red9j05agqa8phwqlrww52']
1;1298b36d699b8a31060d13df7ec145c2f60ec99027e6921915cdbc6467fafd67;['bc1pn7uzjg84dam6njgxcc4unerx9lsfqfghhwkqsxhw4w4w0k4ywxes88ylxy']
1;9ce9a4a0a1f3ff6f05ec376246bbcf9f5b4350fb0ca2427627772c4a488bd4a7;['bc1pupps0yvjlc5fpfgtr0ummt09vy09xv8c7hnasjamwur9e0upmnksa9gpef']
1;c6f898de154d81661a6e3b204a61ddbbdaae850995b2fcb02f8346d1adee3dae;['bc1pk8l2ys8xf3jt3ym3jjeld7aexpujep489le0t55qregl427mh8aq32t6f3']
1;5ff7a44a4feb08990f10433aeda9ab1674843e1e0c5730a8ce4c757b353dac58;['bc1ppp0wqplhtje64lv6ag0dyceym9uzncwt7e63pt2rfh9euq4a06nskdgwep']
1;8092c6c21b89803ecf60fad173e6d38eb76201574ef9f64988c07bc52da99784;['bc1p9pj0w7yfll5ycwxnt87ks0nj44zkzm3x4llm8ywrdegnrcew797qsajjml']
1;bbd6b0335082a6ddd49fdb40e8751f3215aca3f369a79623d615e964a5b12d9c;['bc1pzwng9qlcxzhj5p3679selft9hp9jple46qp4x062zzqxwnyn45tsq3m4p5']
1;b8f5e679c0bc09d3c882c6cf0a1aba6a87731567faf2c44f46d4356c8d30ca76;['bc1ph8277drzejzx9tfp8ut5ufxw3np2p47vscpas0urch88e64v5kss6xcxmm']
1;e3b56b37503a14e928387378997ee6915d5b96efbe00d8a1dcfd387f1021f912;['bc1pydq9j3jf392jd0wajqhzhtqxxchua3geuzuz2wcm8xccw0y0yhtsz58r0g']
1;0e018e36d8c985d4c9e77b5ff1f1aeea21aa3cc0585c289db9927c26f76631ad;['bc1pt9astwvf9ddjp2ytsg2uvfdpalsn7zc7acryqmtk0xydyakfee6qw0zqge']
1;2d913f68d3a76b320831d8fe784c7b94133f84baec83bbc1cbe62bae9a939880;['bc1peg07ch0e9sxpk4gn4sghlwlecz2z2prtcxad3flhr8hkd43wh8asgxuzdt']
1;4468f417d1a5b38a3f69b28c86a00352d5a39d841b06a574c9ddd2f4bd1219fb;['bc1pj8tj8l4slv02jqngzvk0w25mqqhcu8rs4egucywwwvrhsq8cch8shkx4pt']
1;f82da9696a7757502a5a67670b7690148120f546a8aaccea92f1c9d0aa022235;['bc1p0a4meu3tx0fj32dukqjypk7wr8ecgstdz9ll3mnkdcd6ufr2u6jsz35ajg']
1;0b1f615d75fdaace454482ecfb48dad72206376504a66279c4981dafecee0e26;['bc1pw7k6d9a2anskrl0qe5dyxh00qcnuyq4lvaxgjwy2lt9gx3qnwrnsxgv38r']
1;a12a60dab6d90a9fab2fe0062d8cc8ca31e50f99c3d28cddbe512950d4b20869;['bc1pse2ffc633cdyt22hszaxhhqhvusm0glaalu94ld4zk3wvw9ld9fsv0pu2k']
1;9e4248bde8944918e8ce49d90860bc97eb19dc15db837be9244042351a2ef0e4;['bc1pdjvs5qzym67f75wcf2clqht32wnkqf53tznd6gvfg5r5a6l85rwsj895jl']
1;4626c89a926f27e45bb9010dc515a3601240bc8698a00b8091ade7e2b149e0ff;['bc1pduum0a25ae68jgwdda2gxgp94jtnrkf2pds20u2whfs5wcw97d9s0rz3ae']
1;68dcd5c290b61153ee90d587cc8711b5aa6734acce132d376bb5c2e5cc9f2294;['bc1ph4av6p38hkpslfl3wadvz60cw822peks3asvthyj0ue30vvyarxqf2c8tj']
1;54b9a66c0ffc514f52edcd0c14d7a17648e709665703ae6832e813bf4b169379;['bc1pj4xufz0qr253ell89rtftvfypz6q07d86h7j7j8vwjcwyyfzjvzsku0rcj']
1;977c3be2027cd25702edac2efadfd436daecf69d59285b16112c397d1b45fc38;['bc1pq8pqseyf69t672vug8mpqlz6jp3ut4y48ggqjgjf208derp7hk0s0mvm0w']
1;ca1ac8b7de6e1c36cad01f43ba3c3b0c74dea55aa04624d108f1496a73ff0840;['bc1plsf60gwg4xe7n26h2ql2duv6lfn8uflrh5w8z7dnl03xncdsje4sxpd79v']
1;bf20092d7cebd12147575762903bd065b4ab0a1a513b2b319434596785a7f604;['bc1pe2symjdc0qaz65qj3vytczqmnp2shfz3wa2ndhr0qvee46dqhnxshwu6ht']
1;9481938cd9b7ed12acfd96e6e9babf037c5e9887c7f03a094a6def5e317384ea;['bc1plszvye6jgd4jr9hh9ktgyas906sp59dmnlj8n77cgvjm06ug7n5s8zpz25']
1;5ad2618eee122fb9c2ebd32d743db6415b10174a0579815eae0f56e9aac7866d;['bc1ps2tt0ewws8fcaft8cevn0q0m6gca66k46a945etg825mschplfuq3qxt97']
1;c3345ed314a18250f3e53ffa958021f3d24d60c527abb2de524d81da3e750508;['bc1p7fr565zqnam57epd79t8wzwmkwpdux8wt3wfg2g4nwy5keeutaxsf87gne']
1;599bc61885a92c2a42527df0ba8a229bf43f5742baf1d5e5c5075a00efd124be;['bc1pgzc9jr0cmxyfgfr0mpuady8l6xhx49xmydd87zdj4rljez67a4aqgglw7t']
1;b3c25f90ae7cc6a89f499275a6f69976509b728c116c3b707ad92c600f04ed72;['bc1pa0rudvzwcd0dcmpeuyxssjehedf9q96n3afry0qfh4j3rnlq3lpslypw3u']
1;d4f539b63d2a947abac38102ed982db57867c1462daa648547d5ed24083a9a33;['bc1pwpa8jlpwyuscnzf87yhr4kkgtn0pcymxgaj8wssmkam4s6z0h08qg9jer6']
1;9af09087d21bbde7ef089225c244fa4eef939cf7c84d9dd76e574c346f3aa067;['bc1pm40frzcc28v57g8cvwz9l0mxsg4dkyfwnyrqm26w4rgyep70869q4dt4sa']
1;4f229a38a8426f546684aa3afb191b78c5415c394e45504b0d0f31010bdc2598;['bc1p5k7xan0fld00stgta0fs85kgtrz6zxv3k5xtgzge5fslyvmtckqqpjxqq9']
1;5d53c3a737e77eab6143e8cfca1678fe1fcd13b2b8ef191bd08cb47682110b7f;['bc1prj8zr6x83nm7prk9kndxfx4fnzn22j9e0s05mll6sn0ulw45t0us565jys']
1;ce81189203432648eec53598d093961b6bc5b27a9541b18d23be4a16248d39f6;['bc1p4qytjcelg26waa9hzjgrwes6pth3xjwkyt5re95s4ttap6tcue2sdnn7nj']
1;7c9ba8e4f36fc7ff5cdb48fd48b128c700fc5a291d2fecdf59bf90e7a3160080;['bc1ps040sh5t6rm5hycc969c68yd4yrflpuf9e6rkfgufd28rpqpkknsll72y3']
1;b8a319446955e97c695b006010a72bc2dc693d9f978cfe637378f9e8e08098ff;['bc1p9wza2tlasdu29f2vax72ua7zg586dpjthsrzxq9dj7c4m7f9gu2syntyum']
1;bf0c8af16769325df7a06a6cb249059739644c9b9e199c18b8d8c6ea1611fefa;['bc1pyt94934xuy034mjddurtpugh942wcdn0ucethguytw9tacw9yqrql0t63a']
1;2e5e25b5ac46eb2983cd2d2663476e53538397f5cff845b5a9a8808fe2612b2c;['bc1pj763devrya0k6chxkmql0ccn6myg5kh68mhwdzuu4qeyjwm6d5vsqmpmqw']
1;c3fe1b1c3fcb864b77abdf53c3dd0589aeeff71eb5f36b7ffa4cf13a7ef4bb16;['bc1p3zdfsvr9385ytekd79ev3puthw6as7try0e0j9fnm04v2626yqnqtjmy6w']
1;8f8eb4140846e4db1bd7e36c69dd402ea03025e952b863aecc93b92eb91db923;['bc1p83u6f9cxqqh8hw9cxh3qr2a42zf3j4pa4djqh6z0hr4vdpkxkhjsfhnh7t']
1;b424e8408ec8f56eb9f1137ccfacd86e6857fee72a5ac586f93258ba38511d8f;['bc1pydmyygynca9g9l9lgzqqvq7z8zgdjj0f9dn8es6lwxks2zjln6xsrwz7hr']
1;bc6225b96342109748d1a8de46e79df3d35ce5cc3270a14caeb4583bb066d792;['bc1pqm8vkk23f5gecjxq4rx54se24prgu70rck66hqd2xh96nedec3lszpvju7']
1;f814a9ffc23ec4052aa0aad9fc3b96436e6081768cb989b757188edc5dd55684;['bc1p2svdvpqu9wmzh06kvwmjrtvqm3d95nqfr9k7h0k8m6020cv7dz9sypfn3h']
1;5d6decd5a6561b0cba54b4eb62f20720cc76f76919e5aaa11e9ca0e1ee61d805;['bc1pa9y3ejtesjmerh4z2xfn82ten65vsk7jg4nmxu7t9c8ctzh6exzsm5ck8v']
1;7fd6792a2bfa6e2d29fad432b49a641c0fec6b4068dc7b66ff4d86fa07a38121;['bc1pu849hjlqlvkhgyufafm4mrw9jth93uknssg8kgpkrgw3gnhx5e3qv0qj7a']
1;7fda064a638accec5180a58e2c38758ca582c63909301d8da320ff8aba931374;['bc1pl995c606z0fuq468ncllk8q0yvwpyqk0kgpcf8fvuuzpxx88l23q2sf2ae']
1;d1f1a874a1c51dbf9cc08be8ca530c34636affdf2fafc1a18a6161bbefc0ef5e;['bc1p5lgf70tzhmxs0tr36qw9pxas0327lcu67hqw6fel4q4484vlkjuq8evla6']
1;db8d8cdbc5963b46c574d864af81a16885c348e8cf0aae6259b3d6238b67ef39;['bc1pq3dzrn79dnmhyvhrq3n8e5g2n4apa3wxqrktyg3dlqp0tf77yytq26g292']
1;27fb643b4f27db144261f688332f2aeabe6b10741b378282fab2ba44e6b46ae2;['bc1pw7pgxh0puxhpxcq3696lzvmumhv5raacc66vfm5qvkzqjm77fa7qcaj93v']
1;a45a1fe433ee92e1a483884161a9bb330a7d8041ac3ffaac6d4507acba5995ed;['bc1p6g2cfeckavmlphqfzh4mkpruthh39j55qwqaxu2zgwevdx37kcus09gw5j']
1;8b65ce554fd617ba05538868c9b32b14c0c7c4efce4917c9a74e4eab4676bd7f;['bc1prghhymd9xuplevd2mcpr95qtz6mhgxqmgemwwk38ycv3exxxa0nqf5mg6q']
1;2fd9d46cf696b9cedf4dd75ecce0ae323dc1e803a8ec715b36f8bd8c1a1cb820;['bc1pvfvm44ufag7fhsk3dru5a6ttsn4lk5plphrkdyjefj5482cvfdusddp2u7']
1;d5bf7993dd546fe277494166b1afb7a117ef950153569d00e01c07cd706c77b9;['bc1papt2vnjrccannf5txzal9y676ynjxjt0s0hp45wwef9mm65ua5rqfqq60q']
1;1ca8b8a1dff57a63c5b7ad0af7d9849a465390d0d158b7cae36960a7f0665543;['bc1p3k8dd5ujscw0ldf5gamd247vz8kg3cn6r8v937t9zc8wa06uze8sg8j8mm']
1;274acdbea552e28ef5275c83ddfc1bfba6dd64f76e811df5a1375aa08459bd73;['bc1pw5wl23njdvcp8j6ax8hnnhsht92vs6w08cene687q920tw7kq44qhu28d6']
1;b603fc465d388171d8ea1e4a3e12f94355bc63362ccd92701bcf97a60baaf599;['bc1pmhpp39ghfd9yc7p5upglap80cegd69ey7z5hmwgfmf2uesdfsdwsnfnvgn']
1;ddec09d290546b9c32667ddca38919d272d526b508c957ccaeddfe23299eb6fd;['bc1pk87qtf42wu7xy55rlhssr6r72l5lps90cxgsf3zwnpvr63s3a5qsxyjx8f']
1;6063564e3d03fc71f4ccde30999f0bd20c424ce91d673f818e0e192e25c74de5;['bc1p4l54xh4etljmuwwgelsv53530u3eftq3vwc3dzz8mdthvldmkgkq20a7pu']
1;310e8259a7554eb3bdc3c6b7a43e015a0b8fa8b2ce97594847957dcfeb271b12;['bc1puxlw5xast0mrh4t3807nmnx94n65tjn6wszjk2dr3hgr6hf003zs4cte97']
1;aa8cfccb414cd3a36f0eae15ab71d21c68758d296c4f35111c6bc7a2afc3377b;['bc1pnvcgre2zhz8wec4r36c6thuxwxdt4kyq3t2k5lldqpydlmu7e9vqarg4vj']
1;55b241afade6fb30028a606458a67e6c76065faf8eb19ff2e7804543079bf6b3;['bc1pwnm6uetv88rmdmmgqu4vhj690kd46upewmk7ht20kn6tfq8smdgq73tzuw']
1;e290c06f0d36700576f1acef63d60fd6f9c922a991e0ef92546e6d0f015d8f6f;['bc1pdvf76elyefw60f0k249tznxcgjhx6u0075v6mflcye0s9tcd4z8qkmsqja']
1;4e57e2d9cfdebf4892ccb1cc380ded2c45556dee764a9bd516702fbef4f08209;['bc1praqe25kuz7wwpz459dyc5rv869u50s4dpf4l9sfqvvztn2g6ex8s7qeuje']
1;723cf9507bff4056ef7c34f6dc9fa6aba048c0e1d5ab344c2ff41fc67df87dab;['bc1prvcg503xxw90fzcquxgv9hgjk696uakhaga9ae9hperetftf5smsc39rff']
1;7774b42586ce48e7a7d58432925356d742f24e7a4b0b0acd59313828320c306b;['bc1pkph5kpg255jqh4n65gk3nw5w40juam7x8m4tt0qwvp70kg7kgyrstqh0ud']
1;8557bc6c826f20867f53aba6ecb3cdba09adf105cb7b7c1f814fd418d2aabab2;['bc1pt7x4657x4pwvsmaazs8hz8cegqylq8yd93k38ulwmzzf0w9p6d7qxjlg2v']
1;c2972cb9a00596714d7be6a188dcafa14b8073ca3237c37b2f76528ff1d86910;['bc1pf6xr0p7mwc9chedal8lqtqk20d0xlgd0cjxhvjfpgl95tqgss0sqzr9cpk']
1;df5bda5985a7203a48afaf93abb1bc7d44f0f2e5939b0b36587fbd7f21d9afc2;['bc1pzujmh8q8jzp55k0c2xjs54r6p4js232e2np5gwqp4uzy8u6dndpshk4mg8']
1;c37aa21eff0675f059f116a2273baf538287ba97609d4e366eb8df4144e03eca;['bc1pc9mfgt79jgk3p6huchhwl46plae4v8znd7tzkcqzyl3df78lpyrqv8uqye']
1;e21cd24f15a3b56cc4528fc40ef9f51ca2deeff600da4d5df3c2d0acd21450e0;['bc1pcs05ucap89qpd0qwuf0saq0l42g43nh7vsejfy5dk5zzqmhxzfeqat07ke']
1;cfec7036dc926da3babd9dfdec5858b278f08e049cf22b8c4b38b2880e3386cd;['bc1pzl9jnapdayjj6nlgj24tmdzxjq62rf9scrr3tfg5ejunkm8vw0yq9ygkmd']
1;008a42998e7beb6bf1e28e6161554e0e779894f16db0e543164b105965291c4f;['bc1ppm4j7kxqdzqynt5hy9d04p5az02yg2c3s657fzphypvacpax662qmxfmx2']
1;2440f5436b90a91d4945637891c12c10b573cda2c7b40497e3ff1c3ea2d773e3;['bc1pmazewdhfhzpheqkkxs0grdm397jhmmp6xny6tsc3xpqgvelev6js3gvc4g']
1;552fb2b5c6046ba061f6ade4244bfa87795c1600fa09cb20bfa952e68ed8aa16;['bc1p7jtase8l0ffpy4ay8szsf5gdmemkl27aycvy8qpnaz4e0suad3hqnev63x']
1;4d8fe15bd9c5f793d6e9d93d3882a9bcc1e904d75e3b4132e9d7e87d5aa5df09;['bc1pprrtnn4hvtth4ssj9lca9yqzulmmlxej2h6hxl65xf27989t2qvq2nzj0p']
1;d0f64382343e9006cc32a005450e61c5d693fadd41acd155ead4220db1b05b97;['bc1pjdxx3ddqy9qcsfcle5pk55n6qy88jqya2wpn2v6rsh8qwu4xs5fsxrj0z9']
1;e906241dfc3c192e8de17dec1938bcfccb6451b2e924aca8784dfd07b4ff6e19;['bc1p6esdhhjdurztz3s892nx4uha8tenjcmnwflpwcc3rwcdqsxukwxqm3xrfc']
1;1a5fa675df7207412216e74284158f81aef69cac4ff5088da2906cbc0411d7bd;['bc1pyej0cr37fttneyqslfag94gx87x42mk8kdmy770exmtg43ux5jrqkk0d4d']
1;a2eafb08dee8ac385b8754c108c7b5b17dbd3c4bcddcc3dabdd1493d345f4988;['bc1p5j0m5zg7xukvyc6ykyrtmd9mult6xlyrdndspvll4yq8s006y99qt5lhel']
1;98e8f442d4f6eed006420291eefc348783ecb074a8807b599917fcc5163efff1;['bc1pg927qu2wv3v070rxvchqmfy0td5glzhj0xsjmjg574htepmk9k6qjnw2es']
1;74a713dfcb3a1be78ff63dba68fa36b6f2e5d250a2b3fac95faaa7c7f9dab300;['bc1p7d4lacqgd26ygcz70qk67qac7zafvet48cy442a9sh6xysjttf2s2l7vdz']
1;fb19748cdc9c014f489aaf7f5cbea9bbf9ff3322f5347a5921a887bff7aadfd1;['bc1pnlvy03vyx4epq6cw585mv5r4em7vrlacw2dfdcvyd24ayejejhlsg02606']
1;a0a93000855f3880ed0bf54ce3799405f127c19f244b8bb3ceb30c0cfeb8eba1;['bc1ph0zq5yfd24ckkvdjxhtuj933v89rcvcl8t9y8mzcd0uw7fggsn9s63mvh2']
1;36e92660054aefcc39a7f76b040908ab1ff37fe4fa223d832ca0ee2b3c54ef07;['bc1p93ukaes7829vg8f5d627lkn9q88qdfevwtl780mn3pwcjztuux0smj5wzx']
1;f8b0756d6cfb4b38fc26a93580504c7357fdd4679cf571880b45975d26c03a4c;['bc1psklngp8nh0em7vta74r28uygva2l9w6maq3n5xcyyv8smkw0sk4seqak4z']
1;23434e97999f8c38a89edd46a4fcba7bcfeb9c4510e93429e5dc2f05ea7d3f60;['bc1pf0sg28lynlzf74nzulp066s5lns564c00xkwlmj97wjkl9ltnkhq9r27zt']
1;9b56e1bab85fc8c1d7f2904d7f235d32566ff217cf8440fc1a0df2bcba15a905;['bc1pawwmflvn5sc3d2zmtvk0zfeu3nmklj7vxama4w8hk3fpzufj0pvq0a8a79']
1;efbbdadc53fa125fa44e1482e66e10b259e37e79a70e58d4508902b4e283a31d;['bc1pfhtpvpw42w8pctasvyguzqmyfs4kujt8mjtdevxcn0vv8v20sm9s7usdtv']
1;9591391ce42a5c5bafba63abab22d63831c349bfcc793ebfee69470306f2d014;['bc1p8rwp40un9zzhwkmf6t7l5jyhp5gmv2ry323m4swtffz882vkn80ql28mlt']
1;30891fbf2cb3fb1a47e2758a18671c8668b10cfea606493a90c06182c02307f1;['bc1p2aukdjchl09m7tslx0yk08mxdg4dfxy7409vkv2g90wmurst2dlq3v4frr']
1;46bb8f1f6daab55d28a6956c85be933137ba462e614a5f52e85e9fa977c8360c;['bc1p2rsttnxh325m7wh4k4n6dexecmpetc8v6nx8xasgh6ucv9mk3vksuj90fj']
1;ae0d58e1ffe765356fc0fee1b377db00514725dec3c0194bb6d7adbe597b93bc;['bc1pxdnzxj7hsvlh2mt5jmawuml7dslqcy4lv3ah662dcnpmq737e2ysx8uy7t']
1;b697cd96260058586233552dfe9f40ea7a790b3f463d7026cabfe69601ad3ceb;['bc1pfaeemzc2wv05q4l2f5p6clk7sxrcsj7rp630q80skuktqrr0jglqnayts0']
1;54f39d708104547e4713d5608bf0abce85d04ba14baa321987b1a6108609ffc1;['bc1psc3rg8avreehtp4nlwrplvux2x4l8wt5gqn6vh307ul8k35vh24seh3jsu']
1;380161594fd080a880c090678aea3017d3dd1aa36e8404e7a83a053338c67ecf;['bc1p8s8l6evdch4555pxft2p5r69h5sc54m6e86f5998aeslyjv8j54sccu4uv']
1;71ef733e274f4680fe8ce1905b0f0ff6ee394dc1654b7b4f9e3d72f98aaa173a;['bc1phr4q8hxlk6k4d8fsszv2rqfqd2nf9dgrygafgjuv6w59latfycqsvwzgkv']
1;ee87e2a45d3c6453ae6acfd5d5ef5662f35fe5be9600f2bebb648b8f8b8e5b83;['bc1pn5xwchl3s8pvm5rn8tng6jthw9rwr4jhkxe3875actvlg96k8a6qx9uc4s']
1;798cfbebebef256b64f4b3bfc5c5e2733134604ef307073208ef400f1883c03c;['bc1pytah0sdh4w2meyy92vj5lvms654zpndkjsf0mnenxv8n8rg40ljsy28chd']
1;4227f36a6685841fc709e6aaa420b9ebf9c71e4a1f9ff4eb7205308e9154bb3f;['bc1pvq0r86vudkyxzjpm4mrmjtnjqlqmy0q22flrulf66vnsg2vmzalqzdug0h']
1;36496da3f4bcf1dbae9d9d2a376d6ee5386ac287970c38739f8c686d77908a42;['bc1p47022kraayjcyn3h7yv4ers3h4u92ta55hz2g7968awad7dgsduqap4s79']
1;ce8199dbd4a240728cf028926cdc1a304993a8061709755c32690953ae93cbdd;['bc1pps0keng8mlfdpez4tuxxvnnjswa6lnq96pk46nynp4hrwx9g262skth48t']
1;7c0c013630a303f160944c765357cebf39fd36be4d17f12d243f137d55b3dc22;['bc1pg7g3kkpsg852f3tfvaepau59tlj7ykalygx27k3a7mqgavuy6gns2qafqf']
1;be7443d7f6f94e4a6479be69b78fd76897071c81b3b4a51f8c1dd2afc72c6716;['bc1pa0kzwq5rnc47mzhwg56hqh5xy8t5k7qk9n3vd9v6533qw32wgzvss6ys72']
1;e807c335b49d22d38a409ac0f547a816f78f3c647cf9016de7072d686cae4dd0;['bc1pfl66084r4vn3rz9n3d47vn36d8epvnckv5djfxumv965dn32wkrs706cy4']
1;cfba119f64496972ed71dd3a2a46bb576f8a7602a5f103458f9f2f68cc07170e;['bc1pvux8m839y6zenqdmt3c87wqr9gmjrg7vj2m4qx9ukflhgpyxhz4sf0e0ne']
1;e51d7954ae3c484a32e5020a10b1b999bfc7c4e149c66a8447c6df5d87bd55c9;['bc1pf6x6gx7xkzjw0ff9np49qd60ljy9wtdlzl7hx44r3hxx7vq2f7jsz8t9gn']
1;58c5c4f8aa822f9139856fa26f08e1a66777c0902f4598a98c93b38503112abf;['bc1p49rmm395hmsfv68f0gguwcxd9rrftzsy68f869jmynrt20qgwasqr5avvp']
1;6052453c5a0d424ab5ff13f1346a86ceac8db344a0433387dfff0d38b003174e;['bc1padne8u0xe40sk5yf0wxd7gfzxfa2j6j0snkwtkn0scrvududtfrs7suzlv']
1;c53666c824d73496aab8e6ec624d71b8bdbd2ed8675b95b1fe42eba82f0bf2c9;['bc1p2luqq0apawsaj9ldmzwlekdvascrfkggdycpaa8rx8ep09lwwx8sucjvds']
1;b1ce6833d160b5fba2f5e9c6022bdddf6a12bca5f928f8c371b7e432b11e4ce1;['bc1phjdv03wxu3cyt58p6n09vezrcjftw4hef68nvvzcpkyh39vmpkwqysmjyh']
1;d64b94d9d384b95e68f7146f8ca94caed4fb15bac87b3364a61fd58ef3b55cb0;['bc1pu3gt5y3vrv6a3jkvry5wcejn9dtspw8esv3nt9hxxepm6n6thtjsrgzxp8']
1;e680ee743b83e9010e140102dc7cd70e51196d08ea362bab255949477702f1d0;['bc1pkp3cw07pnx9d33g40h9um7s9czse6mhdf9hqx23j5aqguhay4eus99g5vr']
1;34f22af8bbdb62b4ad3835388f6fcc94598cc067787e20f28ceff63ea70ca890;['bc1p6jhz47enu78yrkay5hhr2w33df46j0sp9l8mr7ad36ypdttqm5lsqh7au7']
1;73c05fc73d4180c01cd5c25107e4be3a5315e9d04173c7ebcfc03be4957aea28;['bc1ppf43wcuh0p4umcw39223vgpzsty8y94mc5r3znsaredk8nt6h4pqaqc5gt']
1;d58bd6a0ced976fd223072f3a0b6dd6c5b434ab57cb47092a34d1e9776b6f36d;['bc1prr0fd6nzqjxd6sfdwje3q8wy4mg3n3qnpl96mjd77hys7slh9ccquqezj0']
1;ac8825360ac6ed9feecb6e1e9f1dccc93ae4ef51ae7d706f5aafa59bf8e63dca;['bc1p23qz5g0vh0hrpsvyl2c5n0qwluun34wup90u42p5k2gzzvm7yhws760llc']
1;9cd3f1009b9eeb09ebc9c8edc0bd370d5a87f764597c07510e40182a3aeef46c;['bc1ptd2a4suz4tstu4zp06ltm580rxk78fsw2f8mgdu3kp5s98u6vaqqpcmlck']
1;ca45ad01b59b79e0fb999400800b7b63d400b4cfaad01c9fe6defd0e93e4a8ae;['bc1p5524dk3pguqe730eftgw7y0mjrqs8tu6gsstqtg4td3sf9z85dvq3mwqd8']
1;5ee4ca1d2a0e51fe37b32e2d45380a9e607f2dff203c0b63d69da5ee4a02c9ac;['bc1pcdlr24xsh68myx8vd0wz0sgu6h4c5zfka78pthdhvnckve2tgacsane4hs']
1;5fe1977d1702eb94eb445623ec79a2a8ccf4f580e4482eeb2bd6f7cf88628a90;['bc1pqtm9k3a5wcvlnq7dduxa0umur0wzkyyn4v5jr8h8ewqaahhdgw2qwv0uqk']
1;6267832073a4867c9f630d6ff32c6605b2f40a87908912e5f7ab4e560d3eaab8;['bc1px75j96ed9hptyx5u7hf2vhkqzq4qerugp6c250rekudjanc27l4s7ege50']
1;bd6ba96129b7a2f2b276497a21e58bffbb7a6137683e502e225ea1473946555c;['bc1pjr5qxt84h6f48t0wxsfekzr5eggrkv0hzrpjy6lwtlxfjxjdp05s8s3tcn']
1;02311203209b6fa8e914120bf46d25b611cdbf6eae70dfd27b83e01b0231e94e;['bc1p3eut59c5jkzr84euy4txgkyaujf6p2f9hr438ks6mxux3ghp84lskcra50']
1;2a8e45e71dc731ba55c4710607f92dccc264461fe020716128a697435ab3dd98;['bc1pqu9kjkcg3v7mkvr5rgej7lrkvz0pp0zn29jtud2da7z5548fdm8q4fkjld']
1;b7c5f2f5ccd037c9fa7e564c4a34e0d44775a4250821bebbf6ca3590e27b6acc;['bc1pwf0ss3epukurj9pdnvpafglpcrnx02vr7pmapryvuhfkhnkzvvgsx9q7m3']
1;5fd52531049bc6e8f07971d2f574a5928a878c44bdf6c35fc643d525121cbf06;['bc1puyjjd8j9pwyhfuvzt8lt6ytkqgytn238vturyc33cydn54f32ytqkah3sq']
1;a7b0f84d01980ffd6d54e71a6be1628812ff0eed980a363ffe2db5b195880617;['bc1p0ltcyxw5smfws9wjnu72p2jhaw20r9kr5nxvn5v0du60tt3qjsmqag8r69']
1;9e57244a81e1b4dbf2d5f9a38cc08e4275ab388a0677f484cd4f46baf0f55519;['bc1pn20mwsxyq8xlvamtd934fzqyy4fty74cvj2eyf6mzx75ypq8hk7qrtdq35']
1;b013eab133dc48ddfc1be59fbdffbb5a0c4dd73bee768c448d184652750cee01;['bc1pj0tth7wexa0gztdklp2lenzvsq9wncs9yq5xmp928tqg8dq9tc3qyt07yz']
1;58820ffc4dc6c2b875772bbed2df7325a5657c7b1c9a626e0722088f4cacfa0a;['bc1p3v8d53d647uexug2mpw0hnasym0kc4pvavq3w928enpzdj8tdq8qdyfg45']
1;c058b7e72112c20d7637bae9ea028d160dcd6f3425fe7d83e0b3ea77b9d9f613;['bc1pkknx6tsddegmlhkgae3rcfcjxalz5qm8ctmaezmuzmu3v3lqnhsskj8xz2']
1;917abfa09ba1d69448115814f1cca66018bb4706897f40b1d704af1349db3be4;['bc1p7guhhthfm4hygej3hu96692nu0thh8qmea0ekdfcdnrteymyy9aqnymllu']
1;046c0860abaed218da02e8bf37df8d644e0580cda98c24ad025342d1b4018e9b;['bc1p4s76d9uufv76dsr7n0fe5w69xf6r9d9m23hcksk3lnax9fm3rl8q0v7pnw']
1;90096546a0053df4a12825d7593b8fe5cf005b15480729bc68a3dd8a20942653;['bc1pa0mvn84fs6xg8rqwh7vt62kwsd0usk4dj36r5a6krzfydratd6qstjm24c']
1;7b56cb443c0f91434fdb2fb7b184376d3ac76c045b875aca260703d86c068a29;['bc1pw37uu4sf2sy45xe32m9gljzf2acftfwj9cvswarjukvq50wgud6quy086m']
1;79a437fa2da304445a7cd721bc84c78d14d1bb284c3e1503f0d03fc780cd644c;['bc1p4eksnehtv2cw9aspgad8h5ryq7hpkleqhpy6s2cs8awaltc35dfsgd4h45']
1;59633da5af4c1e102d2900f9af1e4b3f5cf10fdbf7fa3ba4f42c9e963c5f04d9;['bc1pk2f4q7y4u9gt2rv8pccmkjphv8dcwtjzh99ppvsy04d0wf3rg0yqdsk66a']
1;804a780313555fe0853cf444499daebb668379b886110b6b60117c0b5badb2ec;['bc1pjven6435u0nqdpnal5c2f2tprgsaste0emrvx5s90pjcgalcsewsf036wz']
1;30c00b5189f18afc736a40958c89b3a478d69148ba9734428b0c12093d78498a;['bc1pjw4pe773fu2clcev7ctfx7nyt38r2lpgd5ry2kmgqpfc6pa96f2qhg8n43']
1;030fc547901acfaba153059b3b4a2dc66b4a67e18146e5a2bd82ebbfe8eab469;['bc1p3wmhlrkm0y8attvsustzh95jf0jzq85whm5g4fkndx5l872tygdqc6esvj']
1;14439dbe57cc461de1665bc3288a5917d9ea25193e1ae233df6ccebc33d61b17;['bc1pxv45k53quuyzzy7nfx3l73ullj43ujgv4qrcdhsuen3wy2lxzjgqs5p0xr']
1;40d7b7047d130caaf63dc8caf10b766afe72e68d2f5d6d7945082fa571b431e5;['bc1pyj6l92446xpcn04nzgutzawqa3zu4jwdszmmqfdg7lkpmq86ftkse9mup8']
1;511e6554091cfe09f251cd337ba4393cb3ee7ddfd49bf7a44d6dea8bb7e47f23;['bc1pzhly3q9afua7jcv4ja0hj9qpmxzyaztughkhnvq4qh5ly2l5ntlqcq9rhl']
1;baf116c1d66e4bdc638a255e0e68af2ed359041904a65f8ef1c016f1a67dc8f5;['bc1p4llvwaas2ms4etgxclvga4hwc7ljk57498j0j58de8utnlq5drgqajnvc7']
1;db6bfd5b6060b6263eb51cd3fb487b4e729516e33c5de25e77999476eb85b833;['bc1pqsqx32y9te44s4aqzycqw5mld5vkz2h6fv75afjk8zp4hqzruhrqmyryt8']
1;d8961048e7d9b47427504e7c2bf17bf82005b4e99722490f4d37b30384ba8d0a;['bc1paz70tgfu5z7gszart92jphv9da3erunnvvyjm2mkm3jqdfyjjuqsgs53c9']
1;c924964a37b7b8487d9390ec2dd8c5ec9633d662c36716fa38d245f2090fdb3b;['bc1pywp8sg7534fr6rp0u0pgfyxdwjnneaplphy0mzh9yjglyukcglpsjv6ypj']
1;906bd280a6723aff92f914f425274c2ed0b78a8439802a4c6019a539d28196b2;['bc1pqtlufult7jhx2hqxv9eq3l8fns00zfw8uuhjedgkv3lrk6x7zjzs78yat9']
1;c7a0b58458caa3cb694f3a3310637441fed4ff9df602fa0abeadd694d8c4f409;['bc1ppwscq500xst55lef7dukk4a0kt9pvhwypzrhef9540g6gx9tgr9sfkulrh']
1;268d27812fdff446c61fb909fac331c0c70bc4dc9117707ff934f4e5822b2111;['bc1pksj0lkd8ty309dqvs6xklrnxlglxalrxwdy89wjuu6ndr2lucnjqhwd5ng']
1;a7082c788f0db8ee3464a62bc157668d5a506c5e6541e0ea058df9cc7683521e;['bc1ps2ecpqnnyspvn5htqzex0nhauaur7h8gstg6uzhllvqqzzlsf2esfmzerz']
1;e57896b1391a768308bef1b24953cdcc83d9f945573e0b73efd18f64eecb8b61;['bc1p0fqst8rj27jmhnaguv5h9535lvks7mgk2w8njzgx5gqacgf25gks559u4j']
1;f4d420bf6b8d7745233345a6c560b184ab4c69933a288b746970c1e1c0bf2725;['bc1p5dh67xh3kltpyl04hf0ecdcv8mwwv44lstaurxk6sq364ztr9kusar9a5r']
1;9cdb8c74899875eb6c2cac2c7becd7ff21069cc39c66962d07344c2d51054d53;['bc1pmct04tcsk4w3w00dkdrsen68qsprzppvwc4sr7t9qyydjxqc96rqrzfzm8']
1;a098ec8b8add9ec72827767875f3ead07d67864bdd388da45427974621e5bbe1;['bc1pjyp8zt09e9dq7zsy0tsurpvywvvsmwz7v3qnjwv4wkn6nuez7frswpsc6n']
1;1975675dcaabf7bebbefad0b6345f310640a5e71bacf3c9c3b0b2ec1d753b081;['bc1pv9g2uv05p797kqf4tah6xj3nrxyhej8dmg9r87f7g68jwq8wgvuqdgps9d']
1;a95b900c7b8615e5fab25194a590aee7b61610af081899f609b953ec7b7db2d5;['bc1pg8nj9wrlzgjjg2mfxga34hvq440pk4jhgncap46kvu5uu4kh9tqsyl0t3u']
1;6cd537444a8a6abad0f382a63e6c2d13162f88bce481d45ce4b073d0407ed966;['bc1plwf06heq8dfaecj48zafw0tffelnh70tyxymje4tyyturg3g5rhs2url7m']
1;0372c91e2effe997552e63863929a8a736ed2f3e92778ec18dbac22f244dccfd;['bc1pklp2unxkvfwdxj9gl7gqek6cjdpq2gqpjmvngeklz4ec8c5u7ywqnwkfsd']
1;1f5ded6a556aa2d0b56baa1f616ed0ff779829193702eed93064bfb82425e9c1;['bc1pwzdv2ud7ythv04ld3tmlc00trdxqzu58d2cgl6adzvg0pdxwu4ysmefxc9']
1;bf6778265b35e5ceb43ceaf88c17deb901ff77e98e071fea26041ae85ee83a30;['bc1pyfsqpaxz62zhsf43zuvumfheymga4s8m3sjlcyqn932qk8xvr3vqrmlz72']
1;0a9fd3a45e69e924e1327919d40e0be8df110dbc6db7a92d06f5a489a50f05bd;['bc1pdyf4shdxvhznak2q0z3aj5wulh67zgg3rxkyh8ntwxejh4zy7atsxdhc3n']
1;9b88141ab248ba4dcde7adce269f4599565068c86fe97c8573cd7ef7bb6f06a3;['bc1pmlynxzfqs9z7n6wyqwpzdh6p5khfh5vk880rns823mgwl5um290s7fl6tu']
1;794d6a33d6503871cd517cfadbd6b88be7fb419bbd6650cbf27774eb23a68292;['bc1pvyxymkhycmv6xl5vvgwzxt0l4gngajpvnlwc4uc8z7nwjuhjnklqpkrmfe']
1;46e2ecb62ca5f367dc481153ce945570ec05ea4ee45b3ab589ef0fa25f3c7848;['bc1p3lmgeld6er397pgk3e0fj7pk086txjkvj5gu9cxpnmxthjjvg3eshzsw4s']
1;c1e9dcd347f31c1064ad27bef881eca76d7d1810169059f9670370a2b9858993;['bc1ptgl3hvrnepr24l5z3kprhugr2wqtqddttx0ngmh7dtxje5m4vsfshaappm']
1;febb2b70bd1e2c129d778ae92df8cb322eb73047b7ac013ebf77aa7934af167e;['bc1pt7lrzmkz84hac8cfernk4syp2f0afs2jrut4uxsmrxc3r7m2u7ksg80w7w']
1;243e6c26df49c105fe7e2e4d5bc7e7e13da82e7ecfe7ccef762f0f08c3eb16b8;['bc1p6vwjhcz6ysw9mumuml7xcm2enmuk3yaha0z252mhqrsskuetazdqg3k0un']
1;aaaa4173e25bec8462c19b790d8c83bf59c81465d35e07504eed8ae1f20b8983;['bc1p2fyyp2jsmy82qlt0w90l3fhg34xrxyr9r62e5aa278xrstrlyh6slx6emk']
1;dcb6ea0aa84f695cd6e6b01d9d1e1840a22ab0dd6b9c5ac7b5187bbd5bc54398;['bc1pana6nqp3akdvw4zc4u9xyc4vayxlyr7nrs5vw0xv4r9532540tdqh8q58g']
1;d305d9de1a95605acc0f9b15da32f9344288e89864c4250d4c79a47bb2cbad7b;['bc1phy7kguapdm7cx9gha45tnkp92l27rpqy4jc573uvcfg35f34ujcqal70rg']
1;c3a32449b7fdf1dd1e24593f61b9d83e272079a9995c2e76055776e3be5252a6;['bc1pu0qq84nh937pc85jpc3aa0g9x353k5s2n7e8ql5m3mvrvdzalplsz0hdku']
1;3f5879364971717bc0e383ed98e3fe63aa43736b2ca8aa9e665421b5f5b361ab;['bc1ph0maa2p42xvs5a47vfhudz0rwgv9hvdev8eq3c8p9q97znu62yjqrky83e']
1;e1601396a694cffe7c7d3dae5d0a34035e8f8fbf8b7121732c79276fd4751702;['bc1pj8cus7kwf5uqzguan4s5pnzr425k5xcdthr5sh4mwzaqa3fpatysqpwnw6']
1;bf7a60bc4b1fc260b2a4c449598e10135ee080c65ef6050ff96817ce5a85a6e7;['bc1psm4kcqnwzgdy4c2jragpw3nmxlap4vg77pjkj3gef20wht404rcstrmt49']
1;c77c1c059c896f514029f05e077d43d22f783fae3194abcf2482c2541c5e3727;['bc1p9w6ykmc4wl67556xvcegf7r05zht343zxwecst79y3sz252amtls3a44dy']
1;d386ee883a3d6668cd38b048e6f3f99d6e9ce4fa7b5f1b9f9a1444f5e53159f3;['bc1p9qhw3c25wzhw2n7h4euq8ctyclf7ptyvm0qaxe6jrmdxgd2ch0qql7srk4']
1;1f4301eb3189723067f94a6d336f363419095719c85fed44f482df4c4b668452;['bc1pftawd63avh37af0rfe9gsjspfpf5lz28ewd728mv9qk6sqfg453sfaznqn']
1;bd20387b7ff2396f4a1acae08f6f65a5c6fcd495ad90c0e1228010b47055da54;['bc1p29yq0d85ezrjmfdk347shsdk6rmtk9t58ekkekdzq6vultjff5zsduwf6w']
1;0674ec62ab94b476a0317c1fbaac545ba225594fab0e0a901c149d861c2000af;['bc1pag6v0x02aed25hy7nh7v0dqn5zc5mr3fgethpez08agl535hzjzqjq55v5']
1;256924ac9845629b7121e73742bed71cf457ebebed0aeefb906cace63e1aabee;['bc1pag483uvygls53n2s6kx6pue9679y9k8njr5qvt0p6vflrc9m6rmsy38sfa']
1;b3ffa748c913ba64a85af4d4c8c0152a4b47d3f58dc11a0dd7a5392c7a7f3051;['bc1pmyzr0u0sqy7ck56x0l0n4mkmxv40nvm4n2mw58angace0hjqzdts2g88j4']
1;153ae107a8f8b7cc1ecd9f26716a5ac149baf83b06674048446c19c75b8c68b7;['bc1p3ur36qxdgxwxp50r4tga7huzdzv8dfw92lhagvp2zfq35epkp5gsxmywaj']
1;c8fd6f180d55038c0967a7e08ec8fabc15881a936c3444a359fd80cc6262b65c;['bc1pvrj8vzjm9uvd8dscpyj2uuheufnpdh40hck666xw9ldnq6ucfmkq570sxq']
1;6bdbbe0a416c18740c65ae9e59cf93bb52dce90f07e13af350c7284619c144cf;['bc1p50dv2hvnum2gghf2nnh3ngkzux8az5q6tzrvld9lgnz6t4ejhvlsclaffe']
1;1c6d47e6899f3906eeba3a9a7a6a7a66447cbb4f7ae319c551e573c612cd8df9;['bc1pw5n84m2u286qv5j0nszulgyalfjrt28a9qxd2xn4lc26f4tcqd8q2u6frf']
1;836a9fe3f73fcc5825b28420868dd7004ab572464640b166737a7b12698611bb;['bc1pxdgw7qzj9z6yql4gdeuldk5eg43hvhjwzg47uuhmupvzyldu3ylst788jq']
1;a98d1410b654510dc9d31b5748abcd773a94738281633d757ab056bcbe2d727e;['bc1p473n3mcajjcexz3wtpv4qnp4fdhtwnzc8259p0z7zks8xm2rkglq70vsst']
1;71878c6263760530ecc5a5e7bef597620ae20c862729ebfedce41222c4d6b37f;['bc1perfqnffm5wqzg9eqf99cceeyayqdhp49k6chc97r8c2un7et8qlqyhq387']
1;2cf6161213e9e5e0087172bc8b409736165075f9da36c43e328fff1bb7ea7405;['bc1pfdeahn5304shtntecz46d8sepk79nw6smpe2auyt375grxslk2cs8yl9m5']
1;f0410d96a8102fb4d9f5db934f0351d105d9755fa3982eda4b40d37759803618;['bc1p9cl3hajy436c929mmppky8av6nhgy0fmxrw583sn6mevntr97gesw4ujqu']
1;cc2c86611a51dea50b948caa31e103212d1da3d29420530cac43e8a60d84b850;['bc1prm0slnnycvu20c0trs4cvjcpuswuae3773jetfjafj5g5x7ppnfqswpavv']
1;f1ad1ae9d73ed4a96c889272b1f45776284fd35c003f5b7847280a6adadc4988;['bc1pxgz5dwfldz6es6vaddt50zzse7p6u3427qk2e0e9679a9d8a56vqz6722e']
1;4c8f5e465593823a3bbf1f99ebb9743da466ab3b77432f49b3d4aff31dc3cfdc;['bc1p5duty89vh6r29nhfzlzw7pqx2sty0xv42x9dwwf69x6t72pcl7asusa8xs']
1;0128a1d98bf16fca74f074290c19e23d66b98df2e7d4c0fc2e65c3aa0d8ce423;['bc1pqn630fkucyz0t0sl266u2w82vvnv3lsjj5r8p6vau0al9klutetqt2e856']
1;798045e762dfd4cb02e43aebe7ead509656bee51a4a14fea6a49900298a730dc;['bc1phh4t8lhcpg79d6lnrf2t7rfd7hzfs88ppv96s59czfsfl46rrwss3ez7e0']
1;0a61b608020bb6b3abcace51d222690e5653e9c762bb9289fc043fbec92619a4;['bc1p5p5drwgm7pqd0ngyu3z9455dpqmmgzwag6gwv5ghm5rlkhm7uevq42j6vz']
1;2e30e3263e9e9ebed57903f169790297f6d521742be387f0b88fe752023c6fc6;['bc1pgltlamwruqr43h5maxeyysc679j6q7rz53gap0n6c4z93krngt3q2kky9e']
1;51526df98bd31905c5664d1d3aeef115359635aa599ee6bdce9370dad54624f1;['bc1p956zs4pra048qa7yzrd6tl9mr9ft49rxthfzmp4dy29pek0246ps9z2wfj']
1;283e891be654cdedfa255c9b9ad646e7f85e87c8805c511bd60bad5477ebf296;['bc1pc97kjkl2ekx97pm9crd5vlvqfqag90fv6r8uw6qnqzpw4fkt8pfqmsc6ln']
1;7f3ab0f3f7d9fdaf7c99fb09e2ed6d77692c114b4893167d0cbf50eb495f8b19;['bc1psh8tv8ay2x0suxrhyxjnmzv9x2jenvplam38jdppwtupfwllx03qqnxq9g']
1;1ff8a75e631678f09e0e3e556c83da324626dab40c25c8d67784a7d4da844596;['bc1pndrn639q75nwwvfp8gg2wx6ddl9rr8jg6g95x3f34ckylpc7ecssk4u9y3']
1;60697e876234a8587f6b41dfa604f503ef05cc4268f664dae14127814bae22dd;['bc1pgjqu82e3vtsuv5lph0ruqfqkc2a8f0kjjjxfmaxx80z2c97rdzvqwugnd0']
1;27b83eafee7f86155be0c7bf8f3faf2b9d1b6fad59e8ecc8a3b008b2334d5a8e;['bc1pnvy0ql082xq5y0nk8wpx58y9qqvl89xxtjspcfvqklagek5cjajs4dedhc']
1;1568a8a6bdaab1d2505675a02fdd7ec97e0bd5fdcba6b09a0ccb17419dfd28b9;['bc1p9gccjsxv2s4xfsdtd25qxyjl0w7yhs7ksnetwmzmn685jenm2vhqspp4re']
1;6290a2dace067f76550ef29f6f1cc72641d1db33d0ebaf5ecb091abc76ffbeb6;['bc1p5yrxftalkxxtcc8pwxhpqtlaexk2ht8v8qj2t6y4smqqftfwg5fqd30vwn']
1;b347cdbebe22adf8401c00fa0db042a9f9493ec7773954967ed31602acbeaf55;['bc1pa9f9k705du5tpywulxq7tt9cjfaquhtzt7tmxwf4ra7tawn0yx8qtngnxs']
1;f364f6d9c5250c33de913b1a0387c0fd0f093df907868a63a1a4c77a64ccc208;['bc1p465vfwr5nr84pqqydl456leyst6nh3tp2lsf8j3a9urfztdmxecqn67e2v']
1;a08e2200572952003ea840b50e08208bfebbc8edc1d678cf51b2a959ff0c4678;['bc1p572pnsgdkw0weyr9ea7yxnwzslpzwxe3wv03gsd34ztxpwdwxfnqsnhpx6']
1;628b904c2bc0a0188cf37c359de80978bc6ed88298490a53e8cda170f6ddf945;['bc1pjtkr5d2fmuflqy2gcwngw8wxkt0v73gg306eucxt928p0hde78hswsaauj']
1;acedc025e5cd5c7c0617db1ddcace99caf5baebe480bf85ac40b7aa657f4b6c6;['bc1pfusq4ry6ntu0ne7qfktgrxa0dedmwke4kr2a0chv9uyquhjk2awq0h5km9']
1;1fcb5b655739d9a2db68489cbe9839f691a25c822a725caaff02cc1684791361;['bc1pplc65spm00hzxv9vnex954sxjckxtt5tvm9jdmqyucf9s8muzz3s949xuq']
1;58989630dfdcaed428aea5b104dfca5a0288b67c9916aab310b2a3f63248ad89;['bc1pd9a773qhva3hd3fmprd7mppcn2ufjq30arq95zpmk44gehdvfwls3hswcs']
1;140ab432592eeed691a03b89bbf380ebdc5539462c3ff5f28eb8647eb2c68ab7;['bc1p2rrjp8x569w7gr3e9r6g0rfu9lu6xkrpuy7d8tct2eqs2gq8509sn86knr']
1;e81e1af933f2b2c0c5729995af04a11e5177dafa4596dddffab13952ca38c1f5;['bc1pq34yqrauax78a6gqc604d3vkndwznqtwh8yqskrzlk4cxz32npjqvdg8k0']
1;6056383b693b5cdc007839ffc09724059d481a3ccedd49a01fab307224641bcf;['bc1ptctwhj8unfju97z246y2ah8chypmtwq9fuvvvlk6qp3w550sr80qkft7gx']
1;ad9634a4dde7b10fba908316406b32d2b166b8422fa8e3c36e8de2f4c69047ac;['bc1p3ztgdw4ftdz8yn7d6nhs9tu3dljrnecw75ly344julsd2vdwh0nqwlj4yg']
1;d5d0fd78fba8f088cdde31d8e212ea6536e9d7639eec05d29bd258f79e215789;['bc1puv6te52g2w9u5ydwxd2tqwrpay0wrtthug09kvjn4nff6gssh8as0wm4na']
1;0f3a6cc92b958dae5602654c922052edd87e0175fc83d38d6cb34c062f95fd71;['bc1pjw9ltepjaddf9we9erl9qpwzyefx4ve6mf4tkaypdvjqf6r50fvquw4cdq']
1;c7df2a89b242d8b353fa6ec1c30e8bba3922248e0b0f2049b667ade4f6d5000c;['bc1p930pre7lf3trcwh428cyf222f2s84g65n0scepe8q08pctphahlqstvczp']
1;cd65364b5ead61a9e95616dbd9f172869fa51692e200c2b99d49e91b32d99d2f;['bc1p5wdwccgg08g929zgg0k3vpucqtkahs3x5wtlzw9j2j49m05frxkqqv5d3c']
1;9299b7fc3507be0dffe8e4045828b44ec524b495253a17e8e7db2ba5ac11e917;['bc1pzyxc5pte3fajs5l48hjzexxc77axdq80ava8t88g8fls0mvqt3hqwc605y']
1;0a1fe76f319fb2f48ef3e6e9b6b4a576d63b81183d85d117bd7a65b025f54ec1;['bc1p2t37r64rfk73uqvukf2kuy6z88kexd2l34n86683qkqtd0v0m6pscxm5f4']
1;972b0095cd66023a1bddd2afcd2dd042b2d70bde78173ee7584f3ecd3f932231;['bc1p6mp7qz24le6a48d2c6u8pg0fljrayzuul6tpg84fthqah4u8f9wsj4w65x']
1;a21065d1a2bfa2834e43fdd5ec5b89dce2b13ddba0639358807fbdee4b9c32a6;['bc1pps6h4fm0lvylyerfhs0mv292fhdt3sku5gf64n90707uxl64r2xsue7tsd']
1;af74e6e9cd744964df8d3e51dcbec07f3d7b4b642cd3c5701ce24f73a8fd5aeb;['bc1pepx54ef4mt4pqxzcs2dlvdq7y8sumzrcauv3u0rzwq6ev77v4mgs2j9kmu']
1;d5cc6d1aff9a9d3d80dedac8498137cd97018ce444723f9864efddcb8b6c77e6;['bc1p44k57lsvfhlfw92cjtaez08fpkf28j8ud42tpyy9hknvul37nghsap6e9t']
1;c1398b4c820591457b2d6c2d8fe27317f27b9bad95cc08711f6c8a1aa5512eee;['bc1qmlr5ars6nlu9r0kmr0tcjg2h228mq7heq3fhmz']
1;c267f678d1964b7f569bafccf05cf10b22656361eb357a6518acb970bfcd4df3;['bc1pe7ug9hgt5hlrfpc4vfygj7qzgxchrt5sr5gdznp8mlasfgfw799suckfyk']
1;333dae99bed2e26c8ce300051e01998d29534bdd2fcd8a1b398c889d4ff2243a;['bc1pv9t4glxp0sh4m0r28v0cnctz5y3hmulrw736pnc6929rj228pl6s3dpp87']
1;94475bb8d014f4969c157516b4e1f81f077ce6e3faa08f01f8041fa40516bf8a;['bc1p4g3jntn68cuntq2wcm677p8fex3hj0nuev0ug9vxyjfmf2tfw5cs9hvn4n']
1;a80579b6aa0c926e53c8eca8d9a1eede2ce610c28dcf390958a7cdb5cd28612d;['bc1p5kpldeq9gwlpp3xvssy8grxfsgew5m5jyyevenr9t46d7ympjj4smvlxj8']
1;8ccc12198a8e6b582dc7c3b3b5f8beacbba1fc8103513b6a406e72fb080a5343;['bc1pvm0va3zxf5wadm92zyp45xcsz6k6m3fvy5lyhpp5jl9vzt8zhgcqnl05gu']
1;88505d228425914cab2f7f0642e09e817fd1bb2e45023e0507b0ebb275e5ccf7;['bc1p6z36z4g8sqw8n0zu5d99x25ypjef65ldymhpkn6k3swaga28rtqq6zffrj']
1;65e779b96edb4f99c1999085b395d552c882cc64513b701e472ff5b1f55a18ad;['bc1pnqd97gzdz4rpp9vltz6ppaf5v8cguxuflms9pfyntj4xzk78ykzq85jtu5']
1;85af687352217c6b38861dfb0ed65aa410ff4b191b6d31e8f969ffb84f067572;['bc1pzd5vsz0fdavsps745f3x8sye9whjw9c439ye6pe26hf27vmq8cls5lfhvw']
1;e16b4b46ed61e4bb2d302f96d020a1601278a48761f1c00ab0eadc7a2eb07102;['bc1pu5djpzpjnqhnxswerevq93f0he76m9jrfxqn95max9t335mcttxs2untva']
1;170ff1087beba61b0c0186d13962138d863831dab918ea19d27cf3f81f504ed0;['bc1ppcvahuvmvruxtf0dmdr5zpuhzmsd3qlcldrkrln0vk0048yclweqf8t8n4']
1;ae038e0e9e286104f35e36469836dbc8d1e110224ac2fed3bc895feeaae1c1e5;['bc1pnf6gg3ylcuf8dahvx36987mgskn9tcmjjc528rpjc6kh30dqfy2sm7gv57']
1;96770171cd0ccd0c9b6a406e28b3d653892648c090994d15eed985143383fe1a;['bc1px68j45zfwaa7yylrju60j9e550h3dk2zrsmvr3ve48krjgkwxwjs47kt6e']
1;31175a23b545fd265849c4c3cdb30fefb54a47d7775f13b0c8d24bbb9259714e;['bc1prrh0shqjrf6dfv3htmaywmd9k9zwd28u4uuysd97te84llwsfvaq48kqlm']
1;138cfe184cc7bda1db73f632b22d971b8af028e8cec8ef92dcadf33d424554ce;['bc1pckd8p69vay5wzqqs7cfcyuxxuux89xpzz96xh5t5l06e7sj6tm4qay9sk9']
1;86a70355d150b7c6e952f9a0833afcb03f289585c9be91c29bc58be930576cd3;['bc1pqpcf0xmv7kgmk8fh85w28dksqrshky6gfrsv59ksk8kncgwv253q8j25nx']
1;c5f15dca942145a28b1e589fd9eafc93aa52094e4a741d2e2ea533f354ba4dd6;['bc1ps02ea8td05vtupj5z9w6am97ahdrh67vdt4a5n0m52zkgjftakzsjdtukm']
1;b630a3fd1af6c5d10c9ff4ee9c327cd6893f54cdefe0b05cc3b04f95fc5154d9;['bc1pnmed09y3lzc3k3azeq0d9yt7jp7ke2jh5kljfj9dweduugwtkmlsf3adl6']
1;f5518e849336a35c8c0297707a06b53c2d0ac536620c09434a026ad19cdf36c0;['bc1pzf7jvw4szprqlyadhdxy6l008gcd6zm0srx8pzra2wcy0769aagq2pcdmz']
1;f5cafc082b90d770cdffe69e22d4b4ef6bb9c690c3ad712438286e5a96a160c4;['bc1paaf2kl9qxsuq4juurm3aatnt6lh4yw9e555mt8866w4x62ve5casxnd7hd']
1;68af0a1bb108ebdc5c6d7d1e5d9115070f501edd7ac19c3cffe4d921617e72d9;['bc1pj89hgax36q6qenw4pzzacp8zlxvmzuty0qrchtujlq05xk6yknnsz8jfgz']
1;62a24977996013c5dec9fbffd871d3a334368038f5c1bcf018170f172f029274;['bc1p0shw6g0j4hnhd87rqjqrcxh8mzrnty2wl4g5sn9ku4asv6zt56asxudv54']
1;542218f35e9a13484b7f7f94b4e9331b843272f21779fab802e172312dfa1744;['bc1pvw6sue03pkt4qpf3g6mjmzppq8dr9g23drd38qeckrdg26lugutqc8tz30']
1;1d43dbcba911e1af9ac3b9a1e7edc8f668693d7f59886734cc02adcfc88a28ba;['bc1ptv3gnqmyc0xu4n3y85p4hrgq4u558hg8sds05l2a8av233fp9muszf33y0']
1;017d342c52db334fb6f4485ceb29e548c53baeb72d7c1043cbf235d000904bbb;['bc1pw6l8ylyx4xa5yhcdc0cenfy4zddj2hgzl694mtr0myzm5weqt8aqtr5lfn']
1;01ea74798742152cf4f44a2c8b136d3b8d3dff0e93ca5e028360ca7905826393;['bc1p2mtxka32ps3xukfu47x2qnvxwp7zl6hsghns894a8a2h6kltxztqvxaa52']
1;356be14d5b12f8762fd3c0e969d4e4de593af4a1a505830bc2d14f87e10ae1bc;['bc1pfd7k7c8plukd9z7ax9gjujwwxslv6fzstcx4dhldkk8naz8lkm5saevshk']
1;9edec7982110e3a005e35b1a9db23f6a305665d328e4bd541adc2e327e6c467a;['bc1p75u2kvhgvjuunuf8f90awzkhhwa6crt9dv0dnh44kuhuctesehhseehu2v']
1;6b279df17db39d86bf02b157a9580540f4132ae8326e031a3d1effe69ea54305;['bc1p2y5rfr4ggjcyzctytxp5u354hh7d5ny7xjd7s72gqldj0ff2q6uqqgew66']
1;24c52fa2ad654ad8040317ecb4440dc2c84cee790db9291b8783e6e240845dc9;['bc1p39urj0p022xq6jhns6424pt9v8c3l88frs9jn04uw26qea2s02lqjrs3yk']
1;26fc8a41bbcaf9090530bf6c6b2ec4fe9211b447ce1cdea73610c5f4079b3e50;['bc1plstn9t0hyy0cefkkgavx4u3wk3aq8vyknxu3jfannewfrwf7n48syll4rf']
1;87b5f4429756a8ac971b00b9dd79f66d515a308fec5cacd4ecb19b7f323e97a8;['bc1pykz6hafm4trqh9fj7kkcag020u9wct9cck3lswuwn7s6aw0lf59qv5vh8e']
1;50dca71ce85153981d8c5403f9413f43c351037e3d6af24047fb4789856d55a3;['bc1pf7eza2zgywfdyhmmgyrsaw2ag5ecjp9a9rcx2xgevuvyjc4nasmsurwlx3']
1;5d101c5a8ac827a3707512e4767ecf7e70b4a837ccbfa20b2fbd963367cf08a5;['bc1p0ushfqlkh49s64u8mxkkwwrrm4lllzfadffhphek0z5w4a5av9gsv3mspq']
