1;21deddc64a8c78864808accf5fdd4c2791e4dc2ef0dd94d3b4eea5bdb14857ff;['bc1ph4lv3amrh9whz7yxxcd6gqkg4px5jmlmdtdk8m74drlypkuzfa0s50pccx']
1;17d7f896f6c5e302f64c9312d2eced35387cf37f384a436d0b91890a64b064b6;['bc1pv8wgf4hywdgxngxjypr00ptn2wqus3q2f4e6qdjj7jywe3hxha6sp3jkw0']
1;118aa571345462cdef9a2734dfed65a9e5511cdbbd03937d332aa1aa43840bcf;['bc1pqtmlezjjt48vngp690fsxg5qphj7jyqle52z6xk8j8letmvyp6fqxe6ku2']
1;58e030872a706a7b4505567ae7baf9ac2b6b849c989d2fa82d5ecc80274255df;['bc1pmgrq29kt3f9wdq5mz3dtedlh7g6cezmr3yz9cvm05rfu9azzcc3slzvhm8']
1;9aeee8dbca259333ea26f10d13e204b956a21f641904e7b8a04fc2e3b500cb90;['bc1p3ly55tnrdu4jl6mssjx079cw02dn6zrp2krn8wzek6rdl93d2k4qfevnm0']
1;6a37b053c2e34174f795d0b9a7f53dbaee295e009b19077fbe00f5dcf3668e20;['bc1pvmt92nkczeywugkx8zv8ejjmja3wcenxd3pfycmv9v3ntwdcr3qs0y39p7']
1;80be398c64d9a6aa37fc3d6462e34838c602abeee39cfbf97c69f349b97ca95d;['bc1p9r3pejufjtk65kewepxcdvvcmpmn6qjgyrzes3fvmz4q8rcgytkqrq60yc']
1;23fe7ac1e5ff4d5fbfeb5f1a98aec0d1cb0327022e25d7564ec25274a41aa2ef;['bc1p00d6w08rjw82v2wyhzcqj944ju8wdjy6y4e7q6ryc7hk3m50l3ys2u8p0a']
1;fa5f455e2a92dfc12da835402d042b4719c4dde06798e9a120d918d91fc95911;['bc1pmu0t9e2zp5gjvqz4k8arxvw3uekq28y7csvgcucutvlruegmzqvsgdeq30']
1;bbc497b7060f9553900b03e1f0bb08fc2dcc943b89a2c945187d480b66ed5c0c;['bc1p4gqpsx6gw04q66jq8ywrqdmhc28zfhv6x2gk2mftx546fvxeq3tq9zynre']
1;4f1874d930c13d6ce3125498b953528440dbb6714dddd3e87e75db5a272dcdb8;['bc1pay9g8cvltqtlyfspqmj0rltjjqs9rp5gulk7ptn3yx22g74gl9sq58frt2']
1;f78d0d3ae19f600e232fd4c6bdc647dada54be9c3ae68605fbe9c0a0ddb7a8c7;['bc1pjum3nws4g49n8504muldwdx0607dwuxpr34mg3xjezusg5atnc8qlnrfqm']
1;0bbac0327a4626c8686d5fb93b2c95c9b249e27afb3876e00d4ea327652b6d32;['bc1ptgv3a3u650wmn4d7wamskw6cagtzhk47zcecyen2ethu5396y27s9yaqs4']
1;f9dd17574958615b4478b236fbba266f646386a6184b712f3e53da17ab49d757;['bc1pytj4y64f3chfrutpwxnah88nt6vqv5jt99wwyncyqu76vjxwr0aswzpthy']
1;b195a8b827ae72269f7433acb7cc8fbec5926685de35622a34433a26299cbd07;['bc1p35hzjqzf7swrhtzjxx4p8s0ygakgawpzn7uur3ugecvzhsmt30nsvrqf3h']
1;2af739037e20adaf81b4b6d813d15ae811af5de8c508b399afa8a228c8bfdbf7;['bc1palam42h7zyltj7kjppv8cwk0qlqejxr6drfr68cz33uj7g4krqvqvs49t2']
1;8d4e81c2a1bc58fe1f5a1044a466d07ba55f49b6ceb73d3858cf27dccbb092b7;['bc1ps8sdaledsv7f4s5hdedn5e96ewk960kdwcvllsx3vk8g3vumhtkss27swj']
1;2e873dad4e147146a1b1f90a6f532152ea9c336bcc9f0c465c0056e2df7592e5;['bc1p860cc6ejyayuwxhxyn2696hr6sp4e09hzs6mllppcpcfnk3rfy9sqjh5dm']
1;bec34afdc6619ba18cefa4b471b49e5b790e4f8336dedf31e407fe7cf825bce0;['bc1pztspjq3x0cvy5rs8nh27j8kckwwg4mxt603al0dpp9s7tv38chnsyqt8xs']
1;610cd9c44cfceb049ff5f1f5cbba3b2957da6f8844f2b5562d1c79f804efb38d;['bc1pdsn3l3cps9y8wmehfcgyae7jz4s9v2qzju40j66datghy4d8pc7qnq70l8']
1;71a5116ff6ea17e07ce2ebfae188cadb8e4e7d7cd071154cd07e3ef0896d3e4f;['bc1pn0xdm6zm6srla4l3hghu4dzx4jz4pxwnxejpf4wzdtv2756lhkuqs2gjh7']
1;ba6966f4cb7f8464bf9c5b4d7ffd96e5c54d06bc2ab65b5166f981dd8ad71348;['bc1p2arz32vvyrxtyn9c94w26putvfyg97y8u6fnjvqmvp47czf8xvys5redcm']
1;90372b4f4de196e7cfecf2f3273e2affc501e956006afe16f3af84af63f9151c;['bc1pvrlewpyejdgpwhkez4gdaafd0uperz2e4ss2gzkh97rq3x28lffq8ky20t']
1;884739577331418dd7648ec5d0c0616ef75f236698526ad961dd131b200bcf28;['bc1parmvhz6gq5cllq4wnxgsppzf99z0fph8lgrc0hm8lp3u0jt7s8wqx9qr05']
1;87a0de55baca8874c16e88f9ba66f602fc25f5ccc2808960a946e7b4de8ccf09;['bc1p2nflec6qcwftsy3678swaxpl5xz6lkfm2fzs4ysde2u9unvltvhqezfjx9']
1;cc7c8a2961cd28d4a82e45abb116e3e82f11bfb2c41336d773977644677fcca5;['bc1pvtay8553f0hynmm3yrvjmp6c9a5qxnxr43gghw3v8m3r9e8w05js6ewczd']
1;32c00ec6eeffbd6a1931d39236a58605f9bbdcd1b57e6e5a337d27a2e0ce40c0;['bc1pp2qrf2qrmk2wyc764td460pd90lx9s3pclcywc7pva2x3emxhhaqdqlg4c']
1;577a97558f4bfacc8d8573c922d3879c1192e34dc0d32af2ac80abe728324708;['bc1p4jja84g4s20xtr2p6hkcgv89nla7yd8ketrzj7ll6u4akx2le6rs2wl2wx']
1;0dce8ad39dc91e49675c86b5def6b833e90542db683031164bd6c715c2ad680e;['bc1pldxehz3870rzet03j56dvzr2wvcrwh8tnglj8hpyepy7vmjup5lqt3z8gq']
1;552b968c321bd0bcdba59f8aebec8209b0660065e49894857dc40ebf35870abd;['bc1ptsvvhn9na5cv00twjtmupe4hc24f6sva3pq9ew33gqnccfn8uusq7f67rc']
1;858d91450c0f74bb11a144b592e9e08d2d0e5d53ed5cb909eceb043362ed6f94;['bc1pyeq6kpyhjkn6yg0k8p7s845salp34vdamchewusmvvexnnu5x85q66hu20']
1;42ae84d5c51a14f0af0ad98206fd10ddde3c7516ecbccb12d4f61975de166068;['bc1pxyvyk9ta89j9jxmyee5f2h4d3h5gchkpdjfy859rweewcstt8cjskjpn3u']
1;bbe10dd58e7a98885609c08eb13fb458ba7406a9a7a6cf82a854ebd592210636;['bc1pr30eaz2sjv6qclgwdggu9zvajprtqjtyle8g3nw4rekgu0fvh7jsxyklwp']
1;58e171d18544f9b0ba7e7dcd8e6a22e64a3326df40f9b6fd65c8f3dfc43affb5;['bc1ptl7wyey4cqrjx52990adt3jukytaa5na7ykkgvwq4790xmsn8jusqyzpgp']
1;6fd59068ea6d48e8186fffd2591d8b4cb80dfa9e23de356508c2493f5c65823b;['bc1ptre8fpmuatjhmnk78vrnza8g05s6fum036dxw8z90w0wmf0mfmwquhn9n4']
1;ffd2e7668548920fc47484dd38a530e24fcfdc64cbb2e0f2c86894f704ec3025;['bc1qm34lsc65zpw79lxes69zkqmk6ee3ewf0j77s3h']
1;c8652e150597de055630404a4cbed89deb7a8bc00eeff79ec2a0fc3c8aa3add0;['bc1pcnqmgvmd8rh2yk3hnmw4t3hs23ml85mtfjmshczhfdj0puvjwsmqd0lnlu']
1;0557ac28e731da7b6bffaa75f0786bb4b8520825a6a324ae115bed44fcedfd0a;['bc1pf6wsrxkejxpmc7xasu5szha7a70nyagwy5gvtl3gzp5v7a7yy6cqhsql5x']
1;83c34fa644e4add7b059a8b99883e8c2f13598b82fa30549427f63360c00c288;['bc1pg2gt6n4uxup0z9muxtyvnd8fhdep2dw4chagevedjg93clt7d9nqag6chg']
1;c8305a159a3193bb7e82b9f8d697da27cc8c8d96ee8183aa7731832e19aa651f;['bc1pyj0swfpvy94358lhhzrc6ehwjlkf89fqztrcel8dz8rwfukhjf0qfgd2jv']
1;ea56931d5237bc2e9b8ae7b0cd4f7ed86b9c6786023319e12f2959df9e035067;['bc1p8tfk9ryf3386ln0yh3vgptmvr9ydzkxxajnnmc6477y6w2lz6jrq4dzg79']
1;1b101ec30f44dfb1de0cd54895194b2d3bef9c6984e4ebb52a75de3ce0294d10;['bc1p45txdd65c8k28zx89vwe98e2pl2nvth6x6zxlqmpz6pdgqm6xngs7k8870']
1;5d184666c3fd6a5c274fd976afa22e3d2a9b72e2cb284f08a6fd462c543873aa;['bc1p943nvwg55g254rcgge08cz5ff4g25qp6vcspzqutevuuqhuhcvushpnm2j']
1;6f5a06c349603b8d34ef3a2364260fe67c1dcf7d988c1f20cfd0e872c078dad6;['bc1p7029xppchsjrkl4s8qm5uehnw94ptg3zyv600nz7d2jygxylrvns5rknr7']
1;59689a9941cea6a582d89759a5ad686e68de6049267af8c442598a15aee0af7b;['bc1pm4j43yenppe2mctz3hyqm4n9u4akal0fq27rjr6rg6acw99ra6xq3wduwv']
1;fca0d8514cc3147ebd97882ddc2aa88c42d1f33bd34904b9cb75823289052fe2;['bc1pra7au6exdmweq59gkvge2nht0llqxmuec2djhl0gyqmnjx8ugffsuc8erf']
1;56e1be83fb15247cfc94edb7496fc503bab1a224d5dcf86d179fb256acb0ea30;['bc1pd65wxg5nme8twjct3tsa5d5d32s76a3qdanmk6fghszjda86a4fstdke2q']
1;1fcfc8aebd3ad1b437ad87177c68baa14321d6be4ba6b88c255bb4cecc2e1e38;['bc1pua26jc9ajf4vmpf42xjx5anhfmylfvwd8attvdsm69fuwz7z4sps3drtcg']
1;10e4bf07c16bffb93fa56d29e61cfc571afe5900f3ea444691cc448354b8f8c1;['bc1p2395le044ffxxm2eamtf78lrnu042d3re8t8hraehwvcmq40ma4s0uecm9']
1;21f2f567634f57a583df525a95135cfe5428ab36cc2c4a28d670f1076d4f9102;['bc1png8paauy57x8s8y704gzyl3zrfet5d6wwkdac5tamtzy6q6prpeqz4s8k2']
1;62ee4b516cc2d225dcc7d647b46f58652889be20eacf0c038d129343b76052fc;['bc1p5483n24uzeky8t6hwp073gsndhxf6va22lcvfugwc8vek5xg0ncq99t4cq']
1;9a3f5da7338cf7e6388ad88950adbe1e59d98de00c33c8f840f3c9016977b760;['bc1pugrezfmu9w2gvdpvul86d8n7mrlskt69nw08yzxyehc84h2sv7qsq6qh2x']
1;2797ef7daecab6fe46d25b1dad4b750049005d8e93073dd8fd4f337c6dbe3f16;['bc1pr84l6n9mc69vu7rkpnska5p68ya7fh3pgq5ps7jdu0s7533h2pesxrrpmh']
1;3e8c906b0355574b6410969917de5834c582a6297e6624aa43a542602db95540;['bc1passqsc3xdtmgupk8gd7w6gmcrcts8lg2pus22jrn0y9qjayjtcdqry8tcm']
1;abcdcb45bd4e5a72ff68c8c865590af2d04896de1a19910e6cf21d92129350ab;['bc1pyy3zzj5xxfdlxm4z3vun8xucy7rfguv0pu4m0tdpg2qj5s09s22qk0gl2l']
1;324208eb951109264a765a6cdf9526e14e1c768091a9ea2dc582a0caa0255dd1;['bc1p3xecanc6hwd4pe7nzslj09uzatdj4szksgcgpngm5rz4rc038ryq3ttkre']
1;735b71a207ef9c205af8a5ff1e1dd4f16fc9c4444e4d91a8e77e959216b2d108;['bc1pet4hxtxkluu656rnrvl40vnm3w4wseyrfnuz9m50tde76harkafqqm4jyf']
1;1d26c4c20b60c79255abefb7e1e6a4cfcbbdf06d888f7828c141efeb2cd49109;['bc1p6kkevdnfwcgz977g0vh36jdaxs9luqm4wdlspetp57cc0whsugwqy9ptfy']
1;359646863b93e22667782de579a818f1cd0885b06c70e5ed6564cbbf3e6379e2;['bc1pfncaq4qc6ew35er6j6znvc9f82y3ut4xft2sv9tf383x7uswgxwsvvkvzf']
1;f0e356b856bdf18131929a627215e541267a3520c14a5db6b30ef77b2157fe53;['bc1pw8p8k52fampkhhkz7mjvxnmum837uehjqdccn34kjyj9dtkses0q9jmadp']
1;374d8eef1851abb698762f9a9314ff6b1415c0ca1d3f20ce24728220a2590eb2;['bc1p7q0t2fu08txgeguyjza2jgg8ft9lezvungejwqt4qs290mdnw83qfzpvde']
1;f3efe62c28d1f08f81a315c7a6a1919b1eb0f2b9dffa5ddab3eb0ef0a37effaa;['bc1pjaza6rlayg70g395d3xcdykv099kekx26u9z7efhfqt4eppykecqkr6xz8']
1;f3efe62c28d1f08f81a315c7a6a1919b1eb0f2b9dffa5ddab3eb0ef0a37effaa;['bc1p3dzryalpsga37m83g035wlzlpnlj9a7396vhwwn8alpe6srek74q33ytn5']
1;324ccdddd4ab97babef48fac2a58ed14825bf6d96ee2d51ac3b1c6f0b5c5c4ee;['bc1p8f6h8gs9al0adgg3vhzajlw6dmytsy2uwp99r5923uyjqn23wdlqlyanu5']
1;eb744017290817856eb6c2fe2a9ce2acd01d0e2c6efc84b88e7e059602c74ef3;['bc1phrk69q6da8c87platncjg3yzd7unm0xu5f3wtmy35h3mrplk3xrqdv323f']
1;2dc60b5b8e6dc0729e7e52370e8b4398995fc6593152fe43f80a60d546f4f07c;['bc1pvytszx8398headjyea4h5tdf4ta9zev89durvqx8nlzemleqwpmqth0dnq']
1;4a2a7d1512dc454e3d312414ac6aba0d1909f48f6692043e8d638ca573136819;['bc1pewj53g8ehn9y2va9y2rpfnvfvp97fx6chqn62k4s9s9v6y06qstqmnlyq7']
1;65d43b7b527d5c2a9582fad90c1c10eabc8baecc4c5675aa8f27bf2799b4e071;['bc1pywcksstvkfp4zyqwnt77nzt2jayknugamr6k6ttqlwamnuyjfhnqdlauq2']
1;3859483839d54847a1b6018c37a1279673fe54a5af94a8c8ba7e7a224766c7b4;['bc1ppc9r2ahcqf96qjjwvznv0qc8wuqpvxy6xnv3ktvyyugz9geymd6q46lwus']
1;4fdfe7decb774dd91e27ca2caa55cb03a12bd9786ec7fcc67263d725537d6f3f;['bc1pe02a9gqmxeq9hj49nhcqu54zjqx3yqc0ah9yjqxl55jgpfcuc3fsyhgtwr']
1;67bbaa22336f3ca73d87f2d6b96fb44a1ff40c48a46f039f3b788165dd56f2d8;['bc1pwd90nqe2rqslgtg24ykusvzaw40mt4gg6n948rxjtf2up4ygw8jq9v28h4']
1;9dea4953a6aa7bb2dd1068602541874dadd9ea5084725fb497b777a8ef874810;['bc1pleuvqx97p3uzyczzmzsgydrspjwsxwfvdx6lk68vnc2elae9u0eskparm6']
1;9802bbbf0f31a5fb7ab61d140e37819a7fd3f74e4057643f2375583f9c0e9534;['bc1px7sqfagasynml6tpjhxn32tx7hzkf5yn593x52k4rv6fhjfr6qfseelnjz']
1;f96bc2e720df7a6e9e399c9eaf784e7d1964d1ad8d24b4af6ee411d5dbd857d8;['bc1pnqdjzfx2t70gfdhqz0jgnu5gsexgxy36frrqy3yshgsj6zyvq43qyfxl02']
1;2d685f3cf9c31273f20430aea63225181625a6e4373cc3bdb9a3c7c9114a8507;['bc1pexnuktkkkqcemgj5pdk8p55utgstymrspt6u2uxswsxgd8qxeamstnxq6s']
1;79c57567ad74d7cc3742555b5eff290e6a7ec7835a46488477122a435a3623aa;['bc1pqmnqjltyn2rnkqfa2ffnvagvvrkpq625ymgmynlypu37fe3dy9gs3u46x0']
1;98e1f6ce1146e986f235830cd0cccf651263defa0cd0cb50e5a308360b7420e2;['bc1pkv8apd9jwhkmpxj97mw3es42gzvprg9hzr3suwdf36gypxrx4h0s3r9w3y']
1;07f8dcc826dfc89efc66f26404df986261435bc1c4dc67ab428f0c255ed47feb;['bc1pncntlcsptwnta86pgu5jswscnc7gcgx606a8xrckljdh43hz297q2yvvr5']
1;0d1e880ec1662f381988fef9f30a7e536f10ff6e98ea7855d5eb895dab849d81;['bc1pjadpug8wesak87zq0rwnlt9sdeudctcmv053vmlm7urnp93lfrqsetda5j']
1;d53de0b9be9ac9a75c93ddaf4663aca2f57737741684fd96f168ed4f5af51088;['bc1p6jtfhl00fvxy6neqd0erynyyxzjnv252skdyfw7tnvhcv8erhz0qseltyn']
1;742139ab198ba68d0bd52ca3ee2d5a07a2792233dda6f2d7fe3267d1b3958019;['bc1pvf8qvcfsfed96jx8leacgl4r8r5cvz52z5haeqkjg465clsdq3zs38ltjd']
1;498ef4dd17b37b74ad53ea7d33581d4177c3792d4f0e61065d7218e449df2bb5;['bc1p2qw04mk40mlszu9v8qzhyx9hue76qu5grh27myt0ca7sf4et6mmqv7sdec']
1;57a0d742932b3adf43b79796e8fbe0e2bfa643631013f2e5a2965baea38b5627;['bc1p9jcgwjj8afumpyeftympferpwz2r8xrtn03nfnd6ayza8ca68dxskpwmr0']
1;7e64880f6c82e2dfa1f3844423a7eddb024c06b2709fb417445fe872714332dc;['bc1pcr9pj04yp866sertxhuyu9nljdc4a788guu3m6s5zsxcmgnzazyqz0gl2e']
1;3e97690ca33623563365027ee612367119f092cc3ea5972e297a7c4fb9ad4561;['bc1p49z9es3yxltutnnw0ekr5mk9le6g2lk542j3ha4wtyg5eq6fqc0q0xcyjr']
1;27c9ddf0acce90bb15c2da0eecba85c29a397070fa0c5623fe91da477d414e3d;['bc1p3sqa20c44rw8wan8m87ap0mhpqeslpyt8lnwqph8y2dquznxcv5sxh2l84']
1;d19b4457c7ce71ca6037caa6acb30f670462d201c8d50e343bf90675861bfdc1;['bc1pwvtwdsr4359uv4lu4pkjc6s7dxx3rhah7syksx0eedd2t7dfgwtqd6vc4g']
1;655d29f4ec7665a4933897403cea4d6658c81fced0a14375559a47dca44a6df3;['bc1pz5csv5xf4vqs5e8hx229d6ylwz67hfyd6mdmfkw4u6lx0rjlctssan4q5w']
1;acdc78ac9743cfa8a7e9e1dcfa4710facb0228ab0eaa16f04534c7f2a61512e0;['bc1p0y643hy9s62a3lgqwwdg97yyk4z2lhfvm73zfxcy6av56y04eg7qwx9pns']
1;a36ebf74022499768a36c4d22c507c313b39333735b4209eb6b45863adfb5eba;['bc1pqrhy260lxnwmzgeffwkc6wn4uw23j55dlp2j855nxnls9pfagnsqndylvs']
1;6d1923632668eeea43a963b3974a6e76bb349a8767a06c3df9f398ea5e5b7d91;['bc1pdzmq0j6cv9vnp70qdk3029vmlrn7mze89e35sanvsjw8nnwztunsr8ceqw']
1;a565c793ffe3537fe254aab588707f4b6194c9cc49ece227b7f3485a34a6a966;['bc1phl4rs7f4w9qq8pnjg8wehcu6sk6d0d2daxgx4wt8mqdzmzakut7q74rtck']
1;3a40e98dbab25896001f89fa7e156c32a275bb7eb67f36deea0b8e02d74a39bc;['bc1pwy5l7yuypp4xrw7h58tv8s2mc7688l3uhpr25ff67mxycjn6ex9sc5zdsn']
1;558d5372a0e3b8e3c3c4e7b4003c425e6acc055a9d04b3255ea3fd3631fd30f7;['bc1ps6de6e9guv0t6wyjcmeqcv94swwsa3uste5zc6jp2q36mqjyg9ys3mpwq2']
1;66e1bce4a943e54d2fec8ab21a17c81c33544673c83586f4a11180acc3242e19;['bc1p96xyce4xw3zlpmx3l2jafz59ekyyrw6w4me50px0jnw63quzqu8s7lkurz']
1;5e97cab18c912aac142abd139c39bff6a2b4c92069d3384c56108c510532f0a7;['bc1ps53phrx2fuu5jf5yj0cmlkwgdtvfw9kptfmdz55vf6hdxlk9zsxspz40s0']
1;c7ee704a7442ccecf00838ff61dd076d4c4cd88c044fa7a36b1f5a3f94ba7f6c;['bc1p65a63pvvvrkgcpy4kay3r62kh9du4z69v6thnztmhqj8hn55v53sn5jvv7']
1;42bb2058caf71ca047ff8d1ca68f4b64e9eaf623c9b39850f5d00320edb001a6;['bc1pt0j026zndr0ypk53tgn2ux0t35gya2kcg4nv0ggxstvq9vdrw9tqr74kul']
1;3a5b66d2a2dbd58305d2ee5abf14ed34d2396bc5155aa4b62490bd24c783ec70;['bc1p90cwdmgdjaxtgqj3ls0llur9ykj2qrmetjaevwez7r8dur99cefqt4vxxl']
1;e6e03717e1965ea555a1f549d9c4210a2b6c4def8a9a9d395dfea41a8f3839a9;['bc1p87fc995d47u2nmpyusxxh76rp0n27slfat4qalzssj59wukx92eqwhwndm']
1;94d884734ea39d3661184a93f8ffe54af4d9f3c25aebbf31efd8b766bf66ca2c;['bc1p3sxjms6e6cd3hz9732mms3kapev8j48vhdvn8pglkaa7hvh79rcswqguuh']
1;17d7f896f6c5e302f64c9312d2eced35387cf37f384a436d0b91890a64b064b6;['bc1pvn83fapg3w09f0cwr65hj7jg4x8g4twgae3mvu3h37dyhxc980as72yef7']
