1;6ef390ddcfb29a3cc55ce71f1229224a5629b737c4a60501182e318177029941;['bc1pt8zqg43jeysw658teaalcgl2qlag89j6thtsyaqmhfx6ewmywxnslypmft']
1;8eba010fd2fe5eb32092f14b01d19cab5c35c770accea5a365a46ea345056f57;['bc1p0chukd66crm0qjdtluxk24nvyxs8arp0klcx06eqw005dut7duhqqecv5d']
1;b007891d86018d2aa2764e5bfb909d1a1653ea6b8429d5186ea1775a1b29e7aa;['bc1p5jn7zwdksr7s4yvsq0jt7n8rpzahcxq6wrpyllk404sxdhpf9kdqrla7ng']
1;8a7da6169823cae97770e351ed622784efc4a8b9dcb718d09b3319e3c50656b5;['bc1p7hrqlmqpj7nttx0n7wjsevwr320ukhazc8vycnpn6x4h06zqnmzq4jt4s2']
1;e39105e10b0b1ea48ec6cc71ffc58500d0f0e0944342f720aa28670d74144542;['bc1p737mgjnmp2zjcrzt0hpusarn70qxt0725g7gp0xswj6ll8qdanhqa65u4f']
1;e39105e10b0b1ea48ec6cc71ffc58500d0f0e0944342f720aa28670d74144542;['bc1pd3nmkgjkf6ux456k84ykrm9qwtvyhdwg5w7f0zkerej398s7jpss6cm7nf']
1;e39105e10b0b1ea48ec6cc71ffc58500d0f0e0944342f720aa28670d74144542;['bc1p28uhtkyj7pg7qtn6m7a6nekalg84gz9xngtl4jpuqkel8x5t2azsrjesaq']
1;da77cffa7cffe2aa4521686e44de84eeca2d2b984d406c9decb582eea1531a95;['bc1phnx9cq5y690ssz3ywrmfqfm4vfqeahflzhvhn5t8skz9lxsp0v9suev9q9']
1;3862777dcb969b518acfdb0a716b4833ab3829319be3d707faadb4726377ba07;['bc1pt6fe8v93kwd36hrc0ren9cz0r3u8qytf4zzj39pn8ruj9vsyy4jqgqq4de']
1;fd3bd99830e62c2f742291253a82a5bd9355f2f7682cc38873369cab81515197;['bc1pz7stj6xzgdrtlml253f63g73whuj2ljm472smkpalfrk3l834l3s35e0we']
1;fd3bd99830e62c2f742291253a82a5bd9355f2f7682cc38873369cab81515197;['bc1p2hsf2uy6y5pttzzy9xjua7ghedctxysnnpzk9pkazjnvemltjzqsc8fudg']
1;354b0505ab47c013496593e5a3c656b4ef121af02b55e2e5d9a816862bc5df42;['bc1p64a2pp45fkcp6p885mxmrgu4qefx7x3ux23zgytg34gxjlwewm7q680ect']
1;303638c0af882eae2ba5947d1d885abb2eaba179faa6a5139639a52f722eb74a;['bc1per3d80ejwltfpfp30csrwvyz45q3tq7w29ky7agunfzxndhcmydsrhusxw']
1;303638c0af882eae2ba5947d1d885abb2eaba179faa6a5139639a52f722eb74a;['bc1pqm2xf65dam4729vljhms3evg3j7dw3r7gqy7jrtey47mujsgpv8qfthtaq']
1;303638c0af882eae2ba5947d1d885abb2eaba179faa6a5139639a52f722eb74a;['bc1pl3c275hy7c99azw0lpl83rr7hrlrh7ra6d04t8a50r0p2zpklmlsz4rhx6']
1;8bfaec41105f792fd24a65c54252a842c603518f7d3beb18d32d8626c89946c3;['bc1pnr43pmeft8sf3wja3jylz5eqzqjtavhh0007z8vvydur5fgwtq6qj903af']
1;8bfaec41105f792fd24a65c54252a842c603518f7d3beb18d32d8626c89946c3;['bc1p9frwvzvfpn83e3z2fdc73srcqmuelvxrn5ns2585ug38lhdcfqssw2guap']
1;980fcbaa422c927d16a8f5300562f47753c66283f355d603fa03fa2463430fd5;['bc1p5fvq5cpfyyucxgsllqlaejexfdml5dcrthgaz2p296wz2jcm37kqtut0kv']
1;d54379edddc8528ca44ebb24a1cba70d81a93a269d9a431c76827ae91a5a17f9;['bc1p2zny3l8f7vjevrlq2xrmhqj6qa7m3dd5l5s7twypuwdjypvgjeyqlv7jm3']
1;651921fe94f1ac35f4b9038c994d50641a32f6ed2fe752158e765b874dbe6dbf;['bc1p0x5vv5ze0q7g6ypk0gxjt9fn8dldv3n5k3rfutgyxypyzxkq5z4qkx008k']
1;3f0b50488921c68c1b470b7b36854431442dcd91c8c95dec054ce386666f858e;['bc1pyyl3sf9xn6xyj2ku9fywc50l7l9qd0pjt8lnyd5723upwata8ljqp4p20v']
1;3f0b50488921c68c1b470b7b36854431442dcd91c8c95dec054ce386666f858e;['bc1pd2kql4xqmp3axq8wc5xgd2429m8jv8m9g6jnscvn2hk5etr4mghqt7shha']
1;3f0b50488921c68c1b470b7b36854431442dcd91c8c95dec054ce386666f858e;['bc1pcj37y86skk9lgxcj0mj8tqq7yahqt3wjyq3svvyvw4lstxkp4vdql2ra48']
1;dcdc0041d4d34891d637547d8181823a4b35c1399683ce967b58e809dd3f6f64;['bc1p3maynwkhr9er7qathr9293rrq2gy70u422u6q25lwfqytwf84wmqrkn23y']
1;ad66df0947b48c18d5e38933fbd38ff5d85d5cc3740d311a89beab4f915c2748;['bc1p6wh5q55exnv6dcqkfztr2ztshcrkhx3jw6fypenqyaz0ztthmdms56qswu']
1;ad66df0947b48c18d5e38933fbd38ff5d85d5cc3740d311a89beab4f915c2748;['bc1pzxssxlzv3llx73dxmt2kxhnhrvgtxrv4lc8tww95tjz9msvq72vswp4ktz']
1;c3c4ed6d6c680b62b1b890fb92d588980b603c08761d8ea7f2dbc11bfba8999f;['bc1p9xvr8xp535ffn004dy8qz4psypduyrwvklv7dklfekxhhy0w8eys65ne7n']
1;6d8210608fd75db33730ee451da40da2564170735b55180b707e0c74922af750;['bc1pnehkn32d4dgf6zyj9ny2se7n929u339xrexju29kzgprkca52nyqx2yr7r']
1;a0a56aec5ea1662baade201134c90bcabed1d39c03a56a92f74144581a6185c5;['bc1pl9dvf5xarqd7nshrg0c4hhp5d8yl38yn0d62ls7m3z0aewqlawgs6alm56']
1;490fcb1c26dca3d6fc4232a695f39cc87f2dfdbb3fc9f0e6c2d522af0f6ca75d;['bc1peg64ewlk7j9z80xuesgzgd4g5a8gaetfmz838dea47rt9kaw5mssl9zp2e']
1;490fcb1c26dca3d6fc4232a695f39cc87f2dfdbb3fc9f0e6c2d522af0f6ca75d;['bc1p42790ea4z8ne8ery3l2k62p8l09h04hu7e2lacur7y45xgnrgfsqws9dzw']
1;f98a97948ff50a830ab9f149a7d1426f9871ec219e07da2420e6fd95856b3e14;['bc1pwg5mejkuksnpeylke7h95wy05a3c97l8xpsxfk6sr4r04srfrdesqagu23']
1;239cce2b448d01a8220d4fbc7ec1e6002b87511d662829a516e48e2f8ed998a7;['bc1p2e2uftxdajtyv7k9pcfedf84swanhl6rd79khgmqmhfgn8ktan6qfuee36']
1;f593043beb61ede5f04c779df17679a7260dbd748dbd5a729d1b5b00a1abb250;['bc1p9ug2ggc86ulzfmpf2zlv8v6vfnwvt073mkq3saj05a7d6f6avqdqnrkx2x']
1;585e06fb6b91b8792584f3c8b65a8beaabf2069a94e3a9ad217f65604dce04a0;['bc1pvet2qns0y3f95eh00w4kj9f33scpqu54x5y9q6885lg8pruyqj2spew6jx']
1;147618d856e003b4459d49704c328eb078e7f2a7ed130b7d8f3f7eea638ea378;['bc1pk5cqh8hckjsjvttamgyew3yrsqznsp5wacg7dwn5humxl5n4ez5qnv9hxy']
1;147618d856e003b4459d49704c328eb078e7f2a7ed130b7d8f3f7eea638ea378;['bc1p9hrgal2rgm00dy4y8aw4e4g9fp5tfx8s66uxt7gz0yfvv05w9ems3vkfqz']
1;147618d856e003b4459d49704c328eb078e7f2a7ed130b7d8f3f7eea638ea378;['bc1pdym0llffemqewnl75r0p9uxcpm0mccev6hswp9qlrd4km7wyhz5q08tlvy']
1;f39c3bfe18e50145715e1f3249c07f269be0fd8fe6e6076f960e123280f16787;['bc1pdczphzpy85jd7wtmrg34eztlcs2d3s2h2jjxg368lup0q800kslqmzsjqc']
1;f39c3bfe18e50145715e1f3249c07f269be0fd8fe6e6076f960e123280f16787;['bc1pscrfx83wl29t54tc3f3pppm86jmrad3mhrqpye8zfxememn9jtyst84dq7']
1;f39c3bfe18e50145715e1f3249c07f269be0fd8fe6e6076f960e123280f16787;['bc1pxuped83aursy69gl0tyspcv75wmlj9qemyw2m9n805vsc9heqq2s7hg0et']
1;2bfd7bd5c74af45be4a0a98b6c739a0e35d6616eee344159d8b2538ae960747a;['bc1prqsswqcugttclftfr3alltv9mkq8xc9lhsh2dmzt0wk0tdk0p02skdfxmk']
1;7f23c20acfee3e147fdadecf3abdda77f36c225a4e34eb54b3164625bf191d07;['bc1pucqg8kenw29zmekgtgccahraa0huv4z8gk9wqmxhr35wl0rjuqwsek52fk']
1;ba40fab7c24c91a3ad15ea4954a16a77e26663cebdc5b85d61e1e9a9c769c0d6;['bc1phfxtndmxhycjjp4vj6n7d6hrtlfv9exlh3m6rvs66uv06k05undq6u748h']
1;e02d998ad54d060e7deeff48455daec0e180f2d358c6a3f4a393d3291d977984;['bc1pcdpvje8mc6qd207f3ptq32yr6d0c7mzmjzexuz0hl2rkh259ykhqf0nrn7']
1;c984beb303f281a977d310c6b7dfa097d3b28a9dfae7124f3fcf4c027e7e4c20;['bc1pqew3l7sf35arpw0aq0nr6p5nj94z80e3dg9kjl05cztchl5yzd8smlyush']
1;a63dd4fb5e6309223f74b1c89394d50dfc9f2651db8dbc91280d1010bef0f455;['bc1pmm0hrd6xqct3ksch8qup2lceap52mu3ycufa7wa5t8xm7va339as20kcrh']
1;bb0bfe59c11a4c5fe2777f4c1299b7301826a869e8335f751a8637a3b95d513a;['bc1pe26xsqk4sc8eu57g7k4ews80g9pkkudt26st0p8lnh3ltw5kl4pq76yx7h']
1;62b1cc54cd6a02b8dd9095ceb5ce370352cae0c00817f87a552855b572f33c2f;['bc1p39e8fcxh9hr074kqvsl69fee3x69d9asna6ppdynm4m98appwcasttsw2l']
1;5116c66f77a6e8afe03f1e0e96f63ceccfcf66157e6234eab3ecb5adfef9f44b;['bc1pkyv77vsepmlku3skq89u863vlal8txwahfagkya2vmkx5l7afhrs4chjp0']
1;5116c66f77a6e8afe03f1e0e96f63ceccfcf66157e6234eab3ecb5adfef9f44b;['bc1pudr0yf0356k6dncp94ffca6wswk54546lfv39nvu820lcs9zdlyq6d003u']
1;5116c66f77a6e8afe03f1e0e96f63ceccfcf66157e6234eab3ecb5adfef9f44b;['bc1p0a7dnkmxx0qzhljx8trxd6fyzecg749rjj000wyv3mjgag3lx65sepu3t6']
1;0ebdcb7c220158d660e125633c751c0a691e587435a0ede4d27c925eb56f7a1f;['bc1pwjskszpkt6sfavlapmmza8kng97w52f5tkl98j8qalk4my3fs80swaal8h']
1;7ce58a7be871c751fea1dddec6c15e22a7e82f75a8c32748011a8a475fd7c3b3;['bc1p32nyqh8q50s0r2df0q9amx5jq2n2dfsrdeq8r5vu72nekh99vx0ss9ydk6']
1;8960234d954608546e80be71acbd398d0cb8f4883e1f3b96b9c8cc8d8fc611bb;['bc1pd7gnqpz6rs4u4y6cgjm6mf0677hgd48rusjsmvqgqqa824z4vseqmc3u79']
1;64ce9fee65d3fff4373d529ccb668cae990c1891528b4fbe23f77c4eebd5d823;['bc1p6eaats0r39755qkxaqxtpfsgz5csshxcv8988dn3zxasn66j53cqeadw2f']
1;2e25290b5e63edbb91d76ee38969456bfa2ff83a7da130c1841562b7477e5aed;['bc1p0wssu7ulnlxz2yge7sw0krmjxty59s2admdq53xycahwuyyzj4qqheshxt']
1;198c7d1a7d570398bb7f959359726a6c209a6b87e0daa3efcdabba88fa7e6d24;['bc1pp2kfpp708n3zdkmjxsz8lyxk7z4cgm7ynchqjj5v3mqyr00qcf3q4kjmkz']
1;5f90924031475fafae8db3565024b0c94bca7122f147245654397e802ffa99b9;['bc1prmze6pp6g6axyl3dt9csvqm9qyhhacxxff2v47mnp82vky99lq8s96r9z5']
1;e63bb8599cdbd99a9d96def2431f910e5087cd9fdbe6c1ee67d4d3ada9e9a5a2;['bc1p45ksnlx46lw2huv7ft8rruv039vkfa3revzhtpglcqsfgwahld8szuqvgu']
1;e63bb8599cdbd99a9d96def2431f910e5087cd9fdbe6c1ee67d4d3ada9e9a5a2;['bc1pw6aaaswtu02y8ugnqraf36qujp3pmzma2rn5uvslpqjhu7njf2vqkawe2r']
1;e63bb8599cdbd99a9d96def2431f910e5087cd9fdbe6c1ee67d4d3ada9e9a5a2;['bc1pq79rfek37s4jk6cmjl4ry2mxkx840tnv6wlgewejptwtq96zz3xqkm4qae']
1;aca1da341c459a1b7f2d9d797574c629fd5a19121b0f913e6471bcfadabb9881;['bc1p365lljmnec0ll7qj50wlq8vzhwwzarad0xe054y5675m7k4m526qya6cph']
1;aca1da341c459a1b7f2d9d797574c629fd5a19121b0f913e6471bcfadabb9881;['bc1pyjk2x5m84p4zwm7jh5u47jgzg7874g0s95y8jqznnvj2vt6dmh4qmtar7x']
1;aca1da341c459a1b7f2d9d797574c629fd5a19121b0f913e6471bcfadabb9881;['bc1p7gns7ymrwaenhp998fwwkpakp7jadvu5ctxykntjmcmllpzsvyqqq72rrc']
1;583f264fa8f4c5a9716afdd0ba02c17f753b77805c1ff1fb3e9fa5de0b84455a;['bc1pr8j3alkhdksh075xth7slz56xpld277y8kunz2f0c2hw6s90fn8stnazzt']
1;ed69c788708a5e932d3d733bf77755558effe53caffac5c494d8c26a6729ad40;['bc1p7vlakwhl8ft87s6mw38wy0uuh8t894v2yz0qdg6pnq8zqut9gacqf26w9q']
1;ed69c788708a5e932d3d733bf77755558effe53caffac5c494d8c26a6729ad40;['bc1pdv0635xra9xgxx8kf0jhsu383tn4eh5r5j6wec7ecuq33rgzxvwqjktzum']
1;6a9e5901e11276ac21705cd652557151c08493ea8b9d3aa4cd8c35016366bcea;['bc1pdmzkx3tdjhzhgxvuk8rg905y72uhxcpjamgcdqxr7askfq4xg3vsrz5xda']
1;6a9e5901e11276ac21705cd652557151c08493ea8b9d3aa4cd8c35016366bcea;['bc1phdhzk43tn8avmert3sqy6wr937jn60pjcuptcharlzq8nw7m5dqsfhumwx']
1;6a9e5901e11276ac21705cd652557151c08493ea8b9d3aa4cd8c35016366bcea;['bc1pjmh05p88qcclr0gfrgcrm6ywm24syxpn86vugg4c0cwudejw2r4qtpje2n']
1;0e06f386df8653b715ead8d52e79fa1d6b55a0e445f4ba13fd88cad9b9af76b1;['bc1png72agnatqym59r865m44l8zmm7x4k9zvhkg0pryjqpq82t2w7dq3a3700']
1;bd86e574b9e173e6b3972f43920c46b556ad818d3ee5b2be7c42b5e53b0d8260;['bc1plmu5emd3pvs8l06804nchgz9wzl3qk2pqpg6t3zvfvq44t06eh2q67zp2k']
1;516f6f6d3b1a1fadd2be856f7d5510679d3dddbefc78b17b8490cebfad66971a;['bc1pmjnprxtg0ga9d5meg68w5757erv5y5e7xujva7mr5g8x4zqumg3syrvcaf']
1;516f6f6d3b1a1fadd2be856f7d5510679d3dddbefc78b17b8490cebfad66971a;['bc1pn2lu8p5a4zgczpny2p62g2j38skd3587utup4a8hkqkqhj39ga9q6lequ0']
1;516f6f6d3b1a1fadd2be856f7d5510679d3dddbefc78b17b8490cebfad66971a;['bc1py970gkg6qgllp4yu8y6znh4z4r5wcaf0sf33cvmgrde545rj6y7sqzaf92']
1;8b98f313a943d533e0ece9284769d8e9f8e0c9aa505a503179f1bf1a0c45b9e1;['bc1p3us3gsy89z2nuk0hcnh9uk8ud0fr9erm8ef9chnhyd7cvhw9qh0qp0djrs']
1;c930cc1fb415f6e5faf4ba6d651deccb76b8fdfded77aa8ad0fb604aa970dce6;['bc1prtefjsvku24uyh86c4jrs0d94nh8m93vs2sf9z9jvmy9lqerjuesgcnmwp']
1;c930cc1fb415f6e5faf4ba6d651deccb76b8fdfded77aa8ad0fb604aa970dce6;['bc1pw5ktv0lxcqecqgechypwqnklfzrs2kr044x2zfkf77yz93vn2y8sgnzrf5']
1;c930cc1fb415f6e5faf4ba6d651deccb76b8fdfded77aa8ad0fb604aa970dce6;['bc1pjpv9yx5g8h5hrrst5gr35k0mqac2fcj68l0j54e3wfc8ku32fp8qlqcyjl']
1;fa8214d869361053c64396c5baa4d77b3cecf6773190df6f99bf9ea6bb0014d4;['bc1pkgkshhuhnpre7rk50fteglgqh0war9tvg6dje4wdy0vkc3gxugrqddr4c2']
1;fa8214d869361053c64396c5baa4d77b3cecf6773190df6f99bf9ea6bb0014d4;['bc1pten7dlge97s7g7pqqfce6gx8lahgm7pzrckmze35mx39xxym94vss47s8x']
1;2687e1e5e2fc6f7a10fc1366b2f6dead739b0984b049426554773ce2f9d1e3ed;['bc1pm36ta9mgfuhce87ymzpchk4u6a7euy3nhptycxy0hszjw2rysp6qmjcp0j']
1;2687e1e5e2fc6f7a10fc1366b2f6dead739b0984b049426554773ce2f9d1e3ed;['bc1pp3k8r0gzmtp003gsfgqc2narpzu49ej64a6c2r785pcg3kkg2tnsjch99a']
1;6b842344bde2dda436fe51453471b310ac47e46ef865d405ac952011d7504b0f;['bc1pclm0zpdplxryddrfn2cy3n9qr3c7xdqn03ehvg02mxgpu6p6cjeqkylwj0']
1;6b842344bde2dda436fe51453471b310ac47e46ef865d405ac952011d7504b0f;['bc1p2plpezplhs4ruqdvh0kv5fyd4w6xxrrw3ycxu7r24t367jdzhuhql9dd80']
1;6b842344bde2dda436fe51453471b310ac47e46ef865d405ac952011d7504b0f;['bc1p0r5xgctx8r66gtk69th0d22p5mzhzght3uu979yzjh30aag268wqst4yg3']
1;9a0eb10f47280f978b1fe06192c016fd02b643009b348e598303a9f8f134693d;['bc1pevt5p73yf0uvswa30xpzcdglrtnwmw7hrtqppr5dvf58jd34suwsvga47z']
1;9a0eb10f47280f978b1fe06192c016fd02b643009b348e598303a9f8f134693d;['bc1pwfuye6puk3h9xul6vmd5twdj9qvrn7mrs7ts055k2p7jvyhccylq0fwzjr']
1;9a0eb10f47280f978b1fe06192c016fd02b643009b348e598303a9f8f134693d;['bc1ptdw9kk5yzjn5h58f42a337xa2zfeand336jgmjj80n0uq9t4q2kssrt2ms']
1;850e7c6e699611fdfff118e7984a3b5bf199069f91f37b1dec60c529aa5eee76;['bc1przmcchr2y7mvxe26xrr8cdhk2ssmn559aaxa7j2qza7dzhpw8w6qn7lgqp']
1;b31e83525fc3d5762c8fc48dc35e37f1499eea131d49553912be802cdfe25785;['bc1pap5xeyx6f7e3c6j5nqgec3pp74k207czd6d7y57wf75p0a4w45mqcwye28']
1;b31e83525fc3d5762c8fc48dc35e37f1499eea131d49553912be802cdfe25785;['bc1p9qctf9j8vpjhcpnftvgzthaehjrh3fjydm4atcu62k8lh6zap7zqdauthd']
1;b31e83525fc3d5762c8fc48dc35e37f1499eea131d49553912be802cdfe25785;['bc1pve9smv8m858qgchufendqwq9ue79e2syezzx5l9ktj0pxtgqxggq2rtlxm']
1;fa5a413e6271bdcac03d9d8061a7b70ffd091d805ffa33714aca486d3e4b5461;['bc1ppxmz0pmg5duynjx458n4lfhnk78qsk4zejrgw8h0jlhwuw5m50aqaqjsy8']
1;0bc17da500ee8529682b6ec0a3ff4e6ab4114f715f857f714ee837a6e8610a0e;['bc1plc4kw4z37yuwnsh6peh9sr8xv7pdmx0qwvjcjtkrgh7y6qq34hdsl7zd63']
1;0bc17da500ee8529682b6ec0a3ff4e6ab4114f715f857f714ee837a6e8610a0e;['bc1ptyyynfkmxpcarpxk2fld869v8d0ghzgx6drnjall8xr4nfpl8j8qwtj9mg']
1;0bc17da500ee8529682b6ec0a3ff4e6ab4114f715f857f714ee837a6e8610a0e;['bc1ps0z3jrx7k5xqyvr4hzntr7tvhv258smhsuqqn66kpdsrp5pp65ns37zawf']
1;34299f3eccedb4dfe239aba4253ba0b9e564e7d686dcff921f1911c27eefb856;['bc1phmdtkvkzscdwq5c9nspz6sp6vfva6x28zeye2vwhc0hkfzly0kmq6wzwx3']
1;34299f3eccedb4dfe239aba4253ba0b9e564e7d686dcff921f1911c27eefb856;['bc1p0zfzqm3c7gzz8pxpuqq2zm02ha6ejergj2h59yhnknl240mqqe3qryr8h6']
1;6bb23f10b48be896682ed1f1920d61743b9aae57175e425e003aeeadbff5c029;['bc1pfwkdl8u7vn5gg5gx5em4l6vc25cz4nafux2gj9gx6dyvl5lll49s7tax4w']
1;155824e5873a5040966ea34747d0013a70cf4b2f265ecb83f17c4e4dbfa83003;['bc1p5qzwn85xhl60v8nptr82f5lhghpzn7za3y2568ec2w29m8u8h34qncj2pp']
1;155824e5873a5040966ea34747d0013a70cf4b2f265ecb83f17c4e4dbfa83003;['bc1pud0uapwtcnmw9u2t88l98ff0edjxun23da4zy7xyu70lzylrnerq077qyj']
1;1ce73f82d57c8b51be5af458c4354995cb5f2b5eb682c2e58c25b666e00f34f1;['bc1pkg7g4m2qglg4jgtuzp8z775gnhpc3mc9v7elhr5u2x4dpm8j6zvq57d65c']
1;a74e04fb246ec5c4b521b29882ee21da3a8f0199290aecb2fcabd3f4bed960bd;['bc1puc3fgrpzsr9q9kz9jwvynd08vt3jpdqm8g4dp7ug4rutkzl4dcws75uj8k']
1;a74e04fb246ec5c4b521b29882ee21da3a8f0199290aecb2fcabd3f4bed960bd;['bc1p3dhj6x6y3yrqp2lr98v55ra6n6vpceqt8p4wuwg74nf72nep6kwq974u9k']
1;a74e04fb246ec5c4b521b29882ee21da3a8f0199290aecb2fcabd3f4bed960bd;['bc1pzvycreshgzckr6vgdz2cl2pt4h6n2ummfcjccludn73dktnt7gzqfr8nvx']
1;dccb530445737ad248943d2d5c1e3c2f1cac469a7381578b0e41637fa4ea12eb;['bc1pp4ngx6yy477zumy8enw4kvhwejdt9cmmjla8lcsne0km4ydharjsz6uuw5']
1;ef0d70827c27f3d08bc43deab56bdc53868997ae1429e9dd3ece1a8e530ad799;['bc1pax2wfns7uc9cg0dprs6q4fus3zew7xx89ujwqzwlwqpwpjcqx89szmq2dd']
1;1866701eac29d2851353727f6106c26c9d2d8bc1e67a9c44b3c2f39cec10c238;['bc1p6psdtnwra3uvvyljlys65pgc4uh6lqq7nd99vkkkznsn2g977jtslzh7rg']
1;1866701eac29d2851353727f6106c26c9d2d8bc1e67a9c44b3c2f39cec10c238;['bc1pa8vp708n3zzt72dzje6mcapd0e2ds22wjuqnhfr54j03fhu43cyqlc9deq']
1;775d4c37c1394e022d444f06ea6378551ddfca3ff891d0597fc60003e894ea42;['bc1pdgja66kd0mf88yhlchzqgf0pg6pp7cx9l7gq88fgusxlsl980pfqcvjnp3']
1;775d4c37c1394e022d444f06ea6378551ddfca3ff891d0597fc60003e894ea42;['bc1p32hjfn4pcpxpp4acsagx58q3jve4nf8t0ep8dkkd8p7wfq7g04lsh0fwxj']
1;80137ed5d2f5eda5a5184a687699add085ee97fb1c5bbe75317bb58bd3e8163f;['bc1puc5vftfhq338j8jw9qtuewauwq9e9rcd5vcw8etcrw6qt4wjhtsqwjew4w']
1;1d770ffa23cfaa6ccd532ad5d587e4e619e2f1ed8173c04fcf576b46d39dc81e;['bc1pahfa88v44q9r89k95wq6p7wls2juttv6c4nw57dgz60gufc3mlfqye6f80']
1;1d770ffa23cfaa6ccd532ad5d587e4e619e2f1ed8173c04fcf576b46d39dc81e;['bc1ppydry2gaadytjjzyetlwec36ggynpmyslq4pxnv5rau40ppekevstm7vsh']
1;eb9e1475946a95f599774dee8152b4701692a9a3c40dd0ef3c03f24f9ce61b14;['bc1p409uxj3v3fkjagdr7mv9a8xz74qlm625tvxg53cetd0jmd4keddsckzl3m']
1;eb9e1475946a95f599774dee8152b4701692a9a3c40dd0ef3c03f24f9ce61b14;['bc1ph7akv3huzpcs2tt007mevjev8mmcxajktu4h9etqnqfpmqm60wlszy2lu6']
1;eb9e1475946a95f599774dee8152b4701692a9a3c40dd0ef3c03f24f9ce61b14;['bc1pntucamn9x6hvqd00fzesdc5rqjd4vw06hspcqmegmhmwh9sp6v3qf2mdzz']
1;16b966061df3ef22c27e14558145873adfc1897301bafc759593ec1a6a632a72;['bc1p77q3km8ypsnv2jsnk0zmrsz36h9m2sn64l5cs6w4j4jmsk6rsfgqtdg2gs']
1;16b966061df3ef22c27e14558145873adfc1897301bafc759593ec1a6a632a72;['bc1p0svcjt0axxrlag3ga2h0mmfj7xfp8dlrxvlsadmhyumlh5vq0aksc6rhw7']
1;c046d63e0690ca2e5b20e0bf5ad1480c1b9651a49ad4dbf596ed82939d1fe8a0;['bc1pk6tyfkqmg4esccef6qnyyul5uxvnu0anfjunx9qagwa92kkwz2us58mzq6']
1;417209483db808da856c68a35be512e8e8403a56d254b00dd1fb51c5fa223131;['bc1phemw5tf49acxcrh4ztw0c6kg9m2pjgamts33l29y8x45djtxfnzqsfq3sw']
1;417209483db808da856c68a35be512e8e8403a56d254b00dd1fb51c5fa223131;['bc1pxsgz2suw7x90veeq6dufquq9cd0vmrmkwyk24cp6jshe4xdmtuwqtye57z']
1;417209483db808da856c68a35be512e8e8403a56d254b00dd1fb51c5fa223131;['bc1pr5huhahfev3xzd5evlj85phj9cnnzc4xt40q3tc3aaecq5rm2aqs9k3t5r']
1;1fa19c28a7fd824b1f571640d289cd73e6d499b3c2b6496ed7f57b1e3a6fc050;['bc1pw5tknxj6wmkrz3msh8mlc6cy92wqkv0d9zt7sy0fpflu3tcr0y4snfvesn']
1;1fa19c28a7fd824b1f571640d289cd73e6d499b3c2b6496ed7f57b1e3a6fc050;['bc1ppkhw5gkkhrtz4uhzw0cdwes2esftdyf3rtr0aj67jafqeglqxpkq5yt06t']
1;a106f3cd68982f820d5aa61663cc1046e5e7f0ce92322ac9f1d3a0fb3cb72a18;['bc1ptxt7yyuxearkj0jc2evuz3ezr2fm0p45dmy2nzh4tcmyp8gkxufqzgujqx']
1;a106f3cd68982f820d5aa61663cc1046e5e7f0ce92322ac9f1d3a0fb3cb72a18;['bc1p4f4snfsqj997dfgrm9xlfltk2m7xk6sdrxjcd4st2fl9ururewnqp9yfet']
1;a106f3cd68982f820d5aa61663cc1046e5e7f0ce92322ac9f1d3a0fb3cb72a18;['bc1p8jgxfmqjwftk5hx40c9ccp4flt6vqrez2fxzlkc3smvtffy5g0ksznnp34']
1;8fef5e00384be7501012f3ee15d983095b052dad753b775fa9f9c91c5e87a032;['bc1pwn0f3lwprz26jnzpecyz08afj8xfggg3lsfvs2h7lj5u4g3qm3lq88vqfz']
1;db831cdf08a090a2c973f8234300d3d54df8cc055dc3b4f45ccd17b4264704a7;['bc1pw43ey32elphuqve2pq7hgtpzgr474yuztzys3tc038lfcuc6r7us0g6tlj']
1;db831cdf08a090a2c973f8234300d3d54df8cc055dc3b4f45ccd17b4264704a7;['bc1pav0266a8nuqk3g66qesgwsu6ae9ykyu0l54h9aqw2sn0xadfmzcs4qhzd8']
1;cdd93282503a305d683ea3f26a78e48188bdd509e5144187c81ca5b0d8de5a50;['bc1p96l9lm83ue7rfmy06c0lstepudlxt9gn69j06cmpclmjgm4gmpws9llvlt']
1;1dd9facd16005f441faa365903848909d84e6f779d8bf7a5759a85037752f2bc;['bc1p939xlltf00esfgcnhwf8nt607279x3auny77zl3hnza0006j2f7srtz6ee']
1;1dd9facd16005f441faa365903848909d84e6f779d8bf7a5759a85037752f2bc;['bc1pjdh4grn3qdqmkn9lswaxy7tksk8k8sqmaf0u4pcv0me8fann6uvqx0qcsv']
1;1dd9facd16005f441faa365903848909d84e6f779d8bf7a5759a85037752f2bc;['bc1p3yln23lk6dfjxfl3q7l8uphpwryv6jyaqwrxc8ljml6s3gt6xm5svkx9xy']
1;7a3ccd218959d15b11c83aefd310051b17bee37a4dadf542b2f78984e8381562;['bc1p2xa3fstmhn27wgtmynqds9gnev9put9ccvz3ga60c63zznwhv4gqm6tqnx']
1;265514cf849de9abba59f6dd8d06f74a11fe7f741196b84c927a83afe90861c2;['bc1pylgl88zlhg7s6jsnedtzm8yvvuafgjes2zthxaz3lydr6mnqdztqugtgvk']
1;265514cf849de9abba59f6dd8d06f74a11fe7f741196b84c927a83afe90861c2;['bc1pths6rjah6den0l6hkxejdzftnlqzmrth00hkun3c0eke0aff9azqen0pqm']
1;265514cf849de9abba59f6dd8d06f74a11fe7f741196b84c927a83afe90861c2;['bc1pxpc75e79syv30hzcf9y7wpk2jh0pw4w2zkjcx2mw4jtkct8xgs4sfnfdk4']
1;2ba5d9f96890ae3846dc648cec83958c35cd47e32eabff24f766fdca2aa33449;['bc1ppcsn408d7e0aslxxmpf85g6qw9k22ycx2ug0z82zn7u65yygpgrqvvsk7n']
1;e02212581ffec20651478a0065cb4e436aa17651322fcfde4bcb190c1c4267c5;['bc1pmgf3ljr0u279qmq2syt5nmrrz73e4k3ppl4tqvmwwzkwwnjr0pkqfwdvzy']
1;28c081ef97522e15760b2ba17be6feb59af2219fcdf73543111e35ebcf4c081c;['bc1p60zh7ajncdzzq3mu39n7cw3h2l27fj0spwaudsj44xrd2p8v6k4qhgcmcc']
1;28c081ef97522e15760b2ba17be6feb59af2219fcdf73543111e35ebcf4c081c;['bc1plj2njh4grzuvunqlmm0ntgfkzmruj4vymukynjtrgzyrewg5q30sdgksh9']
1;28c081ef97522e15760b2ba17be6feb59af2219fcdf73543111e35ebcf4c081c;['bc1pnhe8lve6wskm95553l4pmlvw7x2aa9czdp4xmqtr002qk9xue5ls8txanx']
1;c96d68c8bbf6811de89548d414dd81cc39be5be76b45cb53cfa355ddee10b244;['bc1px05pcrpv8nhag6lzrywc3dqsn58n9jh8s4mwejtwpk4yprvuhcpslusjk4']
1;dba0f13887e7042b212ba285ba7125c91b95d05d10a2fb9826f5e87f2a519a1d;['bc1prh0dl92zu4as6sjwkln5daxm3pqpqgm5naxl8ru8apl8k7f39saqm5p4l4']
1;dba0f13887e7042b212ba285ba7125c91b95d05d10a2fb9826f5e87f2a519a1d;['bc1p0jguc5q57fuvu0vqyc88kndl660gknlem7xynfnln8rc4u07n3gq4kc6gs']
1;dba0f13887e7042b212ba285ba7125c91b95d05d10a2fb9826f5e87f2a519a1d;['bc1p53u5kra0kpgwgp28ksccdc4txg6f7fuw5a7sfhw3sq7f7tps5wasxl7dft']
1;6791c60f7810e72aaa4d0522c63eb0e379df698d8d4b13271627743f2e509add;['bc1pnn70wgz9xgwdufu2rjmpg5u8yqssvkcrvtd93ch042kaukhg6mfqj73lra']
1;350080c2784866a7e9b34729de644b33c0f1b9f7efab8ca5c4c4c8ff439a496f;['bc1p00tx0z5fvazuwkszzzr254zr9e7kzwpn987jly8qeetqg0cjjy4qt765u2']
1;7be78451920faaa462bc56b926331df9f746bca8c0c6254a4a9eae33ae1e97d2;['bc1pwzl7yszjt4xc463rprpdvelmj0pnzdye97rqlv80ggg2lt9hggnqs6w24r']
1;7be78451920faaa462bc56b926331df9f746bca8c0c6254a4a9eae33ae1e97d2;['bc1p4muctdkhkqpc7krsy43xgwrtjt553vcfc6mgw3ujue5f473nm5wsxv89ux']
1;7be78451920faaa462bc56b926331df9f746bca8c0c6254a4a9eae33ae1e97d2;['bc1p338n20xd942yna86aznl6uc9753yt289hqwq4herlzg4hr8q836qacjq7p']
1;9200c2e9652f70e62f61b784d98d75bccbc49c5c60228ecc36330933483ee258;['bc1p4d09wlqm6qa5gtm7yf2az37dnl3ptaczr660ttf8jp3gryzr58hsue7an2']
1;9200c2e9652f70e62f61b784d98d75bccbc49c5c60228ecc36330933483ee258;['bc1pta8p5g5kmzr2t0rdmlhrunnqdxqmdqp8ppupwyaqw0fra3cs6t5q7m3wkf']
1;b6ea7adc998398cee2b7afa93c5f4ef8baee703f12bc94763a90bf8645ae9cf6;['bc1pxp80trmwzdl3qf8ca2yhsrg35jwk8s26k5n7e8ky29h8pq959tls7wnsyj']
1;b6ea7adc998398cee2b7afa93c5f4ef8baee703f12bc94763a90bf8645ae9cf6;['bc1pcyqvjyfugamm86hu3nd2ctzjwsguqp4cxu5f4vdqhdpycp3vcx0qnnqq9g']
1;b6ea7adc998398cee2b7afa93c5f4ef8baee703f12bc94763a90bf8645ae9cf6;['bc1pl8vhjfvxts9aku9l8an67te0eh9p4t6esn2hvdytjwnk89m5psfs8kspqt']
1;f6cd75d9ad0c251401e76d96fb4ef346f33297bb5e2a153860b18c8330860b1b;['bc1pgsl6tzsc7fjl8ngzzfkpas86n2cv54eafyvkedvsykmf66p09jgqca7qtp']
1;34def05412264c7c89f6650d68d51876e0e8c61b2916910d1029b308b28318d0;['bc1pd338n5r0hmv8pgdqzukkuq8kyfxlrz0sducvg282a2ct8y8hgzsq7zxwu5']
1;099cec42d89e3cc62948da15e3f816bb9d48f288c8fd54184ec46f4532d4e6c4;['bc1p9z3h8vgqtry9v3g0eyk397ymj352dyj2e8rdm4ec59afn52m7hhsmgdyk2']
1;099cec42d89e3cc62948da15e3f816bb9d48f288c8fd54184ec46f4532d4e6c4;['bc1pg7a03cs335mk78jnpx7tem7zup3rj702fzvstqp2l5zuy3f4z9nsxtmy9a']
1;099cec42d89e3cc62948da15e3f816bb9d48f288c8fd54184ec46f4532d4e6c4;['bc1pctkure2fcusucj89v2yaj3zmkez0m8x6c3fakausnzcwzgc0zztqpjzvkn']
1;82dab7bc5929e4ac88e73692b8211f3632a7d836ad587d015c89aaf775f7323d;['bc1p3wuzmqfnlzlsjxm68yddteqwhjegnyffmggs7d0g0v45edlupp7q4n5ge9']
1;22918decc0bdd1424fd392ef50403c459527e5f759c3a279bfbf2cc9a5b6bbb8;['bc1pc2l77rntm4z2z8x2msvjkxxd2wpg8ah3sdjzfls70wf4vanvke2qpsjr9r']
1;0a6f5bfe354939ef119f168c57a4d1c06fcbaeac57ce77c60e5253c76a2416b8;['bc1pk6x3nvd8zu2vuja77d38dr6uehzwupmj9epwtk2e4ahjt2p4glfqzhw024']
1;8eba010fd2fe5eb32092f14b01d19cab5c35c770accea5a365a46ea345056f57;['bc1phv9nlclc2n86u3c7lswlxlsql59mwl3v4zj0yapgm726dn5jwwwqmuemmm']
