1;7a95f06f308b8ebaf3a4f4632a6c78575dbf4120b1410cda33eb59d5725bfc2c;['bc1pp5h6pntyxkq4xl2ypvd3fhwrlmjwfvdnlvfrr933r5sz9x4mlkmsynqk73']
1;86d7d02e8f1db79917d5475940b3a921bbd002f46de69089abec27bedf78db28;['bc1pltawddr4qw226cmnmtaynlap989rme4qs8y6y6dyhjq9n63tapvs0et4cz']
1;fc48caef5928375f38ab017029807ac41661efa793ca6926571376fcbf09a2f5;['bc1pnkegd580xy7egg26sw7amqds9p67pywgcrrz3tjetvwpqrwartcs5x3rae']
1;0dbbbe3c56c72b050d32389a39592284ee0a0658e4aa29b7ab7b1860c2067a23;['bc1pv0d79za73ju8s4h3k4p3mywrsm70tygfk9newe5sgmlnw93n2nwqyewss9']
1;5deb357b2fa3dc7f3bdb32e9dd2da04fc9ad08beb58f90f32e835c5958b25848;['bc1p08auaefjl79wrw4dq9ll5y98slgwzwt2lexrdfxl5eycye7xgzeq4jjq4y']
1;61c1d914c98b16054d1870ead79e4db890a37f1b810c0171bc56bf456e7310f0;['bc1pjl4nv0pn4nyfuk8kqfuys99qymsp6dtyvh0dzrsk2trmshaumvfqrm0gen']
1;7c790f179db2fb01633a52ca670d49929aa356825e4fed5d12511c9d67f734bd;['bc1pfckrue3wmgnr2djdzr9gwmkzref7vu3eeu9mjv9ggcc26na5mtjsnn6anq']
1;f60b2bdfb34103b5efde481d5761a59f1973c46fa7a5d970ebd50b3e0504382d;['bc1pmrghpd0zc2gfpw52qzq3u6t4z6qtys40834y5fuu0dger5awajaqy56eds']
1;f6b9902274c0ca39a21fb35d1c70f7373672af346b39ff9bc778b50c3f3d29ad;['bc1pm7katvk352dmcanh4rjy6ze8f302ehjrsev3trfjtd3nxf79n9ssjc6w2u']
1;81e45f734d9ce4c61ff6259c8e878ed68596c6cab96c4848a194557d296b47d3;['bc1pzqcyc3wap3kk7unhp94ely9e98cgfmxzyvnnxq39mnl7p35gjghqgdujty']
1;72c42c51626b72e229142ca4627fa2393c90e6c2936b5d7dcebf63302f230b57;['bc1ps5ajhatqf3sn4pkhzve5axm9dxnt640kg2k97qhvzqd5v5tn0hlsh0nfy4']
1;5bca459506a539f25dabfd784ba4deaa773959dbd53cd9c0e2ce2a88c5bbac0b;['bc1plvml6q9t5fkcvcnc4xhf5zv3zqvjjaf8p5rp9jaleq8jr3h0zv0qstk89g']
1;e09f206aeedcf08e3542c9fd29103a3639de096b99b604663a8d56b602496c49;['bc1pen9v7zlgjlmqlk6lw60y6rgsnmtq5knfpv6gns2l6vcmanhuzeuschphg8']
1;a569965cb7485609745b2a43cc09be4a9d987775643f3b789babe7574b95320e;['bc1pfklp4lyn9cqddlwgfj467c6dvpga5pzv26dxf08ssa65vzdpn22s3c5a9p']
1;29c3633fd2270e792a9ce85dcde2aefad257413f7bf459c8d70c764d1218416e;['bc1pammly5xhyqy97xaqhpswfzlxvcahls0x6pefg5c7s5gwpxsqcpwqzunkxy']
1;189e714b6a952967e9af3e1dafd3f41e31bc84debf4aa73d518e5b166c23960c;['bc1pw2ym38njtlk3uaxjd84rfucu2vwxhwnxlm48mr05y37reupnvreqsj5md3']
1;2de0a5f1dcb47f189c90dc17e51e7ad54cb187c1bf8e303c30f3f2081fbabdd0;['bc1pvk0xz7rlk86wt6xqdam0cu9xr7hq8y6qyz4l2t2mxtlvs78fgx6qp08d37']
1;80b184e3947f57f627999ca8d818dfa1c2975ab99a70bf1f4f6e85a710ef1ee4;['bc1put7afdqlx44w96uzwtntyxe3u80xrltdz3avsrrmg6gv4gwcjuzqr6f90h']
1;3016a8736677c53f5d37bfc0f03e0105c2948baafc7596dd43c66939d8a58357;['bc1p6xvfp4f62mqdzc7skplylfjhnnfwjk884zma8kwzcnlut8dfkgkqqfh57r']
1;b793690858f91435fc6aa9ee0195e426782754f07bedc3e4b3703c4e6b391a6e;['bc1pmd9l9st4w6e4s5f57j49scz4zf92x2suh8x537esur0ljt9smntqnxkq7s']
1;0d189e4eb4ad62d9df326269b5c3e0a8359b70171d39cdb0dc3eb295ed77f561;['bc1pe34xlsyndq2wr9t2ulr0llcskkw48p0u29zqkuu2a7zeqz74l8dq8wvfq2']
1;716b61a9bf3acf685dcfa42e20d20e8cee43a5434f3b0c59eb272aadfe102a30;['bc1p4q36fdmxsv8qxavj4lnkflwde0k2yptcg3j7nf928kc6my5953dsmqqcsc']
1;2ab3e3376f7807b1afb7133a7a8cdbf4959ae6cab5ab32fe77bc9600e7ccd94f;['bc1ps42hhm9tddu47p9x2uhd7ljyk0e6y2qynu6cmvjnn7uf0gukkf2slkdgyc']
1;9ab978d294306775169560d9df90f6bc49de7feac78222b63c7c817e1a851854;['bc1p6jlm37tmyzh5z3y90nqss95sztkkkfmz5s3u8k8kc3ta7hv029cqdnpf9q']
1;0de512968a7fb4413d1d962f8cbe3588205bb83c2bf3fe61589df7e7a526064c;['bc1prx6rrftvaxx9rl8n2dy8gknrr2pz8c3pj5jgjtjmgtj5f9ts2ccq4kanr8']
1;aef5d1f9ed4fde2670a0983a4e99fabd70b571f7e7ff6cc6eea4459b05210451;['bc1pcu7m7e9nk8hk6hf5e3dcad6hx80e27rurut6yx78yala2dxx06yq90w5e9']
1;bca8bcab543af53b93d074447235c070081452798cab90a0d9c521225acd31f9;['bc1ps7cndggqjf5lh5v6jecc4qvnftkv0sxkx4s89duhurlrtvjf29vqzk7qqt']
1;ff03ab5fc56633b8a9c714417cf4d410b69981f899b64a4d2f51704c37aa88fb;['bc1pwmhptrnrw72m7dqhu24s6cr2pp83falqgm3pnqp444kh9e9erjpqptpgle']
1;9e3d2e5d046f364d92200f7c262c87156d2cd8a8aa4342773f32c8755b0b2df3;['bc1p6fazvrrstm6wpvkygpts8jhe248gveefah09h3dl6xfkk6ar29cssjle0j']
1;6840aafb6efb2869e8754afe056e21c97e497c2bc365bf86d1ecf37a7c86d2c1;['bc1pklunq2x62ew8nvy00wfk7txghepkefnqt0hw8kk5st2puj7zhtuqtc2qkm']
1;f5127e5028d3532c59b25e1c09ba1ae1f93f465a5a336d1ec3bfd84f50726f17;['bc1pl7y4mtjct7np4l9j7nm4x4fhczhgl8n8yu248v9m6pmw00hfx59ssffy6m']
1;7d32033bf2fbaeafe694197f9ce676b9faa412bd0ec69e18c6cefb50636fe2ad;['bc1pyvmy9w52pcwv7xtdypm3ck8aqpkgyae8m5tnh0hucnkd0tx28p4s0k0dgk']
1;d29f7b5600b3cd29ab9021aebbf6a80d9534492b3f915ca5a207b543e8e367ff;['bc1p0sys6dysez27pq5dz4r4ez8y79dj6zwgv0h2phsqmnmvja902ussfshxcq']
1;4d6dd7f225bf1e6d1267c782388afda32ee33e05a7d33002a4db7a3ef3d8d23f;['bc1p09zljplgqc3q3crfqqmgr8vzerayufajvhp9jt4mget4cj7u2asqhge5wa']
1;6b607279e00aadf2b4ff505523ea404be76b6358909a7af9c080cb977e73b662;['bc1p8xfyckkzqq6tf02h892uzp9wklsla5z4zmyytnxy2ayw3plvt6xsr0kjfv']
1;8da44c58092d7fc0adbf5ad4e33175a378babbc056a4d63d2888e246875fe8e1;['bc1ps3pwcw4jwm85dlwyll3vq4c2sp674s0jhgka7n0dqj9ysr5rfl2qjpt52t']
1;365dfdaf0432de953d47c2a40197cb175cf9ee1a5eb65757652e5e65764b55cf;['bc1pgretlujat5d39dzn9wm9qun838229ylv88365ws9jzpx2555vsqq33gr5d']
1;d4c8d503d86d87da7bb15a185ab14bc8c0f1170ca8e87c2408334f3098108348;['bc1py0v2ftvlap7tw4tvz3ggp6e0rvvmh58am7u4ea8sswwe7qvx9jhs3vadec']
1;6b7d4f3dcd209e5dca7bf016182859bd02062a2b8903ea00c82bfd0044b99655;['bc1p0n46p06qj27y7xkdudmpppfp0643rcaen7wf5h9y0wzzgk5nre4sautxlt']
1;f6f4753d25ed10459063fe2be6ab1564aec12277f33a7b8bd28b334acca99c5f;['bc1p5hg7n88ag8wtwwg00lj8phwky8sh0ae0h099n3dxkjc6u64glz4qv0t8zx']
1;331fc03ea818c980b0aa6e4e5c4ea9125cff328fb2399ce4e41cefdc0c79d960;['bc1pck2zcqr7vxjn5tqev4vuxazxy60t66jlykkacj7gur9whc5wkfcqr8cv89']
1;f949fb6bd058106054b61333b18378f027569832dfe472419b28698fa12f594f;['bc1p09en8dygr7f0sm2jn0jzq7zlqpx3n7jx70sw68v9ek4qqcz35pzsksjg9d']
1;942223342e8b9e877d729d8d0bf73fdd9ce05d52edeea3ddf15a779be8c1ff63;['bc1pr8rhjkq5tzkmvykvcvqrv7zzseh4ruf0r8m343uq4wdqmhyz8y2q322q07']
1;6b3f485ad5635e95ec1aa1a6067454f07e981b79fd20b96d43790a81e1ed3d52;['bc1p0yw5m8rzgl8kpajky0vanaxkmdh67rjwqya6ry7jrk54rztvsguqkerg23']
1;570dad5effb457ba08a8ecf7a129710441d343bcf0b4d7be2cf8d079025d27f9;['bc1peupfxej0pkm7da9gha2c7x4uw6jkcfv8gn9h4ndpwg7r9kytt7ustrwg03']
1;54abd2633980f49e7c8a44c347e24063aa06730fe9dd2f058cc554a2d43ecbeb;['bc1p6dwfe5s4up9dgxel9f6j890ysjrals4t7y8r7pcmx7pwfyn2l4aszy0k4j']
1;88cb03f264bc4d6d2aee331a0168cdcde5b323a3c7d8dc29b240b70f9d1b73e8;['bc1py704fyg9u5f2yndp2kerm0mgydetgkgt6lssu7qxq9p7flp5vhyqgmzvzl']
1;0f6c933a3e50bf063843556cc8b99016a22a4e52b927205074dcabfd26863173;['bc1ph8ptwylq30lc6f5jjhsy5nqnpggg5vka5ud8n85fnk2m3r8x4jkq8gudja']
1;5bfed016e823905c3f5f756dae04ab27f5cb993bde0308e4e92565d19bf96658;['bc1pnjky035qzhhtlaultuwqg26hlyc7wawlkmwahy465nhgjwxu3kcsj8yy02']
1;8f05f27487482a10c892da398a24a49454471f15c35836b17f72669046b8dc96;['bc1pw3yeze9efqttfp08m49p7cd4nwz9yhm8ac7qnh5y20a9fyjggvaqr53x58']
1;719a0b29aff8e6d2165bca98676362e04b7b746ff42d52138138dd50ab4ec894;['bc1p4k43ezvqtmla8ea3z2y30eftu4fnsmql2ypxpe090nrxjf9s7flq2gegg2']
1;8b2a0a2e2b2615c8217f34e1dadd2763b4b5cf295a53086835d1e39114f617e6;['bc1ppfz3h373lea3a7pua2qnj8zn094w5egv44ksex6jfy8dyew2yh6q9dd67h']
1;fd1ab90c195b982da388cdd9eb27a3b64123a81753e738bf6cc630a4b82f8a36;['bc1pd6nquq3n4m9ggzaf7gcwx6mcrlzp3vupjj8kpx3ua9eqa87zng6q3pqnx3']
1;ff77a782f0d4be2833888b446ab7a87f93cc76b056bfcf647f128921eb91ae03;['bc1pjtp70dvvg6w0sscwgsf2ng5lmqhx4wlfgp9r2aeahmtlx4n99hxskw8zmd']
1;3cfd3580463ad8e7c8f36eaba36834558365a0a892e1d069a826e63c20ec1a67;['bc1p0m56mhaw8kd3de65sj5j5smr4l5arxyugv032lvx7vldxgxru80sxku56n']
1;070fb6c80d81f4f09bc4276c95c263e6dcc9cc66d7f2402f6e1b73b8b8141856;['bc1pe9yulccvmj4pz83vtncxzgzeq4cz7f48vcmmy9csahputsr03mssepescp']
1;4d5e795cb6916bbdee3a1bebd3a68d57ccfcbcc1f549d7df7614347031ff1726;['bc1pnejpwrwtmrck5u6thr4m7jd62wat5xka4qjz8s7mcez5r89gcp0s4mktry']
1;32d8226cb815ac396c43d24fd4c37a0b5d50aaadcd415986ba6843e377e0ca9f;['bc1p3myhe2tnyfhytcwdeqe2kldxcec0tngpsekur24xkqkaqx2l6g3swu3k6g']
1;d729547210274c29870bcbc2c4e330dd4cb61ec9971803df02d43bfb5a714bbe;['bc1pf0w5n5nh5yftzr7cc48059a62def07m0m669rzj689lqswphj6aqp72k4l']
1;60e3053cb82652e9373f3e446c53f8f845c8a1bc4056c6b3ea7b85139f043765;['bc1p47qwvrpcpep9kk98tsztqnr78chc23gr09d2zlma7x27mpmx4ysqqrm43p']
1;ebb5ba12e1678f9add8afcac75e8cd2aee71b316e4c148c6127c82ff909336f3;['bc1pj6rx6qm03dfe0p5c4a7ssqldadyh47e03syrdjx92l5j4uzymckq24g6xd']
1;9b8614dbd55afbde6224e4647bd2016c345186231b883f37f8dc18bc761016ba;['bc1ppccrurgtrrglc4lc0h5w860ftlgl8eze8hfatjyas99jylxwlcxsyu458h']
1;8fb5ed64c48d6be1804cadb0a48bf394c1459f77fd70d23d2077356f6a6ea675;['bc1pszppa06qha2nlsvthew5jt5mhya55ur9qkve68k690n6m2x7vnrqkmwx25']
1;c767fb5a854156152cfe5c180315a1e60980fa04dc1cec1d3371a2a2b9ecccd4;['bc1pljysxkart0w8560vg9hmsytgp7eayj8xl8yqf7sk6xs7gn5l7f4sl6cc73']
1;dee57a47652cc4d30ebea33be7182c1013c1cecb5ecd0554336e45ddb3fb6b39;['bc1pevwej5rskqrrvd32rle4thdhffjx97a470p7la7924stw9zj7xqq3d6h77']
1;2b6959ed56b190dec26a8d2016afd4e925a584eb66a4a2016725ffc419b5ee17;['bc1pr6rl4ptu9te3u7jqmzwsskmll4vlcertujwsfcys62gzlwynngxqap78zc']
1;5e47710a75d4cf2802598592a51d988210e1cf48811d64d655a1dc9e99b7b419;['bc1pzlzt53ra4uhx0yhw87xcytnw6p6hx6sagr0z6lvmsj8apgg9xcmshtqp50']
1;43e5baea42d6cc977c5c07aca1692d9656d4c59306c0511c40b1d78c789386a2;['bc1pqsee6fptp6xtvpqg5e5jjksuvv7vcv9wg0czjx0wnvk86d8k9ajqa5zaky']
1;76974c6cc3b87b75672274cff06940584f7cdbdf1c5065443d8412ecd16beb5f;['bc1p6pku8wpp4y6k96fm4qm8n98ykwgv3plyqveg6x6h3n8n9fhnpqdq2xte8m']
1;c277689f02c6db7f3b07c12cad263525e99cbaf8c96eb01a70f7168f0d7af43e;['bc1pu8y20gemyc6ecjmcjr7m73afgyylvsj3lehnhcxy47m0n9avfcksgrky8p']
1;f43473d6a09364f441b09456d73c027f3fe88ca7fa3d7537a10e2e095bd8c594;['bc1pfh4qus4808g3yum946zyc32t6t4uak47wdfjnx6yfah78dau8ktqq2qxxp']
1;6afb5d8941d73cc1518a54db6d10cdb9a57d52cf853459f644b081a8baa7c998;['bc1p0juuknh3g57gnre43eq2v59uwd4gfmp50gw72l6a73rja5qfw8pss2s4nn']
1;5f62f7b0d2ec9d4801194f6f4316aee25d3f375d4bbdc84b1999a96d9ffc0191;['bc1p94xejguavrynkeay80d6n404fu9zq9g857ee6xh86kv8vwslyz7s0n63e7']
1;d98ae51de792cb60d0eae31745da7cfa04fa0ca6895e8f6f4411020c14aa375a;['bc1pf5yk0juymdyzep9ftzy8skldwq5z6j8shhdhgve4u0vw7tqx7mhst0fpda']
1;8d617c94e8cf742795e162fb3a3c078770de2605567b54bd0f876cedc51d95fb;['bc1pcnkgcyqa2sln29je808qzr3sc3m92kzua9m8fl32hzuhf43mlt8qc5tznx']
1;1a2462cd6be1db517f799753435031a80d951b685608c3076eaa1eaecfc13147;['bc1plzry5aze60jdrua8sksun9hkhafqrtqupftlktv4hd3lpykqt5uq8ts6h4']
1;e9262bd21622661a4bf9b35133a3fddce89b8450237edd6c25ac1ad33c546ef1;['bc1pyltfm44wqvdx3smsu9uw3rhuc52p6034ju6f5588shdlwcsh366sd5tw6m']
1;db2f4869d3e68a88f72ac3c1a0e1c0e7457d56b7bfc321eac1956388cc255a1a;['bc1pjmufm30f9ux4wjqcfqxs4rv2c7jq5yqdhzu3h8k0dmm8zf9v8f9skkq8jr']
1;d2957511d261994d5404309364c1f01d4328c30848114b039aad94a589abea8e;['bc1p5v27fc08q8dzqqlz6jlkyp38c9narp7sc804xtzy3dtmwtdcc3zqllh4jf']
1;678cc11ce8e2984c66831c511ac4d734011ed3295b9a57837c967ea6adcd7c37;['bc1pg4pw44nhs5762aapv503uzcme5nw6rxzck03g9ncrfxs0lt3hz9q5gpvq5']
1;9e3d2e5d046f364d92200f7c262c87156d2cd8a8aa4342773f32c8755b0b2df3;['bc1pqm74mq3hdyw7hecw52qgga405sr3exk8ltgcaf8nnk2wqmxaykpsjf7ltm']
1;08b7783f2e5b592984b05599fa0e248d2dd87082f1277e1ccd09b48d0d7bff52;['bc1p27qxzjxhv93t5jugahqghvw7af88ewtclu7h03sce9d5qf2a6ews7hswa2']
1;3654a5a31d0b97929bb5f7b5fca5d577d9dc3c1a8431383baeea653f99e3468f;['bc1pjwejv6n9e8z7nuduya9wzcuslxpue3439xnqq97ng2h48vtkd34sx3uvuu']
1;26c7e18fef7b040594d9ea6bf70387586e589cb1c5f4bbdd2c81842f8b83d1dc;['bc1pp5zmc3xaj03kwg6hqx94gwvyt4j5zk0nz3l2rrlkssthpwspu35scgkdvw']
1;5bf1ac27a7e6f269863753ffd16eeb0438ad8c75c445f7a146a8dac9eb04b855;['bc1pmvwrn76y8agdhktg9casf0lxtlvkkffjrgl9mwr48t9txt7tx34sq6z6wp']
1;002590431d7b7394c8d91586f7664a588fe745fbdb4ddc4d5a6dc1beb549700b;['bc1plkh5m290y5qlhsfdyx2st3lmfckyzlc58ujj22j2vmqfgvch6a5qxx8fkq']
1;a53dece43fb0425f3a8eb19fcaed6aebed144da20a6049655852ba1667a34bf2;['bc1p3jxxlve83rvyyn44vyc4vy79a5eecug6l9h07la58nngshw33wsqhfptwl']
1;0b46d3bd1153afc9e16cac9b0a6e5c71b698f1b8426777112eea82b60302335b;['bc1pz6uxqwx39vlmfu7elq80yv06szgascsfp3ayafhwlwd2sz89hd8sdhcym9']
1;42a95094e508be676a95096000ea1d638cee6bb2e3aa349e76f5f2b0be34ac10;['bc1p5d000rs50ph474sh32r0h326v02xyzlt5j34xqzwkq89z2e3n7dsus8t7f']
1;453d926c6be194492d9f36b8495d92f5850861020348ca8b4038e421fdd12d21;['bc1pyey9ztveae24g43svs0ta4cut83q5whmm59zjfs4j2pcn5837epsy6a4vx']
1;512196892e84261e1f35a988c64430ea035a3b70aca72f7fc6c90260d31ef8e9;['bc1p63d4e3vr7sehj8f2huhfftjv3dzrf4c93hkrz9zchsda2mme8lqs0kqyfv']
1;4aabd55d34f12fa486c65e4594d8edb60a8663c4321ca382b4e62afc1e038ef9;['bc1p3ccj66e4g3cm4yxaq0svvrgxk0054k05vprwtz86fm65xuvlyr5ssh5d7q']
1;a9d910c87c9277ee250af7ad905377c6fd278b03f2aea10b7aa646029068e756;['bc1p8q9wauvu7m5vpzk89eeevqnxepd6puew7c3gyc432lm2r7sswxuqzdfmcx']
1;6fecc77f0d0a90daf6581b806da003bc397943d94a1720da883aa4a608999c88;['bc1pcjrs68lykvdrcw7f5pdaf4s4pww9u0mq8g0n95vlkhfclz96fulss7ud5h']
1;a12db9ac5e2691fea966347ebe2727fa6829f07ead092c23b923888712f936be;['bc1pykp9eca83juqzdglw55z45p8lq3s70xtq3y6kud9su008k4wu2nsmc9gvz']
1;f3ee9c8c7eef509b26b406e6a2490132ae322de62d84c435e0902ed49b8c6a4e;['bc1pxszjrsz6rc7uutv3sf7kwpnjut6jcweuylkm2yen6gxnh9q38qkq5m3puh']
1;1abcfdc03cb5be5632df64f44894403af0c0fbe9bb6c2d4b3bf86c5a6f44f1a9;['bc1pzehccq8pg9t88cjk9cjq2a4yu60fp4pkujafken0l3lsaqdpvq0szsj30d']
1;0dbbbe3c56c72b050d32389a39592284ee0a0658e4aa29b7ab7b1860c2067a23;['bc1pgnsvmsupe2f7w7nxgtg3y8rlds6hqlk8ec4su69kcj6xsgvmfa3sxp6fpe']
1;1d7b62924d985ac0467fe6f59cf20b0fe2f72fbd95c266616bf5c6cc899adb3d;['bc1pz2vsxvtrzkjqfgxcl9qyedevhv534pkjq79une0c7gh36rxenqfqfnqae8']
1;e86982bb0755bd76084b69b45fdfafa0e749d199679cd03744ee2409139c9ab3;['bc1pnf5sprxyt7t5rdvat6yvsnm5x3hr4lsrdcrs3ev09e2w25f7cykqtqkcpk']
1;3016a8736677c53f5d37bfc0f03e0105c2948baafc7596dd43c66939d8a58357;['bc1pxf2f85lzqksykq7px9mscz85s004y5wv2hr5ygee25pfm8gavqgsurxahj']
1;f60b2bdfb34103b5efde481d5761a59f1973c46fa7a5d970ebd50b3e0504382d;['bc1psch9urnpv5jltd8v6sknmnc45y0kdreujja8gywaax3wstvwr9mqsdy568']
1;4d6dd7f225bf1e6d1267c782388afda32ee33e05a7d33002a4db7a3ef3d8d23f;['bc1pg2wvj7282s5au5grutsh36ph9gt5dd86tutm7rmgdkqfsr567ccqpq0hlx']
1;716b61a9bf3acf685dcfa42e20d20e8cee43a5434f3b0c59eb272aadfe102a30;['bc1pkd57nwsxtvu8fdvsalpc86edudcpe54v5cqvvxcxcd3ra4s6s0ps0u2u5s']
1;5bca459506a539f25dabfd784ba4deaa773959dbd53cd9c0e2ce2a88c5bbac0b;['bc1pypqyexfyc7qxtnnzffumwk9ja9ps7jqxuk46n4zkm4ft7u0p4xqsfa60g8']
1;d5d10a874d53c32f7277251cbc3dc0b741e207ef27cfb8f7fefff0d0535967ba;['bc1pa90pygh5rhtk9354u6glajpuyd5adjlddmtqqq2vam2plmxj37jsndxm5r']
1;86d7d02e8f1db79917d5475940b3a921bbd002f46de69089abec27bedf78db28;['bc1pn2vazjgdj7f7q7wpf6ca4cnh35q53fcgj92gklt35axy4uc8uxzs2q3ucw']
1;8a4a79ac493386c79242355d5706435a431666365f928d27ba100ab5e21f56b5;['bc1pl6cg09wn7ymrqns8gm3pdw2juhfqrxvlc0ezdj6jgr978yrwcwvquw4qe5']
1;81e45f734d9ce4c61ff6259c8e878ed68596c6cab96c4848a194557d296b47d3;['bc1pnj60gwssy37ccskja0lj634qtd5z9067ya0l7ws89hg6wqt25svqxzz49d']
1;7d32033bf2fbaeafe694197f9ce676b9faa412bd0ec69e18c6cefb50636fe2ad;['bc1p0zjygvpqk0v2mx77r07c6cqa2fpzzdu3mze5efxkuk5ynfqkyr7s2kfhn9']
