1;b337452594e8876862c102ec3604ae26e2633d19d762600debeabb7033f9fe7f;['bc1pvku7ez57jns7x8045c4usvndga7fcaslpq4j8j8uca8v3z09s63qn5rz6g']
1;164e381bea6ecdc1f832b9eba22574ee63c2e17bee510685d7227473d9b443df;['bc1p5w0qx6rge4fu96hyr54qnzs33dtn5q5hd754ccdjkrgm2lg29dmsz7pfd4']
1;1581a77e436029bae66e58f8f1be5dd6b756dce9907c66ec125812696c29deab;['bc1p8kf2me59lkkuvs30xzhvc4wwtcfcynhngakawkdjl8xplj0vp0hsjwv3yu']
1;bc60e434e136b3a4cf9cfc164ee0eccf0103cfa13def4c33e5ac0ffca7a34430;['bc1pm0am6ue89vky970agszjkys7fsg293m59l5l4zxu6mcwra9zunnqgs6kry']
1;42c168048ceff2679fe50598cfe0f604a2dd90045b3def6b4abc9d4a0b2daf7f;['bc1plugtqpzq2hlk636n8wqvlys8m66arvlww9zyx5atkxjhdyqkhutq3javw6']
1;496e64e07856a29a952e79e125b3aa29386712638fb3caf215aae583c00cb5c9;['bc1puyjpslll6dj5fea00h6nrtpzrfg7qtydph4gzv3xfre0stx3s3nql3th0f']
1;e32f1fa45884e98ff441e3108319577574408426f658ead290bad255da435133;['bc1ph4ax6a5jwmx0kkepfaep9vlt8h5awadga4z8c2cv897s80avqqnqe39xkm']
1;46746a588d734678d8fddb879b1c99edff35d313974aeeafb7af4af73ee83849;['bc1pj2pm6p90nvs2e390gvw65taunxgc7p8jmud72gp4yyvmq366vetsxk38cx']
1;104141a470eabbb41b2cb630ff660dd79e8888199fc5230ffaad81efdb8e8254;['bc1p5cvmkuprsxrjxqy9q66qwhlxqyf53q0s7gdpmxq8agcdal8fdzmsucsmz9']
1;87c9798919687e35a97a233e532e0b2321d31a412b801e68323564e086af0dc0;['bc1pra6zq3tc8jhn8vwss6eyqfa0huw5c3884altm3pd6ny0wx8y7exsxv9nnt']
1;b9bca71ec6042248111c841cb4513996353a3fa60096e6277fea1ef3355275ad;['bc1pmmhxtctntf58l2gdfw7jf96rtd2newt5hptatcg39qhjmq8y3xhse46eej']
1;d37f91e1ed7878e4fe28a7786504dba45eeaa08baa7706e8632225f4767081ef;['bc1plk85n6jgm5thl0wg8yv6pjz4s4gj7ekzl8pkd08ccf90ldjxxzns4z6ct4']
1;e62a04b80f7cf304f1b55e652f4c42546e276f0e1a1da396b1809b34f8fa6392;['bc1pv3v470grfcsdakfl3pma9hr7jxhsnp6vkckdvvv6924p4uxlezqsrwjmvd']
1;3edce09355bbaf0f2ebaeb3d199beb9f2696ba62db416db50c8f05e4923bc50e;['bc1pk9lyxfz2h7xus3mhuwmsaj75m0ymyu09dan726zy3ahewftrn70shmygc6']
1;fc6e817e766fab7791a8259dd275edff1d903eeff4031008ed94ec70cfd6fbf5;['bc1p667n4vfnjshg6k9jrjw2muktcrh96602jhs0gag6d0zlmdvev70qlxjh7n']
1;e4cf16d607dd0432e7c312152e88295e225a13043446699f5b3782ba22e790ae;['bc1p5427nzp26hnzempjq6s8p0st4nkcpazgeser58sd9grax3rstjqs7wzser']
1;4cebfdfcf38a7f9e9bde58acb9f1d596baf9120a881bf0be95df7b0ac942c3e9;['bc1pmx7f8uvhgjh47wp3yq2tyhjq6fh800hnjr9xcu4q4nd03elcj0hqjxh3ll']
1;48d1cc33eee8d5917a4b92c8a66683349b25c25d9f0e1c03985ae7a233dd0e74;['bc1pqtnvexktxw36lsl7rp5fzqepyappkz0tctq0yj8thgjvvrc277ls376t76']
1;3511de09450ca823222a87254f3f6750edcea323e8b25b7fe9106281b365393c;['bc1pl3qvxu8jepc90zfq3kzzf0gsge7ktdre0au6rh2z4nz586d7q02s9t3ht2']
1;ae365355f3d7758a15e37c361542196a132939e6acd8e90fe7504b6cd415caf7;['bc1plj5d489n467p4xn3ejstnhr8s3y9grl3gmm4e82u4ecpca66k2qsz54hnr']
1;493c58cc51d376d8f6ba7745a5e1c6bf1039baff46d8153a392e6ba73ab116d7;['bc1pcx6l9259dq50u3qzqzsdw3tx4e0gjextzmcdh6uwgm8la3srg92qfacyrc']
1;e976b10fbf88237af8f5705dda6860402aadfb12351d4b8c8dfc6ec6ffe074bc;['bc1p0p6ns9vd8nf05tam6fnsxdg79rlvt36qavc2vvhgagtf5q093wys7vhe0w']
1;e28a3c2ac70350d7cbd413994f10410360bd04445670a143b1e72ea2ab2db5ad;['bc1pkc72rneeuq7fstrean9yeyts0cys6msxdelt427tnxpqjau60vmssvkzt0']
1;88ac5e403a5289f5166a4e63ded19b7b5582ebbdcf72809f3b7f58e0e8dcf5ef;['bc1p6j3mjd6xyrje534klyxpp4pp02t3dr59ss535sculrv49qwyqaeqc3yl82']
1;70ef53bb53990bcd0fba365942069265fd7be8310a9962023fa38d5f93c647e5;['bc1pr5g874aem2e5vcrhs7sjqftlexcllmekwg4cleuh3p0p96zjte4q5sa9ly']
1;51269b4a3dd96e5845d84e58847369a7fb906a03e8aeb9d04d89b5fd6549b9d8;['bc1p7m74qdmrypg7gd06c5anwkf4wp68ltzmxww363k0nh9sj3lc857qljw76p']
1;5c332da5a08aaf8d15f7299a2bd8c3f804b9a72806c62f62b725e00bf9529c44;['bc1peztq4zlp302qelzjd6akzw03d54zwe7mc4jjxlf45mg8gja7g6yquaznfe']
1;33ad9240c659b49d741f7d8bc8a6c13280579b99d0d4f345a86970cb164b20bd;['bc1ps2jc5qfufydk4vmrvgv9596d2qae68kflh28af35qn5tdqnh74cqx6zvq7']
1;6c1574afc41c9d6a5fce081750486612a35a145ecb79115ea9d3f166798d2827;['bc1pght9p4n85hkaluc9sy8su2p3f78uce8d745djm9zlh7rencllxxq464hd6']
1;de26d9104466e803ee1c4acb645a758ed24a97004ece4f8c21036210fb0cf47f;['bc1pwd5tr2xduyp5k6l55qnpvzs9cr7mpr72plpd3z73q7ac5kmvm6jqzsty8e']
1;071127a23d998c234f23e1b260b3de0183e8b12569539827dca668ad7f51a13e;['bc1p86j40x7vp5590c4jfmt5e6n8xupdar0alrpcfruem8s2ez36encqsjqtjs']
1;46ed770764d54d5bf9cc659e824bdd5d0c6354a82cfbfcf4b3e38ca7ecee5cce;['bc1pzgscwpdcukap8ujwnj3nsr0c5wzqcs5p6m6gja2acuje8sklkpyq497dlf']
1;0e8541099374e82aca16fbc5c68f2a9922ef1e90dd684d654dd577bba230d783;['bc1pu8nh8zr2g779kuwtnp9zazuxxq8sk29elky2rg3tlcwuhzh3qdaqeynwch']
1;b974e836236a2a50bf31a0b0e86cda624eacf79c4e8da4dd5ab8b3a88dc0033f;['bc1pppgdttnm49jnqg7h0eea3rktcreuylzk9kna50d388uvruesw3jq9f3lwp']
1;76231ce0cdbd84546242d6a82113962b441f70574788759faa4eb41fea9f5542;['bc1p2k8aftmj4ncf0372af0jsf84hj685rh32a0dk63ag60ymf63cnhse0vdg8']
1;8fca38be8039f015900939477b9a98c69f2b3bd9ad66f4fa93d6f21086d4b1e6;['bc1ppqe7yayx4tjrj3c7e0g5a6y6vgmfvkht6whsdqa90x4ardrcq9ysw9q5qy']
1;c5bbd6b6a8cbfbdcfd2daf86b1274ae2d49c8364a154ef74dedcbfbfa111f8ee;['bc1pwuy37x26fj8a3twfada8u4k93gv8kd2xyf94t6altn09kjwe80tqe9vpyc']
1;44143330953a3a475dd8ef9352b0c4259e9c7a164b8efff2faca11192f618cd8;['bc1prpnx4utx0vtuayn3qs5fgnewrlw88ywt9mjhcx05ks0lvusftkpquxj7h2']
1;88756c3db0bef4d99bbc3edd5345a6522f1567f35fd7b4a8c8e3290a66f7cab3;['bc1p4aqkhp23e6rc023ju6j7zdry7hyz6qznleq6n78jxym0vefrzw3qjvfjkc']
1;d96f39fef3e9c2ef05b35a49d5a585fb49c2fd63f37426fff72717d21a713a84;['bc1pz65h43n0vwdl5d0e28fu8td49pdqll0sf3tux64d7mdk6j4z9dqsm6j58a']
1;648005de610d41ea3f73367b4f13bf5a0ee3f42db58123e33166f120e38c4a70;['bc1p37pemhmx9uhgt9gjtgdd99jpjcysjtyazlss73ht9ceyas3jl89q9ery56']
1;3440c52aa93ba1faa582f6ca0341142618cf8b947add0dd72e16832ec523fea4;['bc1plr6d0hnd43my9ma5q9s20u9v2sh4fp2nsvkauah7fpfhkdf333hsdnvaga']
1;11bfbe25f07bdb9af3a087acc0c83aff92bcbcae3ce14187818b23fb21962725;['bc1pq2c9j56unsz2q4edjngmqlf9uqqq2a426500kxr4t62ks7k4mt4qjle3qz']
1;f356500744b0fc69896f2a22184f305be9e57dd698017692fbad6c456c95f0c6;['bc1plg7wsjt8kk0q8t02k08wthye8c6u9kvj7d25l0uea6pplf4dckms42fv20']
1;c218674e9cccdf028664963465dd9e2b101676b1e1dd26b51b805ae24e9da728;['bc1pays9qslhhv9lwdzur7upg9w96gwdttjhjnv0caektfyr47mgw67sy3t3sa']
1;1a2f4ab457c51ffcac32a3555a0e727abdabe5ebe73f49f8bd155555622f653b;['bc1p67pp365w8ty78k7fk3vahu89k53mnf0rkgf5kl02s7gp0gc08x5qt0gem8']
1;e2d4d8c21fe56ae9da3dbffc597a3e67d53ab0b6de7f1a412ad5b9fe8f37eaf9;['bc1pql7jf8e4ne4pnaq0rrs28l4tvyr6sux26va7tlmn97hpgl9xp5zsac3fmc']
1;33c72651b6bdd40aa0aaa95a1be8d91d6c8e8fdda09bf08739e8d62c0b340a00;['bc1pn42zk9c9k5f3k83dltf3m6fj9t22cyjyf5sdglddukunfs8kwnlsnu8twu']
1;600067da87f504dd50c38db245c9690ab722f7715c4b474e0b268e26008ebf5f;['bc1pq4pdrncvxdgusvpawsh965e2q36s2c0pg3znasu94l0rl5qyasnqz45449']
1;51ee1353350f411895695a6a8637add7e393c061822a5a1f89347b64a9284bc4;['bc1pfq2lf0mt0st57sx4m6cmur2z5pvz3fyf4aras8yagmjkucnvmq4q87kyrn']
1;fb386b132b59c26ebd965b9f121eda89335f5496fbc17e47aa3a1a936de6a7ad;['bc1pk6g9f9g7kzuu32wz5gk5h52r6h2mvd4xc8cfl4gmwt4ynx2eqtgqqfqvxh']
1;beec9693ca144c4c628f02a2174784a4e391ac1d8f6cddb229d2a40adee131bc;['bc1ppxmkfql8dhxeyuz7wd7am798qrg62pyjvxcnevqf5952sjke469qpvr4f7']
1;a4ad6698cae982a81bd074be4dc58d41a7874f90ca2efabbc2eb86370c9f92d1;['bc1p9z2cr70pk5gxx93nd90x7u2makvvcufgyc9kg7kezt9tg28epvkqnzxx73']
1;a995e4ac054a05b16636a09aad180b1a418ad426cc1a8e6e36112b7991edee38;['bc1pfszjm3a37cwhxyf3uqamz4hfxgdjpdxasywpwlxfdrxgntp0sq5qpf8jr9']
1;a45c7eed60bd4393f2560be71be034e9a0bd9c4b553a2ee1bbf0ce70aab49224;['bc1ppkggrq7k504z78k3zeejh4cuavcf2xv0depyk693aydnvax7fz6qp585u6']
1;b690c275ab3ecce010ccbb1c807b0d276c478974d195c10a8791a2a0e52ee0f9;['bc1pj80exuh4ephhvrfncdveyl0rk68ewuwmcl8y3znngq9g7c46ryjq0eud2t']
1;90f35a26078b1e63eb5390329661bbbee8942163517b915edce5f8d86b40644a;['bc1ps4sdewjxdr95eu43q5vdntujsgjfkucuapxhg7mgnfrsmw5cga0sxz7a30']
1;86e3d7a831ec97dcb37b434187b428e2582d19d890aed95be6b3d3ecedb0bfbf;['bc1pug36ys05geuqg2xzveqkahhe7cvn2hz0qe4xkrstpsamupguqm8qkw6r56']
1;74b16cf3ed79adf93169e60fd73f6801f080e056ebc60dda816f23f1579deec4;['bc1pwn5vajas0ktdwy9yj0456588v8pjhnkszuw8h09pyav9umtxq36svd85jy']
1;4bdd4ba645699e10b99fd50d4c6a0c4ae0f1fbe5b9d2d376ff0e92a60fc3e775;['bc1psydnlvrwzs5f4tewmv5y0eunelupuj06ssx3ulw4s7q9zfuqvy0qtc93f2']
1;e874a7de738535529e68263888a5eb3b6dd8d95e19c537c611fd00639602ede9;['bc1p30m52keuf9l4zkc2yh272k4m2gj9lckacvr2r0zly6vz08ey68lq9v9dsd']
1;8d1dea71a7d9ad147c1e75d6de181062e1aa9b0e92b229776ab51e2f0697cccc;['bc1pjqvnsaxfklvsw35h9e8gqldx9lyssapydv8539z3qgzs4xjrql4qtn3rsk']
1;bff61273028277fb118a0ac0d70750f26bc57a4db039aae7e1624f7e0988ec66;['bc1pr32zpn88xcrcsuft0yn8yr70vgye5fezyh5770swry7k4p79u2kqvgh87g']
1;eeda72b9144b0ba7d7e3ddd9ff083983b090e8e1e9ea4e4c92b057a5d1d54adc;['bc1ph7cy59ueeglf8k20q2veav802audnxkaqxtz5l7v79mcs7ryrewsgld4a3']
1;f3a14c6a6a354e5a9ec81016f3f1d1458e05ec3d9c0b31ba54edf1438ab8bbfd;['bc1p87435pxf0wrmelp46p6ys5u37qwxeunmgqjhpp645cwwgqrpln7sqkm75p']
1;a1b68fb1f6d98893a796b1283dfccdd182788012ee71348a4ea4109a9adf496d;['bc1pkty4c7wmt9x8alpmqu3ew48j7uxutudqadg7qx9armvp7cy0ut0szk0ws2']
1;881ad2ed9dba525d5e37a7671c9c8f22fcc7466678c8fe252e2ca6c9711c9045;['bc1pf2cpe67rs82dywvmhrm0ccacg06euz8v5r2lg0nqv6gyx4fknlusytpnct']
1;c3cc5a5a21579d47f7deb6235ed899d0dd99b2e33ba57eca49ea2dc3a25dec01;['bc1pcnt20f8sm7dmguy6a0dc850fzzeuvtepf98nurwnmrldevmmtmgqzrzf6s']
1;2a970fc4c92077f91bb9bd09d542dc70a93a9e5d6c66ff7b9984520d229ef51b;['bc1pvwg0apyauuh95cl84k6rxdg5k2j9xqeds5wmm8rgmcswpph38jssxxf3mg']
1;e713be3fb83b205448ffa57ada3a71634747f4b92277fa54e7c4c3c415975861;['bc1ppuwhdjc3wfx2e7ty4kyed6fkhau6c8g58tg4qyjazvp694f3m9tska3428']
1;5442f8da8082f63c86b4571f38ca1a97122de837c1724b57f5b109f4cbe7f05d;['bc1p0rufdv0ej8782utk47gntph0k077hxl8vth2kt6ukxhvvtpxx5xs3mvn23']
1;a7854877a42244de9fe2a9a949cfcda4e13998b6b0f514266ae2c0f87aca6733;['bc1p0u9sn4n8p9znjpcxgrdakvkw2nmyhldv8gupcnrhnaw7n3tryjkqgs0964']
1;1d694cd01e14472ae9dce36bf5fab32ab6c460c81ad2329015490f3dced2f4f3;['bc1p0gtqfrcw3sj3sc9hclkxkfjps4px2fvygfuj65zeju3596fxunuqnyprxc']
1;b35833271e09812909db0c84dd52f6c2a18b5ea683e6fce326ab691d01d46de1;['bc1pemzh3rnnt8qldc47fqg499e47xe22wcl4ml7fhe8z7ew3gnxq42srzvfng']
1;9be2c655d587561f3fea6b312f3947683432e472289b11d3d290899124df61b9;['bc1pp5j8rmanuggd0qrtxadyuc6s2zyx2936lscvfltpuywekhtmm3eqxx03hn']
1;d711e6de125aa5a2aeefb5629643cce99b0ab5f035f33d961e6b56993021573a;['bc1px9wrzhrkz6uyxjxhgn3h0m0yw4tyzvvk6uqd7hugp5wrlug3e38qkvut0j']
1;06c196c1dcee5e0197ec4d6f9ade59970d602d234b654025ab6d605c1669fffa;['bc1pe8ar6tn5zs0xgh4cgu9n6awus64wnh6sve0v066prkwp5zk6xu7qpnjxkq']
1;12f2764d6894b8449f49366cf41a1ebff05e23862dfca3522af165079dcae379;['bc1pqlpat0cz7x9cur4ngdyc4m3ghdfu84mdc9vn5hrvn89ka9k6q4hsrhxpxd']
1;16a71e20b4ceebd6f4c70ed045f118af6c4445b60a0df4a689aab6e5b5fff652;['bc1pty2c2nm2jt8g48hec8xqkfp73jws8ewre0sakxlxa6zdmx2rknwsdgrq9e']
1;2709be723e6d1abb7d46c7a7bab7d7933f96d37b40fdcb93878aed4d505c5f46;['bc1pce746j5ntu7cnqx080n8wj2hgj6mw8r3lv6lpjpa42ujkhlwschs5cvxcf']
1;23bc7172cb4c3cfff2be0f27a8a27a61c5dcd32ee3011e958db05e23646218e5;['bc1pg0h800m9e94dd5dtrk5n0zaax0khq5yt0nyjz0ttuv4jpr03zezqaf76x6']
1;157281b517ea8dd2e9318f3bbbb691f58ad8d3c493aea62351601ad0dd0fecae;['bc1p8hxs6an3kau5m5fhhyclvpcsnzzsh544f4my4qn9dk3gyk8t905qz74jfk']
1;61867e8fe7c21e1224299b85929b667a16bccbfeff81d451034b5ccb37bcf329;['bc1pejca4xa26tkpvrltnzgjdhxyt52x65gf47ctcyq36rl5yfw9044sv40ms3']
1;30dcee42731869de55236ce3064776211a0c98e6eb46488f5782e65ba56479fb;['bc1pd6ye7asde45hr3zmk7tv3j3mzr0f6nla5anu3azcfkf8ls0p82gqlg373l']
1;12b5a2ad5008cf82a77d6588e881595840f10661d74bca7f02ec434eee993a3f;['bc1pf9jkvzlshn648kytr2t79ynycw8z0x2cp2tt2a57dkg9add7fw6qvu0l4j']
1;45692bf09122c8fb9ce7cb8a15508926ad2959ffacf57ec25352d1d90cb08a7c;['bc1pxjt99uun9c5xqmepmgasavke55dxt44xqsyakm2gh5j2xmk4s5lshuxm3c']
1;17fac7699be11d555edeb828802f4666cc8af57fded4b5219cc66f1afd41f0f2;['bc1px3e2f9k0kppscxp2m6c7mycuf306ey38yrawcc34ce94lvsxeatqpdszcl']
1;0092259a545040b791f18c5f5418a8d50539cd0031866f7392ff0f93bf7cecfa;['bc1pdu9wgtzd08uszek6s97xska5v6lxd33axwgv8d2r4e5aszv27jtqnzcfnl']
1;80ddc2bfb5a404f05d3fe9d609688538a261c8a356441dcd36730a4cf4b171f4;['bc1puh2fefducps2wpkz6k7x24lk3mugarsqq3wylqf8lmes2nurjw3s4tqz3w']
1;c32c2489bdf3a03b02123a5c792d8fbece0583cd1ca5b46700efac29b9089935;['bc1p53cfjel6x0d5ey29yjd04hzfdhenhgzrfgcpwes4fnrryw9nqxpsrsy7ky']
1;5cade2e4deb17d9af330bc563d1a4a649bbc3a422b4f23dceb28e7785b70b0ad;['bc1pwdmgn9xee8cks0fkglcscjrzvpefzu5yfasvueutcqtdc382xcns3p8t35']
1;425764599eeb65424b684209f4e4a323bc85599a947395c39184a99322bad30b;['bc1p700rvthc2krr9qt9sam8hd09k9vlawe7f8vmsfq22t7c80mvwhpqxlhg3e']
1;37de20788f442161106cc7fe6e45ad58c5d2ab9797c314bc3b5533db7ed544e8;['bc1pzpx63ydu99n2jmf74y3d645qad7jlxdtrs4z7kqxm28ppp5dhyeq6q2dlm']
1;6461f254ba6df4d1af39a25fd04060bc6a690516216daef708cf8e050b83b4ac;['bc1pvflcnnkc68fkfdpvl6qlw3jhak6qkrmelw6prycnmurf7aq6xtqscwwtrh']
1;d942e132b0cefeaa30ee19bf20cb6592168289b2c0e1fc3546985cef7eee0200;['bc1phqd06kfgq0wutxc253s0u2zce6qkdc3spsx5007tzc4q56ar96ustay7mp']
1;dcfe0b0f8ac6b2bddf3bfa3e76941b10eaced1696cd9e22050817de2a5eaecb5;['bc1ph8qea34xphad3vyg96lh6gf88tmrjcwg58a6yq6xupdu4uvgsj0s6p4j28']
1;f13d8fe81c8e89f78938bd60ac6c166fd19518d14a4797f2a1e80e6beaded6df;['bc1pfewj3yq8xa4fyn0halq8cnz073qj2c85r6pgectg48la4ggrvauquj7750']
1;f74c6a9b2b7645e07ed42c57661f7d865e7f2bed349f8dd38e81f7327289d792;['bc1pmxjed9stlezantaeztpjkjpsu4d6fw4kdys70rmsmcn393hucewsrgguna']
1;07574c87a7b892320d940da0a2d63ee1dc43ccd38e1c8371f41d32d53940137b;['bc1p28k80n73caue9e0y44xee9xaksdx9ynen86f53elaqkyjn49y4pqf36vy8']
1;d421d3e8bc972f80971d3d1f9ddc0b5f22a81e341daaefff64055e554a228c2d;['bc1pr0ltwpnax3t05g4vej08shjly5p9zm0nf82ayhhc768jy5unz2wsfkq9j3']
1;651317ef1b595d7431467b3702f6bebaa02bfde6e3dce3f2b686fe238aecd731;['bc1p3t9aet9yz8j32s620e82qlmkddqfkdj4562ea0ksejkr4a39438qtdvh69']
1;2059dc574cc3ea552d5badf5ad0014f555f4cbab546d835f880e9ca9746c1ee4;['bc1p08z8nw9rds6p3szr0uldmk86ppmhl64d90d6vhsp625tqmqdkr7ss7e4wy']
1;e4e3bb641b05e1a2b81dbe22ea1864dea11c47e12b7cf0decfe37fc13804d0fc;['bc1pqge3r55txxy8n6zms8tzete5yt5am480l99rx9gghtu8r4e28s8s8s4tcu']
1;d6bfa91ec7c49ea567c6c003ebef9043f7ba38bd8198ecda3294acef3a165650;['bc1pjtmy6qperya5v2gs7z705hvvrz6rnu9ku92mx79pymvt50kfv8tsnjay0w']
1;2895f8ca96cb10a4c8e525f0b781aba34de1596911418324171b2b7bbc3145d7;['bc1pfn2mxnfg9aq7uegddggdurxklhutx5khddu69rd9vavrparjsksszsj3y4']
1;1e878af9d8fe63ad335798f522c40f1dd9d2398d359becd43c78079fc9925579;['bc1pnzs7kqshuuxytt4335s86s65rny6ezvrpyt8g4ypd4lkz87qutsqnmmv66']
1;47b25a3ca97491a46ebe0ee5954b3f6225f7b584b0c35e55bb9e72ecd1aed6dd;['bc1pq9tuhsznvct3jhlxruqmnmlummaxc3qrhkrevdtl42d4ymndgq5s3pd3zg']
1;2523d67cfc89d1e25939c6792c05aed3fa0642516564cb5a30114ffa81a9fbf1;['bc1p5g6wvv7fygy4pkmgtmfvxkdfwvzm370lcv4j4yedwzp224lyavyqkw4kf0']
1;8500f49235c97bb982cb0a7e5f6ed00ba68c8f0cba745cb9dcfdf4b9aeba458e;['bc1p439dl9ghr37g6kk9xfy338ukrjt77p2rrgkzrt3fm94v8gdtqr6s3efyw9']
1;595925a5a7af85c66cab71913a2361cf7dc94cd08e784d826772fce87f32856a;['bc1pu6q72qvjrseq9tksza0nfxalr5nsm94ar6gtxhqfza32yfnjxydsg65we2']
1;60a95d7fa2f8d08191cc7b013382dac0f5faafc118760469888e5683baad8c74;['bc1ps8sv53xxh370hgs9jtfpn8fz272qq59ku2hk79ur4ay07duy29yqa8xn2m']
1;1fe0b51f35c9264e9e3c7788705cf5da9da9c7651c924b89d21e01984f961d14;['bc1pghlrz3lnvul36x9cftwlsh7ldgyefpg26uygz926lkp2plzn8q9snxc6sf']
1;c982b772d8e4c62362ed2534fb351ab8ad3e5bac4c758fb951d0f7709ab12928;['bc1p5a7ly27mymjehg2aglcgyv9smhmdmd2lg3lvj2e288rlwdsprylq3xzsuq']
1;f5fcadf2f474d460eacce88fe5d05b95ea844e044eb741e69b28e9063f88dd02;['bc1phzypsvyewy0dx27q8ukye5u3rqkapyfu8qq0gr2ea8lxe09eze4qkxzns4']
1;dbcaa3baf2f0323dd3db35e19e67bc65a6732899a089d2057382b71b97451df3;['bc1prjt9s23z27rtslqn5cqsr6ctun3rrpv6zduhf3x3elsmh4sa7zkqxm2srr']
1;349b17da260b1162da5ffc6b4f39da7b7d492ef4c4fde0a148444579b8d32309;['bc1purxfynmgvzs5r5cl7fc5ndt56q5e6mgp6ccdwqrgape5pyv7fmxsy7v340']
1;fef523cc8530fe09c78b18d5e26353efabfa4346488d08f1b7ecd05004fee8bb;['bc1pl3ad8jq8k8nwsyyxup4szepgrxuzvz6gzdpwj28rxaarvrxrk76qp9rx69']
1;29e2c685661b34425022295466e978dca0733a921beaa5a56b1aed72d0954c74;['bc1pacyrps5yd3wqrjr3xwmkmuxz4s6ey6sgjclf9a5ae3mder4w220stlyymq']
1;801aedf7611a4d49c645a10bd03001e4ab65dbe4ef16a2b37afd01cfb0b159d5;['bc1pcyeq8xzrnny3x922u7m5accldh5upg4zfxwt52gtt74r4m94uq6qx0zq6k']
1;a6f0aeaf41dbd96c4524d9a61b85c98a166a3fd217a6516d65c87d10a3ecaaaf;['bc1pmhq3spgshnj5g4707rvk2y62tv8zq98rdhcmeugvvhsddn2fdapsrjvpl8']
1;92cec00d46de81c9f5b0d06468eeb4d39704407e4cb5b3a2553ff20762b04350;['bc1p663jy930fxnehqrhsczfwvrv3s6zqpyp644nhs6ype7jd9zv9daqyj8402']
1;0c56267d1acba0d0abbd3e9c63f3d2c88a09c26e0efb10118302ff0e8e762bc8;['bc1pnm2052t3duwrmw9npmpk0l8z2u7hxmms942qcxr9shnea4ds6dtsla3v3q']
1;e9903b6f077de47d7d1384ade3ad3415016eaa66a3d6b724c9b23108032d0217;['bc1p28km7h2xr4shxug8rgxmswnyas7huzx88a85483t5s442zwj99ssfjhyuv']
1;d9d1cb02f8770735dcb5a0dc6f0e11ecf8473e1edf1bae9e91e04570073a5137;['bc1p3ndw4kl8vmfm4vx8gf590pg60kne2rtrn7tamfnyhlqpcaj620xqmnyk5p']
1;2ba205fc674474de2a6526fcf514a043271f3a4578b46a49fa1d1f2f429d2618;['bc1p9yx5hjfk50hrzelfnlapndjsdrdlqsqaa7d5yxcsd5gqnpvg5umq594m35']
1;051032093edfa33d5209ea623080b8f6558363b35ac48ed43992b8b909625470;['bc1pqp3fk4rxxme3r9xh4j934al9lqch44pkt2fc7d9gngajwevflplq46ta7h']
1;692eacd6b147e15771b45d7f58a716c75cde3d7a8aaf68ddc8a906fdcd6bb9e3;['bc1p9560m0crnc27ls3pudatau38mwae4kylyuje3rsa7u6nwsm56rzqvjup4p']
1;f12d415de774854e17aed59084a10f0932f6315bb8245e1f7130271f0dfb4db9;['bc1pgqf55ng7twj9yk6kw8h3w7l0e0tvd2n4088uwkprzpucx2d329fqgh44vx']
1;8b2644e479a02660424d0133820c39e9fa16fade365eff8915e85480c4a2d500;['bc1pgxp9eg8dmxztp0um8x28qhhusynchrfv39suul7va5pl60zxfmrqzfanxg']
1;03c620889f29f241e28493a32de63921aa1de8dbb4955310ea21c1fef7480e46;['bc1puh86lec6vm803nprnnr4rqqlqysng0ejrymu76cwezeu4v0tsecs5t4tkr']
1;c85909487c8e7eea81b247b97a22d27371b5f179dad1758ef1eb34111595d280;['bc1puw6p5ymezrvty8q8xvaleantlqq0kp3kvvpedn808n883q2p7mkq7nhw4q']
1;bf0170f61b9f32a7d1229ba4b0fa8bb7e076bb7cf2706701bf4005d65bc7307d;['bc1pgmz5dnwcw4dkr2ptahnec76t6d8ewsulsum6pcxf0lewxsdfeedq0s49uc']
1;c058becbc23f0d68d1a048155d92135162ce47524239e07c54577c4a0780571a;['bc1p5y0cf27e3czavdxakmuyc4fsqpcumzr525dtwdtk07a944ml2nesra62h0']
1;bdf15a28c3bf28e14de3de794ed350029fa0e9919eaba5400b78eb9310fee9ab;['bc1pgm6utw3xhk70xgf3gdgjpehslsu92ea5shvdpqpjpzrqszhane9q7dph9q']
1;403cbbb9f3246f9a4bf8a3e0e756af32e12fc2deb764d264704be319ff58d87e;['bc1p0yveneuudn3mjh94ge0vdyj479rdk22mx5j3xlujzqn45jn8e5kqczxndx']
1;af17d5f3ecfa5751b44e012a21fd81f18e78f420bf83da98926d33a9e7ebe7a8;['bc1pyxp2unnlsf2524gz6sh64j7aes05cp63w6m0stnqjl36966yxtjssp9nyt']
1;22b2bf3ef347cf38b2814760b5a3798e139c1a2850a3b85a850deabbce9e0382;['bc1pczjueas28y27uwv2ydptvzq4qzcluyr6hkwhqzy3wu44es279vkqyg2e4w']
1;dc34fdfeaf432420a9afc17b2a919482a25b7cb820f48bdc766acb5d4f2449ab;['bc1p8lw6gvr7clwqf6h7xq8f6wtpznpauw5q4utaws97lwanx3ec4zxq4wxumc']
1;d78e05b2849b909fdf538d123a11cf20640c400100544636911c324cb58dae85;['bc1pjgqs6m8ycw0wwu8s2jqlhcwfhj6qu9d2m4v5vn6jxq2uygcg90kqw95qeh']
1;a1febeb79c4062e3ad21f6cbb25e2f885e026c2fdb63559d3abea9e296f4c335;['bc1px4hue2amgwutp0nrkv5jygx42tze3wp7kd0sm65g0cx3qs5pgffsk54wy8']
1;d7479dc8356c7981838bcc365e731aeffd5a3a238d8ee7e2c65936b1b80a65cf;['bc1per0sqzfvkkjt2n5cutmn2mnhqpyznzet7l7j3c6vn7qapup7kqvqqjlwk8']
1;c6337eca9a5270ec4cc07089d0ec4e35486f617acf8cc05d36555b64dca516ef;['bc1p4fzvdrh4q0tev2vqt0q5e0z82ld6r9nxclvlf4vrzcx0fmdvx3uscykz9g']
1;111e3c89a6ff5edfc87453380422e15beed19f07a16ad4608d2d295343a36557;['bc1p2cl0w7rda2rlvd4h9lrayvcrwx9mm2vhydd4f0xldmx7rldxh9kstet8r3']
1;13bc3501a80ddadbacacbf0fec96d94de9065a31415d6c21377163d29c9dd15a;['bc1p3cmjm9pcvfhk7ze2aqm6plehygf9zuk4v4wn6n04q2sa356z5hnssyvx46']
1;29a8e631ac6f3de201bd6f37f7820de11a42bb20d369ccf3672ab4a84d5530b2;['bc1pzxtlxcx453lcsxtf0eltjedg79gruc0majvuy20cspfu546j6kvslt4qp3']
1;1383fce2acc8db84fcc07233a2e8049550f8acc1134f17dddd678b24f10e5284;['bc1p4d4thmjfu3jcgll85h0nnxydzezunn78he8w6fhxsmavw5sa9wxsmrhumx']
1;a0bf1e359fce2c9831b60a26b669ee1a893ade132cee07187b53040072e747d7;['bc1ptlgh69wrtqtvxkkw7rym3twtvql44mxxmz7g5qged3rkh5ngkz4s3vqsyn']
1;05244d444915499cf82684081f5a89aa6c967890d21d71a522f6a33c3a8f45cd;['bc1pmqr472zjd095wuhd8mn88yfc7pcy7c0f5zc7qa58ur4q9lkwjqws9kd8vp']
1;16d797fcf1890bcd492b7012034a217beaf1fd6d14fa2c8b77136e6ebb735612;['bc1p5a8vve3uv3xh2kzcd042q0th62ra4542mlglp3vl5jhyf8wfr9zsjmazgx']
1;b8ac2af099b53c56d072e1611909e80d229ade1579801b6a907b96a277de6113;['bc1pdmqef85q4szqqkzqghgsvmpehj6lusxkh4q9zkwcqech4vmkzzgsqxt66w']
1;fec98c17ade74d6faed40e0517cbb1200587e6250ecb2229870e2c30bea4ab61;['bc1pgz6rg5lkt7e92mmjxvz5mux0ez697wgl0nhsjpnr8qlucrqx82ss0q8xdm']
1;8ed96d32bb6a7c927858331a1b001606c56032e3720bd6202b1fe809b16baa99;['bc1pskj6w96n7h2c8204t7yzpn6u8m8rn6rwcuam0ccc8ytnzfk8ezdsjt47xt']
1;2e79718d47c041e87a521818dbcef303cad7937082ff967fbfe733f54e7b9196;['bc1p0gpjal6zzdgy4zlzpr96vgdwnll0nafau8xr87yp7yj3m9cpc6kqrqle6a']
1;4749942bb15000980d9325c4ab9f1aa0318daccfc1f8543cac1993b4f699147a;['bc1prlgxzauuykr97249gdgz7t77c86kp9fgz02s7verpv4aw08lh7gsgytpnl']
1;b19822ec62ca4d96e208b614dcfb7535a75a1c17c46abbd728fcc3476236cb3a;['bc1p5xaw3n2jmwz7khmyedn7ehsmsd6me2epw0vh3eagjcfa85l8r7csfthyw0']
1;df8d144527607e95aafc44032c61e3563139be8c79fd8e465c3063a29722a80d;['bc1phw67m6wu6ganvdfch393j8j8pcj7aysf6cwq42dqf8e0446fwqjs0dyw7w']
1;113e5c25f0dd9afe22d7148afe1b014588db67c6feb84ccfb4c1939558f432d5;['bc1pyvcyarfc4wqgrdwwjnenrxvpx0mk46lqdd9kj4l76gkk9unke8lspxgyk5']
1;3392a91df9f58f8e6f6043123bcc0b927422c817bfc40ad02df1f55f6b7fe2ae;['bc1py4u9uj0uagk7j07xdxk33adyxzulljqrkull0sk5x7xlyrnypyeqpd5s0f']
1;993169b2f8d9026cde6ebb651241b67176b39814221fe5b6118f038dc64c67b8;['bc1pyzzfkayrhqslvxqzw6lp35wuvzqecr2w4z7kvamy5f7rf3tlne9s7v448c']
1;dcbad345e5925c90d6dfc6dfbb2962d2be2abda7f1002254b551179bd6b13a73;['bc1p8f89vjg6glkep4ev88xx0aa6ym5wdygdflddnk2vz5m38rs7ufjsw6lg3k']
1;f4f0805553431bf151ee80f47dc9672f92e7167e390066bba8530c41d1ab24d2;['bc1pucr5asmz5vdffppl7fxajuj5anch3zqf9e2jfytqq0hfuza0n5wsl7vpt3']
1;649aa72c55962e418ee40cc7bd0ebb690b69a05ff35aea85ab945c34a13c5906;['bc1pqh8k3gfxs7pq50xt8epjhks3tzglzkjxhe4ys0lvj63y8lkh7m0sjdj3ec']
1;91ab6a7d2176d2bdc89ae7c48f72a1ac7fe3c8b1d2e6ded8985befa2d1fbd2f6;['bc1pnjklh0p8snzlu4wapqlr6al64hsvfe22fyfda3vfrc3zccfwu6jsk4q28c']
1;ee743c3b407719680d6c6a9d7b2ba22e331c109a04db06c63f16a02d6b83e082;['bc1p2938j9r209nepayqyelqq4dngm8u7646zup3gc374wlmv38x950s868m7z']
1;bb3fd841f7acdcc7b6823caa9406a7c6e53205e2c64089ce3ff6f86feaacc8f7;['bc1pnz4dsums2c9jmruwu5lquumn2wrh9t5jydlpwmmu5e8w6taqq05ss3zynr']
1;45afcfb540eaca6a54cbfdd7975ba6a70cdf1f26a24ca9f370f820cb44ff3d5a;['bc1pj90u0acrxunhy0ad8xmsa6mkgg0vzg4qgxt24zqqz9fpxvzhv27qlnx3np']
1;90c43cf4b40792e98a66b08388e06496ca932fcd9f4dbd31158e9cc086d84176;['bc1pe6ht5gelf5dlkqutpqh5jet2ukj04g4r3sm5tvy07mdl06ynr2ks8ethcm']
1;96ccee53307192c12698c7d302e0774a2366b3a8f08aa4640b68208c404b9ebb;['bc1p22yvvsczrfgnp3dk2p2lt59l23m2wz2yg4cxvw4parna9l8fwrlsej8x8e']
1;b40393f9d467a2349478318e4455cdafd87aa81a2ba6bfd50e4050bdde6f21e6;['bc1pldx9szlmjp5lcfm2l8cv0a2hxhnaw34t7e5ldsyaypy8p3h4m2pqw46trp']
1;825785ac4c3d3e885aa3faeed428308c1763600f89f7cf9b0576ed375ca39095;['bc1p90f727pt8u6khznmkp9a7r8zquykhatt208ftux3fs7ry4qnqq3sqr0alq']
1;ce4929dfdc1d32d9f3457dbe10a6063834744d71cc3138cc069a4cc4e82652b3;['bc1ps5qlldq27js8605h7gkwcr4ue42kgm5fnz0x6z5nrxrfet0u8c0qrm64hn']
1;ce64dac5fae4cb77ff6e70ecaaa44c15cbb40faa7bb06b4145fe3ef81902d889;['bc1pn3mgk4rh2tqkxu2p9cfcr0wwle503qa5arxjxgzz6t5yamet7e5sa0eg0j']
1;ba8033cc1c9e9dcd875189c17699f937321c223407ecdc8fc819d784677c56ba;['bc1pz74nlvrr3m858nkpugptnkpjd9ehc3xksyqfpxqhmljhwpg6zphsk0rr0w']
1;bd1e8526af9cf0162dce5f3053fe8de212829db2dec95cbb9ccb3e6ab3304855;['bc1papwulyq3ztg9p68l3npcnq4deexlwdrrw4rk7p4vad2tqv376myspxg8sa']
1;cbc9d98d5b9e2276c4bd69bc7169440128bbc7ce3f2ebcc21fd108ff2e940401;['bc1ppeeaxw3murcyerx6q7q6fuy3zxgcvzuhychy6ptkd6qhsem6f73sl44qdf']
1;e7d6ec3a24bd0f7c68b6627b02e78ac0a4fb7b32f65ef1d0db1d185f8d249448;['bc1pxfafuv7g27rfxswl6rxffw82jp487aw37lm4sgu59d5mzg8f470qa0ms60']
1;06e38a3a5fd69599f2f51c8d730c14033377a2aa13b7d38f79695515614dc12f;['bc1pmel44ys7ef4kn26ptec7h4vfx5jgxamssnqc43qwt9s9j8dxq27sg4f8r9']
1;5a5989e0502028a51d0841c5d7a9893391e3a8047f0ae72c470fd9bfad5ba12c;['bc1pxkatrxaufdyyl6tmfh4gud88nmd0p30dst2ggugz4c7dt0fev6psk9j6vg']
1;601a7339842cc10017361ea542dffabac6f52b17a1fff308a055ffaa1d82eae6;['bc1pqcd4hr93zlgxwgufx5wa5pq060x63fq0atk5hg5g4cnj9crqpkvsa3kcek']
1;b76bfb897e9f7d95d5b55f2e989cdc74b83d6c49edadc844c8f616b89dc4cdd4;['bc1p692etexvlmynvu36xgjfj79ngcrs2udflxw3cur70z92pnt2p53q6atyl0']
1;c33e953bfcf48d1a5413b761c9e086564925a8cfe9a2d341fe4be9db315a32a5;['bc1prwhv7ln8fdmjkpfp32ejtvqxsxh3gwh84kyj2rx5jkmassgr056semhrc4']
1;87c9798919687e35a97a233e532e0b2321d31a412b801e68323564e086af0dc0;['bc1p7nufpjccsjhvgag3rrd4n4wt33wfvj4f9agra8ffanlj4tj6uypqss69mn']
1;88756c3db0bef4d99bbc3edd5345a6522f1567f35fd7b4a8c8e3290a66f7cab3;['bc1pzm3ex9qz30vkl4wxlr9kgsf8ytqeqzq2h2tyfvqw8kz76kfq73xqvcnqzq']
1;71d4cfb3cfd243a0ded7d46112590ebb780157946becda03bfb5f51921b55fb8;['bc1pdzsgv0eg2rtfd2nu6cdcplhhh3krjawfdjldw22umlczclhq006qyg0dnr']
1;f233424bcb7fe4fe84fc185fdb00cca6d05a2d6176c85d92dc4cea875cf79116;['bc1p89a9ulf88wfd49ynpuftwl4mxdmffc7hg7smulgdj4tyqjswtudqzk4eqm']
1;fa565507acf4e8287b9e36ed87ae5120a4057f2c8c4076104c45df947f30abd2;['bc1pu28hsn7q5e7exxs4n8mm0vdzpr4v48mdyq0g45mrpsyqv3g7mtzq8qccyf']
1;88ac5e403a5289f5166a4e63ded19b7b5582ebbdcf72809f3b7f58e0e8dcf5ef;['bc1pma2f7j6gmhv03hlyjhrzt8ahuaccukjsqt2qvt2t8v7rpp74c9csnvfg4f']
1;9f81500455a4803fd685ef3761f7dcd57d1d24c3401fc842091be279c475f999;['bc1pk0u73ckjsjm0d70dl0z5qqgxlgsh88lpe5qcmsha60j8f2ced2xqfc30xd']
1;97ae207870bf0afffaecdd6059bca556a672b469c0182c15c78465485603d78f;['bc1pfx80ctk6j04kmlleml668lyylkxvxvm90cm82fgrawvaf0rnnmzqrtf90q']
1;ae365355f3d7758a15e37c361542196a132939e6acd8e90fe7504b6cd415caf7;['bc1pu7w3z29g4fy97qqd4h4mtvyq9pxck0aegmsm5kkw77uesh3rtchqgw4k6h']
1;0930f2f36ab0d87fa9306e4f4704be7c17bf979fbe33d936c4776a3d8d4a1cd6;['bc1pk8629u6wh2kj0qy3jm5x2nwa7qusddkffvtnl2ekw3hk2hp06gdsvtumse']
1;46746a588d734678d8fddb879b1c99edff35d313974aeeafb7af4af73ee83849;['bc1p98dyfv96fzqf44ycxxjz5ypanyh6ksw0wxeaq8llau4st5x5754svmnj2g']
1;b8b73935bb47becc20620e8ebb07ef1ce9d69f96d9c615529b63663e050c8787;['bc1pfvd7skvglk4e9tv2nfnn0rdgyu3j64k67ewv66ddk3lw94hczr2qdll864']
1;496e64e07856a29a952e79e125b3aa29386712638fb3caf215aae583c00cb5c9;['bc1pt8su6qmaz4x2w498z6vwm4f9tkuhqg4yuddlefs5dlv8f0st5sjqdhr4pk']
1;bc60e434e136b3a4cf9cfc164ee0eccf0103cfa13def4c33e5ac0ffca7a34430;['bc1pcztgxq22q726gfe5tt6twym5dq5c4yv86685djrhe6akjzemggvsxzwfnz']
1;164e381bea6ecdc1f832b9eba22574ee63c2e17bee510685d7227473d9b443df;['bc1p2xh9m9v4wc8mwdx6rhx6rephg7fskaak7vemfg0l7xnzx6s5sflsfhm74u']
