1;d07fddfb01ff0b1e63aed490bb1f683e1e2efcceb65668f91e404b8e4afa2b28;['bc1p0l7xs0yjhgqdyfjaektnp5lkkg26jxxzdrft2wnqp3wdkx4hqxcqc0pa0j']
1;87b7e35258ab64252bbdb8378b11c320f1e81eae506c82d4ea095df7d3b3839b;['bc1pandafx9dg2r2ucm4nlq9l8n26tfq760h95ln4s70xzwk4q083pusztghvl']
1;d07fddfb01ff0b1e63aed490bb1f683e1e2efcceb65668f91e404b8e4afa2b28;['bc1p3w9rf2ljzsvyk49j0n0zczlcv8mx8wmv798ku64gkw3l9kzrnldsdd5qyr']
1;671091ba5be58c923d508317bdae3ed5ad58e4e47a9afe6f702d538a1b205461;['bc1py6pul5mmscache48vg4td7wep8uagf2nle79qptf702u3aprw5nqfwnuqv']
1;671091ba5be58c923d508317bdae3ed5ad58e4e47a9afe6f702d538a1b205461;['bc1p3px3eev7rsgq2mtc8ftj3tmzhtjjxyjf7nhp7w0kfdu6s8f75h6qp7luyw']
1;94434097e182bdab6402010f2a1978cad932a204c90e8e30eea5aa4a94c74a14;['bc1pfn8qw7qteneyvzrutwjsug88cpnc2u37vh287xnrvwe2uwfznh2q3ty3wl']
1;94434097e182bdab6402010f2a1978cad932a204c90e8e30eea5aa4a94c74a14;['bc1pwlyjykts6sj3qdn3akrep8pvrzmn96tqzjw3g8xscm5h4keefwjsmuhxg2']
1;f4907d53bb5da38e46029bcaacd4b8a56ebfe85ead5b51acf00663b4d199cd9d;['bc1pfec7jwrlds5vzrvd4wvcyggdrlm7h6g7rhd8ckja9p5mdp8r8xsqv9muz9']
1;f4907d53bb5da38e46029bcaacd4b8a56ebfe85ead5b51acf00663b4d199cd9d;['bc1pwavekng97gpyz2pdj0wjysxc8agpjv0rpn8yff9p6we4cxdueqksy93g32']
1;267a16b5fdaeef7fd055cbefb15f36a378ed14da9b9bb47a289e85e836db1ea8;['bc1p8fjtzyemr3emn0m5petmgkdkwlf6f624wn2f3rpva5xtwk6w957qhuss7n']
1;267a16b5fdaeef7fd055cbefb15f36a378ed14da9b9bb47a289e85e836db1ea8;['bc1p9tf4z0sxq6lgzm55kyn3ewtuf04ltwx7kmnwf0mny8drefguaylqvzpm9h']
1;80ce0bd8212263de71bd71afdd9cd3dbcaf6cf8a3dfbed641a7040c865e40bf1;['bc1pt84m33thljx87sssak9guwzx2h00mwljc006knf77ck6rqajjhgshzpuju']
1;80ce0bd8212263de71bd71afdd9cd3dbcaf6cf8a3dfbed641a7040c865e40bf1;['bc1pv6lh5wrtn7he0xxz3a672ndukcnlhqzjdd98txkhazrslcqwmuvsasdsgz']
1;3dccf162c1a3acb21cea56c4f93ba8f4a3366679e2582b44f60ad43eece05f16;['bc1pryggu3jjrg9n3c6u4lpqgywavmvm7llz4wesmc2yuudn8zaxq55qes6q5f']
1;3dccf162c1a3acb21cea56c4f93ba8f4a3366679e2582b44f60ad43eece05f16;['bc1p2zj58f2j22qstf09ypzjaux65qqyxfwy96vwqn2xevxt3awplxuq0tea04']
1;4154ff8def4bebe3ae6a103f5be121269fc2f7730b9a63240ab51a95ab0ebd1d;['bc1pvmna3rjvlhst3phdet72z9z5svq3skypfu6hgdmghwn9q482qj0sfvt2ec']
1;4154ff8def4bebe3ae6a103f5be121269fc2f7730b9a63240ab51a95ab0ebd1d;['bc1p4u9m0f49j760vc0zv7mys4vtxscg2gmtv8vgv5mdhs26d4s68raq8f9f59']
1;b3517a284108c342338540ccc35a55713e548edad98e84d043422f9a6f3e82cb;['bc1p6rdf2f92885hsejajd2ptz48kyngf3zk25y5h63m67pmaq8qx2wsja6lps']
1;b3517a284108c342338540ccc35a55713e548edad98e84d043422f9a6f3e82cb;['bc1pfyxl9lt9p94ydlrx9ttmlutsxlrm8h5hzm2mvyjdfgkmz6chqneqlyc2dy']
1;13514a04d12dcc866a48dc81e2a4fde93e6b55199e01f3e527ab3c47071bfdc8;['bc1pmkk8jmyl7ff79msxs2ezw2x6dpa50j4jnzz62ngy2yf8w0y6at3qu8rw5u']
1;13514a04d12dcc866a48dc81e2a4fde93e6b55199e01f3e527ab3c47071bfdc8;['bc1pa9pffz4k7key5crw44cmfsfsffvfmkmcvv990gwtcykj9lk6zknq6ylw72']
1;3bd2cd408ea7b2f16e093bc6e13876bac9b00d23b6a45750e82f808ed9c5355b;['bc1p7rk4mjnht2dk2lrzckf9kzdc6f2d4snwu9gqlzn4j2rl42rttkdsznzls0']
1;3bd2cd408ea7b2f16e093bc6e13876bac9b00d23b6a45750e82f808ed9c5355b;['bc1pl3m94678cjr2652yc2v00hrp743av3gj7wms4e5cxau7szncy66qxsk4t5']
1;73a360720ed1e05555ab8fd792dbdec470a432ea7647be79c89161ec139a19f8;['bc1pmh28eh3466nc4656sxmq24rjsag9f933g3tf6867ljapywaa6rdsumra8w']
1;73a360720ed1e05555ab8fd792dbdec470a432ea7647be79c89161ec139a19f8;['bc1p6qkdxqau4fe53z6e45dc35asyn8y2vmgmcwjr84ra80r2andhmeqql69vw']
1;d0fdfbf3bf1493d21b3e3b4d5b63735f6e05647b9fed1f2cc6048b31e4a30694;['bc1pasuahn2kk7msr6llysnauhc6y8yq4hl22rq265tkwl87j9qycmzsfkh3es']
1;d0fdfbf3bf1493d21b3e3b4d5b63735f6e05647b9fed1f2cc6048b31e4a30694;['bc1peajx3zn080tfnckhmxe03v6altgea33xmyxupxm6l2qsms7a9smsvskmht']
1;9f60319151712cbc23d99598b0e87aa0e6b097488ff49a31c97314221241fb9f;['bc1p4pns69dr44nl2uju9ehh40j3528ecgjughpcyk6xe2l20w2j228qlun0vj']
1;9f60319151712cbc23d99598b0e87aa0e6b097488ff49a31c97314221241fb9f;['bc1pjs3n9mmrpkwkf50grn2p2r6qfn9dd9w00mgrlyxcv5khhtpqx46qhqyqzr']
1;dd5d1e60d3a798710679cf56e3c3b8072ccae10cedd730aab9b86788f64d552a;['bc1p0m96artnfg05l76ufk8tvput7k5393h3ansgmrvqd5m4ty5fxhlsmmlvsg']
1;dd5d1e60d3a798710679cf56e3c3b8072ccae10cedd730aab9b86788f64d552a;['bc1psrp7fx8f9lvug5dsq6q5td4cp59nwrtrseqdd6qyzt5qtw3w3zfqtzgqcg']
1;ac03be2bda2a7aede0002260ded5ea471aca136b8abe6c4af2ab412ad2c6e362;['bc1p7hh0r4g2qlj0lcprlqx67lucadjxpxfhas8zgpcr4hpfkg8ccr6q0k8dp0']
1;ac03be2bda2a7aede0002260ded5ea471aca136b8abe6c4af2ab412ad2c6e362;['bc1pu76jdzx8wk7fcp56ct62amytq7f9rq7e20y6h6myhz2u3sdcexes8cyps7']
1;929cc82ac3d2c742693ba2e9474d2a7d9421659b5d5f7ad55fbd3c8566e8df5f;['bc1pn2pk8hzjsjjzyzvp3kzhh7gxsfy0f6dqe49qen475wrsunvevguq02awrr']
1;929cc82ac3d2c742693ba2e9474d2a7d9421659b5d5f7ad55fbd3c8566e8df5f;['bc1pqwpjn6h4vpv4aky82230sx9psq3nm5zsu8aa37gw767c8q523sjqmvjtzl']
1;12e1079343edd32ad87e70427130fe7d9b59556dc588ed8674faa451fcb6e4a5;['bc1ptlwzsd28qkk6r38evhms6f7thkz2ap3pe0tlzlr420x3ym3zavzqrc2p4d']
1;12e1079343edd32ad87e70427130fe7d9b59556dc588ed8674faa451fcb6e4a5;['bc1pj9w6jzmfqkz0wma3kxmyz54rnkhmkgs3vmvlezqjl7d3r6p6zarqan2jsd']
1;6007b233e0d27b3aed886bfd143333d126bf39d70aebc400c5cd3281cfe25e97;['bc1pux2kq9ca9nf3gm5w9xtrnf0vkxnsfz2l9f6hdmmdyy2c7zu79vvshnue67']
1;6007b233e0d27b3aed886bfd143333d126bf39d70aebc400c5cd3281cfe25e97;['bc1pk4wvxg3dlkthjzjs7cgu6awe2rhrdhc9u5jstx4j6q73aptylm3srtxutu']
1;f0ed7a87833adff004bb133aa2644cedab45e983d19805e7b813cac299373efe;['bc1phf6sajcwj2et8p34zqnnk86mnkmf8svnk8xmxzsysdmupd6jkr6slwdvsp']
1;f0ed7a87833adff004bb133aa2644cedab45e983d19805e7b813cac299373efe;['bc1pjd77yaslarn7a46lh5rw628n8l6xprz0t8zec73kr7k95fmtu38qcs097j']
1;3a8370e2ef71b7c2a579cc9c4825a2b04cacaff815285294c8c3a27220b43d08;['bc1pwfy0wcc9te2lkhrhn325xp526l9y5ssuclcrjekda4gr4x0smyhqhpk054']
1;3a8370e2ef71b7c2a579cc9c4825a2b04cacaff815285294c8c3a27220b43d08;['bc1pd23wqsh4642ygk6c96anwrazdpmtv5xthsdnqcf9djaywxxluvwqdj8ukn']
1;9b282fd052f1c83168d7925d85f65527dec6ca4f105357a9be9d6e28699f1386;['bc1p8mqt3f3u3lafawd4pyhmmgdmpk3pt9yl5wnl0tvz5grtjveerj9sj9e7f4']
1;9b282fd052f1c83168d7925d85f65527dec6ca4f105357a9be9d6e28699f1386;['bc1pun9m3lqdhk74vphggv2hhmnczv4eemxsuuhn5vltgav6yhaj9gdsfx3dtf']
1;ce94667227a7fab57c013104065b45355ed6a16cee3f4ccaa8491f1718cf722d;['bc1pzd69tzj76z7lzk2kspu4hlwya79lpl0z77lzlt0ymplp2hf6txcqafkjna']
1;ce94667227a7fab57c013104065b45355ed6a16cee3f4ccaa8491f1718cf722d;['bc1pvc26rf4tc0h4tlpaemqpwggqlp5qfnsp82wm7430rkxp9ukzugaq7yddhk']
1;8fb7ddfe9f7ab7d30d46c8100bfa3f6e4aa7a2a41ca6ff8b1c18c64d5232c504;['bc1p83spgpe347xceyrt7klwu3wu4dlr72xzhme5q2s0euym64nrupcsexctj2']
1;8fb7ddfe9f7ab7d30d46c8100bfa3f6e4aa7a2a41ca6ff8b1c18c64d5232c504;['bc1pf2tr7xd3lpdnf8pupn0km9p9g5agxg0ze3rs40y57589u6ytl32qk7w9t2']
1;db4ddd475f80c76f3eb183ae731564b52f6d586fa59ff0546ff1eb9c8a92ec07;['bc1pnajyfnsu92frxx99v04m30xumkca88e0u5zxm70euxk4x2pzmy9qvzcmp7']
1;db4ddd475f80c76f3eb183ae731564b52f6d586fa59ff0546ff1eb9c8a92ec07;['bc1pxld5xtd3594x70dp9hfxqlfh8stfjn8azln2ayd60tgwrwvucszsqj8ma9']
1;b1dd0de64a17fd9029809eb5fdc90a8a0ed0e53a6921e49f5b1b5039c6ee5df0;['bc1pe25lna4tewduzwxgguvm8csvl0eh2lz78v84wa92n4cjv7aw0x7q875jqp']
1;b1dd0de64a17fd9029809eb5fdc90a8a0ed0e53a6921e49f5b1b5039c6ee5df0;['bc1prs95kfav4aevl38zmqjjphzxgm9zl7zt3ttaazrfcwrdjux3a5kqf0a63v']
1;11b04e02918961611428947a8de654792c5c8b285624f0ffc94fb2b79e9c6dda;['bc1pezdr9eytafh6387u07lghjcnrq6fe7rpxj6y9gye4dsxcthk5n7sdcp8qt']
1;11b04e02918961611428947a8de654792c5c8b285624f0ffc94fb2b79e9c6dda;['bc1pjtz4my39a236qnz7d3f3070a3an6avdyzm78z9m2y2sdus8t63wsvfyf0d']
1;20a927dac2254b6c6f722c44aec02806124ede06c31678205c38e53d7f81ef46;['bc1pvl2l0em8dg75hy43y8mrcjf6gt3x4x2zt3uy0a4wk57mjr2zenxqny73d2']
1;20a927dac2254b6c6f722c44aec02806124ede06c31678205c38e53d7f81ef46;['bc1pep4jlna45nyx8l6rh4dk595zhvqsl83764775nvm4mn3zpxvzgnsnxqu5h']
1;f94fe42d98bbf9e6bdfb5f458bef2ebbd1c2c59792d55e06ab89835062b2d7aa;['bc1pyt5fwk538t6d0wn4uhhp82tnex76nmt960wq5e8prnngvejnyahsl3wkq4']
1;f94fe42d98bbf9e6bdfb5f458bef2ebbd1c2c59792d55e06ab89835062b2d7aa;['bc1p6k4r502vsyzvp97a7ueak9w6yuf2xqttjuh9ehe5pae35a7fpyvqwds0js']
1;5b2683357c5a3532a843ec28d0ea99098023b276391b4d25b251a24b33062b53;['bc1pkram59r9a2x5svt6ydvghesfygs3t5l7z4sgj5m7wv8swcages4qxgvka8']
1;5b2683357c5a3532a843ec28d0ea99098023b276391b4d25b251a24b33062b53;['bc1pky0eya5yfpkvl26tg5nwxp755xf48963g6sqkcvqy0chdthf5r4sn8vehc']
1;16929685028c9a58faa0f5c62f86e6bf784ce131e05eaecadcc3c241136c7a2c;['bc1peyqhxcr96vtt2emg4k0ywfcdx0zx2hr2nr0m6wvqn7fcuvx6gpgstey5q4']
1;16929685028c9a58faa0f5c62f86e6bf784ce131e05eaecadcc3c241136c7a2c;['bc1pun6er2y482ys8gz0yaese7funuuzjmqfee0gtp8ey7x57cfeaquqyg60jv']
1;7796f7d7565d08094b4463b664c4184c36d45a20e581a421bbb8c6fc4d98717d;['bc1pz07a2guxfrdxrpgv4px5zwfsh2ce4rc76zpu0uayekn5lsvjl32q4vw9my']
1;7796f7d7565d08094b4463b664c4184c36d45a20e581a421bbb8c6fc4d98717d;['bc1pw868ldlquhm7r6av5uctqr4hczdlrkzt5c35jmg9640dt36cmu9qdjf02y']
1;c735d1d95806c4c4382669c2b562e6726bd1f83009f1861061926a887a4c341e;['bc1ps9cupxghxf0uhspxc48juda6f8rg6g34v38mn5cg52aaaq5h948shm4vst']
1;c735d1d95806c4c4382669c2b562e6726bd1f83009f1861061926a887a4c341e;['bc1pun5ddfxdpwygdka8qktcxaa39zyt8v3lautjjfhhuvpptdyrg4tq2jj6nn']
1;8fef0f73fcb70a904911b5eb5802f46e39303e5c52344c1674944e0a775bbc61;['bc1ph3mffeqmmnm4njcfrcncq2fyy0jahmcpdan067vmz0uapfxhy4gscms83e']
1;8fef0f73fcb70a904911b5eb5802f46e39303e5c52344c1674944e0a775bbc61;['bc1pqhj5zt5ktczka3v2phls8snsntdyympd5fdts790qgszhs2yzfks2pj2z5']
1;76a81fddbc86fc5e5506371dbe7eb44e0ba3c1af91a2b785a0428829db8d21ac;['bc1pf6r98zydzpa5ycpsla67u03ekkmpsl58a989kj0vflahqpu7ptuqlrkjrg']
1;76a81fddbc86fc5e5506371dbe7eb44e0ba3c1af91a2b785a0428829db8d21ac;['bc1p4f749cftv49eqjrwmd8meg60udew9ghckjaueq6ahptr8rfd0dtsksp58h']
1;9dd52c668f2b1b37f3d7bf4669da5124fdbd7858135e6a314db81109707d60d4;['bc1plhnerndz5ucqzgnlxgqmxtuzltg4gnqgfmlshcfyzfennqj5grpsay582g']
1;7cb6bbbdc49103146a723a4640033f3d3365c155cfb8f9e113d94e50d75d02d6;['bc1pp4gjfxukwfvyhgw9jn337aadgyce5epcnx5ls4ejljhdgvz7d9uqx35e2w']
1;7cb6bbbdc49103146a723a4640033f3d3365c155cfb8f9e113d94e50d75d02d6;['bc1p8jmxpdthp90hes93mcs2kzavecnn26zf45zyp460fu5h9xwkza8sc62s8v']
1;a89d408c17386a226736f30cfde8b837947c08d8b889af5d19341833151efd27;['bc1p7pneruyf8yehxla3v6e6hywpp62rs6ph7q2u99wx08hexnjmc8tsehrr0v']
1;a89d408c17386a226736f30cfde8b837947c08d8b889af5d19341833151efd27;['bc1pmupqdctr6dwfmqftme0xcfwrw7u47c4d579ffa3h9ev78785rjrqak6x22']
1;f03e09f08a6ce373fc7908e66e271bc3f473a0d00761badc03dee8c65dcda167;['bc1p0c92x9h55zfw6572t3qts7sunwxmwv4ue743tct794ekt06ppx5qx9cd68']
1;f03e09f08a6ce373fc7908e66e271bc3f473a0d00761badc03dee8c65dcda167;['bc1pxhd7fxh9qxnylt4ck5xstg6f7n3a5mm9w5znmuda5mne6wc5enkseu8j5y']
1;a2a1d3e0da21a0421f77d2e18eb9e472f39fcc5a5cc417a70e3e7590be2e9513;['bc1p2xde9qnq0lw8jengnycjufr650j5lyd9r2wfn8hwsx7z3mhfmrmsvgwnk5']
1;a2a1d3e0da21a0421f77d2e18eb9e472f39fcc5a5cc417a70e3e7590be2e9513;['bc1pnw4903s582qm982xxmnd88z995y04d0kvpnj2d77a9evc674jtrsy89tnh']
1;cc21e40aa2b42271dd6ecb4868b561b1d95ed421c6ba1b6c13ab249032b9b284;['bc1pu40ut2an3d20qsrt4yah9xmwulnt39xwpmk7fmq6fjdp987kuatqzp42mz']
1;cc21e40aa2b42271dd6ecb4868b561b1d95ed421c6ba1b6c13ab249032b9b284;['bc1p2lwy2afjdnquhnr3ldy2p4e0rra32kz8e6xr4cwq6a67upnmqnfsahyy3h']
1;06662390740cfb5bb76ec922f6de538e1e14e6519614c93529f9335d74b07e25;['bc1pmx85ar6lpg4j9787fclxtk7rx763hm9xren8fesgeyzg7wcx66psc9vcev']
1;06662390740cfb5bb76ec922f6de538e1e14e6519614c93529f9335d74b07e25;['bc1prsgsae52uc07rcemm3djn54e3dkner80tcury09vf9pu6x45lz9q5r243h']
1;384cda84339e8ae0160fc1da9d8e36226b7e17af1b0d570f80b2dbc8ac569a06;['bc1pquuy3t03qyj0q5ne6stvehfjr3pmusqrnemjjppw9rat00yw025qucn2cl']
1;384cda84339e8ae0160fc1da9d8e36226b7e17af1b0d570f80b2dbc8ac569a06;['bc1p3srdrd6ryml5pvd6qy5qhvs38jyt27eg80lp8frpmacmr5slydgscq8lht']
1;332558d134ed8c18b00ba3fdd53c977e21358f0b5fb4612dfb7e449bfa2bf9d5;['bc1ph9yrnhvllnhmqt3jga0k49gl3f638gumu8cefgdq39pjr2v6ktrsq0s4f4']
1;332558d134ed8c18b00ba3fdd53c977e21358f0b5fb4612dfb7e449bfa2bf9d5;['bc1pfdxcf9zzzjy4e3pfn99e0e4vxauvljku590h86xg7d5d3ulnnwes9f6qgd']
1;d3cb456dd49cc8894f4511faf6c869692495a374ee3eda1104fa9b2e044646c1;['bc1ppfzp3lz8zx83f8wxgr2rse4fy0tdrp4swtmng886qnemf25t4zzqdt0fqr']
1;d3cb456dd49cc8894f4511faf6c869692495a374ee3eda1104fa9b2e044646c1;['bc1p38vwlgtfqvttgsrzqr45r43w0dzsedum0n5akk6dm3zm54r64jaqmdfdrh']
1;a946c00b502a0ed48b9293026f2daed4ae4d04e32c4fe23fab7e3639657d2a4b;['bc1pt5ynmrw27h0s9grtt0gs7cflx8ea2grnszawwnc2fjn69xragaxq5ru9lc']
1;a946c00b502a0ed48b9293026f2daed4ae4d04e32c4fe23fab7e3639657d2a4b;['bc1pnqrkmmxr64r5pn58ehqtuaw05vvrvvls7g5qn7jmdznnp3t4y4xsvrkzq8']
1;0702726d1a47f249874db9b874ca3803701aa001fc67f0dfb773d903611e69da;['bc1p9m3f8q3nysak5jrj0zqas684pllygaem4z4t343qenhuqdnd2r3szmkszx']
1;0702726d1a47f249874db9b874ca3803701aa001fc67f0dfb773d903611e69da;['bc1p7c0y2ljv8z4dds30ft24zn90zlpr0vfemtv49fmaneprntxxu6dq2d9f6f']
1;79ddf4e16e4d68d933b09f281eebb8fa943554495f290150fe55f2c8e9b12431;['bc1p9k8a759q7p9xz9nmuwppl2dmfmqwvhy94q7agm44qhxre3klr93sucnce0']
1;79ddf4e16e4d68d933b09f281eebb8fa943554495f290150fe55f2c8e9b12431;['bc1pj8yrsj6tdaqjgj3um8qjevg9mh9tgrlmg79xvspdqxylerpkg4dq0qp0f5']
1;fa44332716ee792875c23689948288d53370d7624887a18f7a2b5133afa16896;['bc1p6c7wn0ls8pajqad8yx9xz60zrpry9mz95jfzskly2lqea75e8feqfa9zj9']
1;fa44332716ee792875c23689948288d53370d7624887a18f7a2b5133afa16896;['bc1p3gavx4r6k7j62tvcajy2zw2v3u8pe2au39lhtk4zgjnktuyyuxxq8056uc']
1;63570434e0109bb92ec016a1a538ce2c1dd14f6bd0fc535f37e01368f5ed7edc;['bc1pwgvclqnrms03zz00p52gjuxmpt69m5wgza4uuf7h3ae47zldhz6s44kzyc']
1;63570434e0109bb92ec016a1a538ce2c1dd14f6bd0fc535f37e01368f5ed7edc;['bc1pqywkue0ct0jcwfnt844k9av9paezxx9pyrvd6h3g6slp6nz056pqgckcqe']
1;400a7614cdf7725d89844886cc16060053c3880ee457dd59ab95b3ff64c21e08;['bc1ph3l3fg80eutdmlhwan2h8cesf6egreusxexmcceuyqcnfkypnt3su5g42e']
1;400a7614cdf7725d89844886cc16060053c3880ee457dd59ab95b3ff64c21e08;['bc1p0n2gmmy3v2fj90yqk9m2gklqddy6uvw0npt8v2urgur3yrxzxw6spy3u02']
1;967ad3d71651f397ddfa7537ec5d27fadc5b42aba60c1000bd590f38a1735259;['bc1pzr5mqadppg2w0yckwhry0srkq75yj4e0ugk3mzfw8fnua0k6jtms8hkykt']
1;967ad3d71651f397ddfa7537ec5d27fadc5b42aba60c1000bd590f38a1735259;['bc1pr0k9cepagk6m2cckqtpyxz3fja7tvsmex34l8ax29w68zkdq99usylyg9v']
1;3778b5fadafd38cfd8863df01ef3c1d38bc7034317c573dc252bb6c68f96480c;['bc1pyafkc7dwrtplx8vc72twkwggvmu9sk9u3rm67zdxp7k9ac55zu7q7es74r']
1;3778b5fadafd38cfd8863df01ef3c1d38bc7034317c573dc252bb6c68f96480c;['bc1p4yaanph72f8fcprh5qnn0wrfe055k9kaugdzs0npmd2kmvufgr3s56xvxw']
1;34b38434008b1aeceb735aac56af5176f7adf61782e32bd90d3fc4dcef4cb139;['bc1pd7c3qktlt4drvldaap950l6p8e6j2y02mmh9y6c74k6mf9cqv58qa3tr5g']
1;34b38434008b1aeceb735aac56af5176f7adf61782e32bd90d3fc4dcef4cb139;['bc1p2sn8tyccrs9pym22nz5c4a6amtwvqrszp79c7vyn8a5jlhjy9aksxml8jv']
1;e4894b475fc694f332b55b0ea21a2d7acc30f261075b95708bd16cb3e4b94d79;['bc1pzwxudsyf0v5w52zd2ydwxzwf7z3euspp9xxjncyuf35rlu7cew9sqa7tk4']
1;e4894b475fc694f332b55b0ea21a2d7acc30f261075b95708bd16cb3e4b94d79;['bc1pu9e0zwgavt7fs87ghl5q60aw4yyjz9zsmm7u2nvsat8easwke74qwk5fs9']
1;1b1c0f26d14b658982af6806f42d901c3a6e36e97647a0168e4bf8e9462cecbb;['bc1pq8qgl3emydv0343am6gdssdvclnp0ugr29x5vqsmdgfevsplez6qqc5hsl']
1;1b1c0f26d14b658982af6806f42d901c3a6e36e97647a0168e4bf8e9462cecbb;['bc1peys3nmgj83437uh3xuf0ln5fdn74n7f2ls5kfspfy90mgtxn3w2qvcv99y']
1;b0dbd41901598773f0e5995b6b53dc91f57bf4694462811688d7559e8af57892;['bc1pcha37yh6yna968k406delwjzv7wwkhdnehwnexhkgkkky2n6cxjqhx00c8']
1;b0dbd41901598773f0e5995b6b53dc91f57bf4694462811688d7559e8af57892;['bc1p5w5vg4vxl449gkcxwtgg9gs5zaxm92c8e6ftwez68ln57ryge7jqlph5eg']
1;b0dbd41901598773f0e5995b6b53dc91f57bf4694462811688d7559e8af57892;['bc1p2ju8arfs4aetrcp7svsf8nkjcfqmfcyawyv4xrc2z4lrk5qelnusll9lks']
1;93f94294166257b863d7272f506471dcf3d51a3c92f660d3116eb9d6e932e7a6;['bc1ps9t3eu0pv2vaadqyvtqrv287e20l6kme4c5qp25vxaqy6qq28cfqvmrjgl']
1;93f94294166257b863d7272f506471dcf3d51a3c92f660d3116eb9d6e932e7a6;['bc1pkytfvw29x6w9hypcm37ehael4qn0tyr2rny0szkj32m43wfeqrzqay7jyx']
1;fa683f12bd96de3f45db60a6ea4ad74c89572ece20480dccda909b0909acf99f;['bc1pahfq9quhmdlmej7cq8c5fr42xgpya2gyfqeuyux3w6knyqqcefes4lt7jj']
1;fa683f12bd96de3f45db60a6ea4ad74c89572ece20480dccda909b0909acf99f;['bc1p2egmn40vlv9qx290c6egyh5men6lxeee4j3unllstjqdsuu0f92qknek9m']
1;2318b66e452b146e63ecf7401519ec08d1520fdbe1a8e498aec5ba5d77e6de25;['bc1pygfxakm6xqw52lnn0x4y0j7wza39q20406knjn3yfsun3ezhuy2qmkxtdq']
1;2318b66e452b146e63ecf7401519ec08d1520fdbe1a8e498aec5ba5d77e6de25;['bc1plj4l6ld04zta6m6p6y4s7f6k4sfl4eafkuzhd94l092c7ecn0dkslpd4c2']
1;ee825a87d7184b69ffe570824140c37d4a11e05f3e052a4bfb9790772da8d38a;['bc1p0psqv07z352vc8kl0t2w0ky3kdmz5gqn9afkdt9lk5lrnqxdsnqsf98g6l']
1;ee825a87d7184b69ffe570824140c37d4a11e05f3e052a4bfb9790772da8d38a;['bc1ptarm0035yejvdz0rzhehu6v4typ4ruw5uku9k0l5ttvpt7tp0elsfrjfet']
1;e0b6fd495d930fd93ad2a00def1e98a15d0d9fb8bf8a879793dd1b1b4eeda8a1;['bc1peg4gkkr4cnxr5aknrvau3vl4we8m6r6y74v7gsklel5kk9d6refquyyqqm']
1;e0b6fd495d930fd93ad2a00def1e98a15d0d9fb8bf8a879793dd1b1b4eeda8a1;['bc1p3jzzxg7rr2685h27ygz4erxc4l5py3juughgxwd9xntrxr8x9mjslgzprq']
1;f928b1475f5d26578bfc4cc524ea366dd19c18bdb5e51a123b55c78a7ec5edb1;['bc1pj7ysrrl6ph9za5juk2pk64a8cx9mlpuzcdl6gqu7l9hyrghqwz6qq5qc0r']
1;f928b1475f5d26578bfc4cc524ea366dd19c18bdb5e51a123b55c78a7ec5edb1;['bc1ppry4th4u4zv2x93ku2hqfcdtrg4ullp62t6g2je6us34qef7nvuqy05qxk']
1;8f9e0a563d6da119aab1c2e926c85ea4a93c8d93f76f8546cd52232af5e8f3c5;['bc1p50wu6yfdxzlgptswcncg2xmmzxwz3uev7fteyd372lnv55dhl3mqk0uykk']
1;8f9e0a563d6da119aab1c2e926c85ea4a93c8d93f76f8546cd52232af5e8f3c5;['bc1pwnaz6amklukpvw98842ykgcu7qjc5hfxhme0cpe4ldx8rag3wj7q3cyx03']
1;aaf959b3f68ecabadc281200d307873965d77ca01987601b79794627af741937;['bc1pts7xg7ygcpxe34rdjltmwhrclgq9mjfz6n82485zvk6dsgmutpjqhq3krw']
1;aaf959b3f68ecabadc281200d307873965d77ca01987601b79794627af741937;['bc1pufdsy83tmrxznvnexsx5epy4m904ezx3tcrys5cqtl2xgxw6svdqnr4g6k']
1;282342c675e28de6ee3296238d549282fc8df822f66ce7dae7a8694d9d6fec94;['bc1pwe5n403a0q29zsa4f72wmcc95a7z7y45lhshw9z7du9wgaahzqrq2ft43r']
1;282342c675e28de6ee3296238d549282fc8df822f66ce7dae7a8694d9d6fec94;['bc1p8djcr0cjhd9pw5n9vl5n059vvdc63hf6g2res04dug6hcmdd8l9qa6tjsa']
1;c1af485fc7d7d5c533a52731f1a8bdf5b474b5b84094923765f888f79e49d04f;['bc1pkpl4yvsu54lm5232dc6aumkp4dw3a2gkdkjyurrxqs6v5luzn34q44ckwc']
1;c1af485fc7d7d5c533a52731f1a8bdf5b474b5b84094923765f888f79e49d04f;['bc1pjluy72p4hrphj275my28wugtwyvlprmxnnsvvfvzd899z3rzpnqsr30jp7']
1;8ebd589d796b8a93f9299da1b5949dd5f841f3c6691bce1f0e12b64cee1a15a3;['bc1pggdu4xmnk4zm2gw28lkdaardwfwnwcgyeccy0wvw9ru86l3uy2esrndf3r']
1;8ebd589d796b8a93f9299da1b5949dd5f841f3c6691bce1f0e12b64cee1a15a3;['bc1pusgk4fga6tys57xeqta0nkcusnejmt557yl4kke20xg0pjm0z67qq3mnll']
1;6df26f807e5042de890926b1472413436d9c6da37465c720fb4a4a84a991e4fb;['bc1pa6jd3lulyjmlz58stennaeydyeeatl6pamry8awl6wlg6luhfamswasrgu']
1;6df26f807e5042de890926b1472413436d9c6da37465c720fb4a4a84a991e4fb;['bc1p06fq3juwuva4muwxutsfgsu4kx4nr8fxlfv4h2t9sx0w8erd0qqq6hjhv7']
1;2018dedc5f5273f188d6e4513c5c8a7034090a32af985493b5973071c87476fd;['bc1ppxvfhl0apy8tkwsnjuwwndxyhch8nf5u42sqmzwl8c9p49xdp22s0hzrt0']
1;2018dedc5f5273f188d6e4513c5c8a7034090a32af985493b5973071c87476fd;['bc1pr7equ3mv4nkrwdfk5gz4m2h5srkgxdvclmrj3nve2rghd48uq06qqz0vh3']
1;02bee97146db6b6edbb072224f76644e41a60f9a34477e206c22a22b25a7a755;['bc1p70d04y99fly0uzeunmzqyt6h9kuwxky79qyrznkgxerjt5xddgvsshdcck']
1;02bee97146db6b6edbb072224f76644e41a60f9a34477e206c22a22b25a7a755;['bc1pjh8t2m9rm6eqwwf0m7h3hz4hj7zztna4atte5gr8v4pze0yn0jtqkmzn5p']
1;911b03986bf60afdf0934eebc76bb2f4d85f4441d2c8d08205e78d6282e11ab8;['bc1pgmf22mdp343tev6aue9me4t9js2clmzqqs307lnpsy68gphucq3s2t7572']
1;911b03986bf60afdf0934eebc76bb2f4d85f4441d2c8d08205e78d6282e11ab8;['bc1pvlxapvrkwwcu2tuxwtrt90ruj7v0qpntwxa0vujepscmutxyjgcqr72lx6']
1;a9625f59629c0de558b7d445b4af6e4635898eef231dbaa20d8459cf6b31ec10;['bc1pnevqprkvm5myzwf327a0s4x23q66m2tn30aremjz2ay5lagfpkxqes5z20']
1;a9625f59629c0de558b7d445b4af6e4635898eef231dbaa20d8459cf6b31ec10;['bc1p6zj0u7nzneyap7nfpzufwj9p2dnqhenrtn8w4ns32vqegu6fd75qehfhas']
1;48148c6712f496bafe2d32b3e2ca1b523a5932aced0beda7051135971429e412;['bc1pa784ffn7rv7egpfgzzep3w6keusg3u8ltnljlpgasldhf29j9hgskmew65']
1;48148c6712f496bafe2d32b3e2ca1b523a5932aced0beda7051135971429e412;['bc1p9fv6p0mughp22x8rpalvua3v2xvmqh2p2p2arwctkd7ppttsyt8szynedt']
1;d9bfc6f65db50eda472d3346526487cd960440bb96717e23ef22a8922d279d1f;['bc1pghy3p8s86zaxslxecs24pr9z2f0dndc62mjazwduzlwhws7gtqvq3zpu0j']
1;607ead51e3036af1848113e3bc6bd4722c063ac2bed3f31e68d7393f3a4fe702;['bc1pczans7y3gmxwcfgexj3efxqu5fh78lcc928lh7e8kmk5v6z8l3rsdhprja']
1;607ead51e3036af1848113e3bc6bd4722c063ac2bed3f31e68d7393f3a4fe702;['bc1p4an6gl4jmhx7cwdfzp2ndlvcyrxgaxzv2fudmyr9x8qy8c63shwsj6aw0x']
1;32280d2cee1e2a48a6889024c321acffdaa5c23bdc4f7df9bf0c2566eb42e320;['bc1p52avlez6zkxlfes68u6pdp82fayrg8zpvjhyjn0xcw46yfe57zcqy59v8r']
1;32280d2cee1e2a48a6889024c321acffdaa5c23bdc4f7df9bf0c2566eb42e320;['bc1pyy7rzfm9xh9r8mr4yl28q4pcf3cdnutd09cwp05pwganph0mvv7qa32smd']
1;b8c15b389a26eb831e76852ce0f5e6cce31961821318a9f6f5af1fb6f056b97b;['bc1pje8tum5w25zgl3e5dsy9yagkyp28ks73m84k7a74dqm9p6fy2vqqqdm3g4']
1;b8c15b389a26eb831e76852ce0f5e6cce31961821318a9f6f5af1fb6f056b97b;['bc1pvlf3eyckcch6u90nu5cxck04fe7l4c6m4hr95tr7ek6gd4evcwhsaljq3c']
1;2aaf9bd40381910a28bc941658dd4e75e1a3bbf5ca3be6a3b7eda132666feb93;['bc1p8fz4ecd3nlqh7awke3m6uc6pqu86raz9g83aqvqyltv20kjqn82sa6ne5v']
1;2aaf9bd40381910a28bc941658dd4e75e1a3bbf5ca3be6a3b7eda132666feb93;['bc1psz3jguqe0mdvrpemqj268vlm9wjlt3kd9a9ffrms6x7980frcn3s8gg346']
1;3603da02da3256469c45aa95f9e65a5a966258a030460cf582e03a768dc4e53c;['bc1p6rq4yd857z5nj8whkr4rtwujfr7jlepnc045qylgmkcek6js248srxf2ku']
1;3603da02da3256469c45aa95f9e65a5a966258a030460cf582e03a768dc4e53c;['bc1pn4a60up64xf8fr8wdglsg57u700wgf522fd829t29zjh06qacwxqzppeen']
1;cd6a6d1e2d60d5ba4cef726e6320e77a501e906868e50297464dafbf675bdddb;['bc1pxhkwhdac7c9gmhsvqvrzdkmam730p50tzl0p0gnz8cfvumg3hn3qc93rw7']
1;cd6a6d1e2d60d5ba4cef726e6320e77a501e906868e50297464dafbf675bdddb;['bc1p9ym9xhp6gsyv5ccaq2mshd5nan3rujax0htkrwd2dd2d34a88x3qj8fpyf']
1;ebc66e8b18be3ef4dd693e62f5c39dacb9daa314cdb46b8e56ffbf4308ca4397;['bc1pcee043kp7jwp54aszw9nqj43du8yq8y590n6u3k6rn0hm2j4mu2qxetm0r']
1;ebc66e8b18be3ef4dd693e62f5c39dacb9daa314cdb46b8e56ffbf4308ca4397;['bc1p8ftjyrfk0ahyaq4z3lrsz9m959g7tmc8ca0v7yjvza665hjvka6sfg9nqx']
1;e479dae181676bcc70edc9658d31d9bb271c5d811aad1c11a76c9b39551d51d4;['bc1pq40lghgp72ymjv2qafu74zjd76jwznrraqhf6levnkye0jqakgcs8cya98']
1;e479dae181676bcc70edc9658d31d9bb271c5d811aad1c11a76c9b39551d51d4;['bc1pfh5acmjuz9yfe8jyttszwd4s0erydsykrp46tkgwr0ln9pe8v2dqj86y4p']
1;f06b189a968551ef50d5d4d3cd89689f6e54247aea0f0c8a354fd47b0fb7b68b;['bc1pmpf7lxf68lngk7nhhr5367r24qqy4cgfleqwjcndd6lw8ajzvmes8zu7kw']
1;f06b189a968551ef50d5d4d3cd89689f6e54247aea0f0c8a354fd47b0fb7b68b;['bc1pejz07qmwmsvyv9d5v9aua8fmeqh0x846688r4dq4mua6jgutrq3qp5gpz7']
1;9257704d78630696e3876bc372d3e1c177d8dc71492ac05e5c7241b8cb54331d;['bc1pmlw778alj9k7ert99rjgswqyuku0l4egaecsuy3qadukhedqw7sqm68l77']
1;9257704d78630696e3876bc372d3e1c177d8dc71492ac05e5c7241b8cb54331d;['bc1p84y2ek8dh25zhw6hw7z8n46g0sp5758mn560w25lcmp87mp33tkqg4w3hw']
1;df9052142498671eac51c1021ec2be06a2e11c2ffa335976bd6fd960a1d9aaa5;['bc1ppg8jld3zul0ahkg0jtzu9tk33um93hwl3ch05xprvkuvlsxeezksskyjmp']
1;df9052142498671eac51c1021ec2be06a2e11c2ffa335976bd6fd960a1d9aaa5;['bc1p875rvk0ljhcp0g38m4pd7a52ut5psfqvm7el532axmm9awnv834qyff0g0']
1;20015c45e8f51e6a1eaff74f57de0b30e1f8400a092ee3b8f771db853ad5b5a0;['bc1puhwf03c7qy73h35lvk63z6u0z777ns05042pk5qhj5zhuvtm2f8svkj2j6']
1;20015c45e8f51e6a1eaff74f57de0b30e1f8400a092ee3b8f771db853ad5b5a0;['bc1ppjmf62ywsnn49gkwzr0377dqy8u9fdsd4dtun0007qfettdhf3js5xcd0l']
1;728dceaeb9cf47b23443ed2a51012e5688f40ce21775b933b68ec2c19da5ed3a;['bc1pugdthf4gqh3k0tuh3s4mgzjrrl7uf6jynredztcvrk4xpyzc405q6mku5n']
1;728dceaeb9cf47b23443ed2a51012e5688f40ce21775b933b68ec2c19da5ed3a;['bc1px2ukkjjtx7m8squvjn0vucrmcurytv6c6gl9a500ekv6t4qfpkgqg3n60a']
1;a807d5b39cae9c0fe08a4514faa26d38c9f6a283c37c37d1544173958bb808be;['bc1penqyy3m67rm9gkylperxw75yqkqwdgd2dz0zh69xqvnsdyvkpw7q00yplf']
1;a807d5b39cae9c0fe08a4514faa26d38c9f6a283c37c37d1544173958bb808be;['bc1pgldg7vu9dax0hqlg288f74gcnwtp7r4ehq4ltql8s82avdy3nzxqlj4lec']
1;2562cdda96a30a7fc96f9b76d9f9466b3c73e0ddbb71286421f25301c8b45b23;['bc1peahp002ye6f32gnfdzmyunqq64flxj0d25s89xfeet54eukuhkwsx4kruf']
1;2562cdda96a30a7fc96f9b76d9f9466b3c73e0ddbb71286421f25301c8b45b23;['bc1p4vzs2twg4xs0g24zrlk3jvw5mghjqpye373t7546magmz9qrfugs7tze2d']
1;98de6f7ea7751364ef0bc4d2c9bf42f03227cc0c65770b170bbaa9c6786d4c78;['bc1prr33xj84nry09k4flkfzs4jq3qxy46ywlj7378h48enq4jq2fyfqurq29h']
1;98de6f7ea7751364ef0bc4d2c9bf42f03227cc0c65770b170bbaa9c6786d4c78;['bc1p76kshlvslppajtepa6smyh8hlmnry86x8rnfeh6sm0mwl30z6tpstd6hxc']
1;c4758dd4a692e414cea7116a1295aa1679816b49d5b04cd96003067406b1b0eb;['bc1ptgj6qsphxq5f4lrkmjw33emxw4gf9cl8h5qecegkvdenje3d56hqhsxh24']
1;c4758dd4a692e414cea7116a1295aa1679816b49d5b04cd96003067406b1b0eb;['bc1pemtwukz28a7dspxvpxxv3q08hvdnl04a48n5al392slt38ae4jcqkkkeum']
1;15389e96e63fc1316bf7d4b0328b709a9f40901bb97657fea6fa7be86e33310e;['bc1pnkv06ykv4c7wrhf6x9wc4h7lpw6qlzljkp4kdxmk3d8fv30yquvqxr3a4q']
1;15389e96e63fc1316bf7d4b0328b709a9f40901bb97657fea6fa7be86e33310e;['bc1prwxfxuj67q6qutq600s8trvtqraksamydpx3utnywd02xcsxyhts770ucz']
1;615b6a6c0ed0929a090b9ca7d20d74b8805608e50159c3812a95cbdfd92813a6;['bc1pxtmlysr5yavrq3yt6nww9gruucvdxcje7we45l4s2p6dn34e5n8s46uzyx']
1;615b6a6c0ed0929a090b9ca7d20d74b8805608e50159c3812a95cbdfd92813a6;['bc1pznq7p4kne9nsa625ujuukst3vnugkzczlfc447ke99n5psgn38vqnccw88']
1;2b5c488fbb74a075da8f95057b551ccc3e015794128f45199bbd86a56469b468;['bc1pdufwd0uv9h6pu9qlprvrmmwjxuuqcyuxj3e2dmq33nxmldj5h4psm2g3gv']
1;2b5c488fbb74a075da8f95057b551ccc3e015794128f45199bbd86a56469b468;['bc1pfeut0rth7ch0x528eddqcc7nrx5axrxfhjq8uh7jy2vznrpl5h4s2rxd97']
1;c519eaf53c89d3515185520f3026a2e364e42b57cd44ef0e4d353e7b43d00d4c;['bc1pz8x60669ek300g27ej3svd0k5qrme2cpjjyz0cv4m8w8xpydtdusdmg62c']
1;c519eaf53c89d3515185520f3026a2e364e42b57cd44ef0e4d353e7b43d00d4c;['bc1patvxmk47vpj4ekcanr8tttr9c47qrnf9y0edhuqdrja4vqrjspxs8g0nuz']
1;d1d376d728a4c51270e9c4e7816f59e46f6938993c3ba79283cacbafd8194c44;['bc1p50pvlz7sh0wkwhs0dw8ugy3acqc2xqzgwa6nmwc5tlxc8j88j52s6v479k']
1;d1d376d728a4c51270e9c4e7816f59e46f6938993c3ba79283cacbafd8194c44;['bc1p4v754tnqnnstsq6zp8gdjd93uset7anwyct73l4k4whl4ae6vpas6dfzsn']
1;b9167258d93ae357941b3ec1e73ad0e0be9508f74e902e849594df0271ee8a34;['bc1p4j2eqxm5qg0ua7rdjhuw3erw553lkcq0ffuyk26jfdysktnx0zvs0rue3k']
1;b9167258d93ae357941b3ec1e73ad0e0be9508f74e902e849594df0271ee8a34;['bc1pe7xs0ylfpfw7uzpnx774xh9fwsq7n63jeyg7jnkmaalkz3859dqssw0arn']
1;0cf61aa4bf2bae6bcfb9bce811315ea9f2f8403e573c58b6c4e06b614d269917;['bc1p6k7s5u9fg7pmc7lutsjcghfuc2ndct3aym492mcg7rzht2dcmcds5jr9l6']
1;0cf61aa4bf2bae6bcfb9bce811315ea9f2f8403e573c58b6c4e06b614d269917;['bc1pylcxy7gpuqmlf22qddl4qm2he3m0vq9thfln93807mf6d7puqw8suzs9ph']
1;7104b6071cc2c610d0e8f915eebb76bef121cd11ae30f0a4a6f55d88ac97da39;['bc1p6d30chhjtjcht9klzxjckq8u6nxl8gjjqtjsceep40cezhyzqesq9sq70z']
1;7104b6071cc2c610d0e8f915eebb76bef121cd11ae30f0a4a6f55d88ac97da39;['bc1p06x7aksu5k5pr4d9v3q6hv4ds523p8feyvr688h679e7trftvduqq2yhma']
1;6eda8d7750769ed337e6c8e4c30bac6e09e864e72a72e4cbfd6f6c6fdf23ab83;['bc1p9gj02l5atj6us8f54eumz4585k5kt4esnwwuvm9qruyd0cncrdxsmrlvm3']
1;6eda8d7750769ed337e6c8e4c30bac6e09e864e72a72e4cbfd6f6c6fdf23ab83;['bc1p6d8zpn5cke79v5awnpfhazz20her55764vkf9awkl44ck0m8q55s764fxk']
1;c3210c35da762a7c899cc33b44ee2fab39de9751f303d3b8c15ac89ae8724d4b;['bc1phv09gwru4wh7x8z4sq8qku3sx24xwkdx3j7flkavhclzlcl6ulfs2hjr8m']
1;c3210c35da762a7c899cc33b44ee2fab39de9751f303d3b8c15ac89ae8724d4b;['bc1p300z6dpxvpc3phsh8j7nzc8enmj5gpee0lrrljuzu0la40ed66csxtn04p']
1;8c4c85f73079e805a0aa676769bf44aa1fec0b913f033ba7f75eec6ffd323a8d;['bc1pnh6pgvcvns99d7w75rfmmh9gpaedskvw0h05363p6p4hvp7v50msw2nrpf']
1;8c4c85f73079e805a0aa676769bf44aa1fec0b913f033ba7f75eec6ffd323a8d;['bc1pdnnyds85jn4r2x4g5l8dep6rk5ppu46j9f4vm00jdwl6phkyllls9lqlk9']
1;11d9b5757adb99408a385ebee8cc1b895e8c101b134a00e2c2a2c39678d36fc4;['bc1ps7upkvyge37nwhrk0wphf9lp7mx9gaq2nr9mam85lh75mhz03les3shxxg']
1;11d9b5757adb99408a385ebee8cc1b895e8c101b134a00e2c2a2c39678d36fc4;['bc1pr4ckj89jtp9lk72safslsud8p2ej25pskdtzs5zlpv74vqq2tqtsy6mum6']
1;aade1e869bec123bd98c288c3835fa224650f443cf40a80c617d84b2c101a341;['bc1p4ak9qg9upplguh80rfmt49xnynzjwnwgr0zp4d0ugaryy4gkuxssrgnhqh']
1;aade1e869bec123bd98c288c3835fa224650f443cf40a80c617d84b2c101a341;['bc1pwh2l547hcwrcap9t82uhras8yxnse7q6gj3zrtuyv6n8dcfymkrqen4y6j']
1;b7c412636ca52c84375d638dc6b335609a28d356aa9826164bbcf08fc39eeb4d;['bc1p08hgxtzzg0a9txvlsp4fczdh46hd0x5ntnfnpjy8gtgjxl2zvq7q20sn7r']
1;b7c412636ca52c84375d638dc6b335609a28d356aa9826164bbcf08fc39eeb4d;['bc1p05qjk8qtxr72257w4a2amggd96pl46l2h2l6zzrrwge3zdnmmzsqunrpx3']
1;163ceba49787cd4b453bb67cafa7392e4f5b6cd943e45ec7786204b6c1c9a2bf;['bc1p25f24u7r0u73vfkt0xzw48w3p92wglwveq8yt9635k7pgqcvh6xsec42nc']
1;163ceba49787cd4b453bb67cafa7392e4f5b6cd943e45ec7786204b6c1c9a2bf;['bc1pprkqrzjq7k5q9t3mh3fvm6j5snlmy3jxy5uhqcytmnf9je0wd3gs45vtnw']
1;57ed25155530bcb90b536bbc133f16f2c288f820c023abc1256d91e35fcc0275;['bc1ph7wwxs7wyakumzyw2nhnr3gyyruamvy8rwy57v07zl0wyap57ygs5quua2']
1;57ed25155530bcb90b536bbc133f16f2c288f820c023abc1256d91e35fcc0275;['bc1p0tkagdt2yc9dyw9x6hhwrsreqrsmgf6m5gtu4n6pxhy0cj4a9ynsk34c4g']
1;92dc90767209a382fe5afeca7a91eed3406d8132687410803d3a05549116b4b4;['bc1pc5yun7cym0ezqkuv4jn3kptyd8zu62vqj27erky07py3pzu3f3zqz5krg0']
1;92dc90767209a382fe5afeca7a91eed3406d8132687410803d3a05549116b4b4;['bc1pxjjt0kp0ugemthkv5mzlgyawk2paynr0u5zn38zfj7lsr8hqrpesnte72v']
1;90a36a993b22fdde4cd16150dfbb920606f49e2dd078675cb4de7acbe2266a3d;['bc1ptshm3ftxxhgtcf4wlnl23clnxlnfadkkzxhe2qwmge2ekyylemfqhkttvc']
1;90a36a993b22fdde4cd16150dfbb920606f49e2dd078675cb4de7acbe2266a3d;['bc1paqjj4ws0dlxj0rjc53zfxhfzfwt9cctrl6wmtcskmhgmku96tcwq8q5e6t']
1;b37e73fc79df294c385a55b3def96c3f221773ebe232d084a5db1a7fdbfc615a;['bc1pnuc08geh8sx9me54386qae0094aggkw932x4fpfll6we2amh8q6srzsf7y']
1;b37e73fc79df294c385a55b3def96c3f221773ebe232d084a5db1a7fdbfc615a;['bc1pedl7d3ntgc6j4sg6w9m5d6rvj4sxgusyy65e038pcumd0cercn6qk869uq']
1;83743ca22b8f0046e578774dc3bbab01155beae4c4936a2367128ea832c017fd;['bc1ptt7uw6z9x32j3cw6lkcu0lmg6ggj84x7mkmcudx0g8m80g2826cqyss6ch']
1;83743ca22b8f0046e578774dc3bbab01155beae4c4936a2367128ea832c017fd;['bc1pt6zfjesgjs9z4ltrrp9kes3xjfvczt9pjnht8rp73ftca3j0nzrsunxdyq']
1;83b4f8bdf3868e30a78a46129eb57ea57b3426881bbbe0232108e40da215323e;['bc1pts2gu50tkfmnt4dha0l0qaqgd6ze093zq4ns0z8nwmyeeyx0jklszxhemq']
1;83b4f8bdf3868e30a78a46129eb57ea57b3426881bbbe0232108e40da215323e;['bc1paql2w004cgrq0gkmwzyk5hm3c0ymmpmyxk9l75cmr4edm455g3es4xjuyh']
1;c6ab1bf01c524a6f8f3c1dba62d4d886b0821ceba57e65487e3d00414fff670f;['bc1ppx64vw2k24wy6te8xjm7sndtkz5p80u8hmjzxd2mx2ms77j3yxxqa29s0e']
1;c6ab1bf01c524a6f8f3c1dba62d4d886b0821ceba57e65487e3d00414fff670f;['bc1pzwgtyz0cgk28mym80rmqr9mucy5drhpp5tau5eke8ksyjfxadhwqmshq3v']
1;cfcf730dc3f1c4f9e116cf6b3ff3c6f7c5e297a0f74c071b59d4dd19e17fc684;['bc1pt9n2dmjkl2xru8jgj50pnaqp3vszpu89lv2afctwt7j4gptnx5jsvrhrtq']
1;cfcf730dc3f1c4f9e116cf6b3ff3c6f7c5e297a0f74c071b59d4dd19e17fc684;['bc1pn3y2sny2am5gc2k4hymya4d0fegnx67atmpw84xuw0gmgeq97hhq3yesj8']
1;b796fb26871d42985873b058ae43cf78c297eeba7828d1bc05b53326b9db84d0;['bc1pcxwtu2tdj5c5epdkh4puu967a2hlgaueynhdwptstzvcyv96eaxqfxmpvd']
1;b796fb26871d42985873b058ae43cf78c297eeba7828d1bc05b53326b9db84d0;['bc1pdvkr8kwhpwezrrjawlauehqk9cxn2mcdjnazfyj6raa8z385qrpqmftcxm']
1;a917330c67d4d33c14f216edbb03f5bb25dd02495db8fb8843a6c2b7aa514426;['bc1pvdptv69zq6gtng36ddkqfm6p4ezkl8xyvf8cyndwpef00895xcks87cqs6']
1;a917330c67d4d33c14f216edbb03f5bb25dd02495db8fb8843a6c2b7aa514426;['bc1plzc83fh5em2fklj4ysucq95c3433lszqdspxnhlqzepvkmqra0ysdxzq37']
1;0f0dbcbba267c3bd10f23e4c81ca6984b8cb9233d0e4968ce27caede23dc4d43;['bc1p8efc0l0hvxy95fzr6jpkxgdrhmr6xy2wyrs505vkt9hpx2skjzkq3de5ad']
1;0f0dbcbba267c3bd10f23e4c81ca6984b8cb9233d0e4968ce27caede23dc4d43;['bc1ptjeaujv5qafjs0p4ne3e7nx2cp8kuy3w38zdvufcerjc3e7f7ydq58p297']
1;debf57bd264482e1bffb775ec6798c19d1fbeb7af29afd29b11ed1ec0512aab9;['bc1pvc5tnkeq8yfzqg6gw8jfv423wxz0qcdr4ygep4gnxwdjhz60p2msze978p']
1;debf57bd264482e1bffb775ec6798c19d1fbeb7af29afd29b11ed1ec0512aab9;['bc1pc7n3x25n68qetc59dzesqt0yrj4c502swa58nwk3rj242947gd3szfzlfz']
1;b46f0a22bb4de13854d536cfa3ef081cc253a1d9af01bcb86aa9c082544f86ba;['bc1ppcrq08cem8cs6cy5rqae2tewafkuh03j3mxyp4lnm6uutkyeqepss30nac']
1;b46f0a22bb4de13854d536cfa3ef081cc253a1d9af01bcb86aa9c082544f86ba;['bc1pf0eqfn723xel30zzkt8uv8pztyjn9q8ycn58m6f25zpx7s4sykkq8dpcxx']
1;ec059433d0cd62b0768687e048fab009260e3fa12b0b35cae7a55dc70df38db9;['bc1pjqtd98zqlm0t6l68kqy3vyhkwag3j8zvmzxelwrfp548d9znn4kqplpud0']
1;ec059433d0cd62b0768687e048fab009260e3fa12b0b35cae7a55dc70df38db9;['bc1pf3sdf62a2jv29t66xvysayq5sdz3zwrdfgxkwmfwxfj7wvgdw82s3kgg8a']
1;7c0507dab1848b8d56cfb48ca7dd1e2dd8505090f8dbef6ccff6d1d2faf5c3c7;['bc1pl9pmf8wafwfe3y2zj4hy5pe4cc2nkk86jc5mc0j4wfwmsumhzs8se88k0q']
1;7c0507dab1848b8d56cfb48ca7dd1e2dd8505090f8dbef6ccff6d1d2faf5c3c7;['bc1p5cvx90f9gmdsx56fpv4hgt2585lm207xnd6v2usl8xz5hsj35d9qu59u6a']
1;36d303fd01ebe36a91b0f6b901d208c2005f6f65b99336673260f4f49fc94ee7;['bc1ps57wwtc2vcsfvs0z7lrquh4nngjyeq2mgnk6spmha9j7zp8njcdsz5lv79']
1;36d303fd01ebe36a91b0f6b901d208c2005f6f65b99336673260f4f49fc94ee7;['bc1pvzzlmj5kn5xwv7zw98488u4prya43vt8jawuxghp8kpqf3e2uy7sk9drn3']
1;43cc7062b79dbb0521bcd6603224878fc00f761f9d54eecd5855a4c00ef79e10;['bc1pkqufsjuw5cvnvv5702tf2sa5wk94ser5xcw9v9x7krulnmrwx8es6gg3x2']
1;43cc7062b79dbb0521bcd6603224878fc00f761f9d54eecd5855a4c00ef79e10;['bc1pnj4gygrjaztnlekpzt4fsgqfkv5rzkpqeswv24f7h5tkkq32mgns8yyxhc']
1;58a7154769c90db1b3d72ca5aadabf60e323404b5543f224036adbcde173d1f2;['bc1p0fux7ywm7eefwwwcmrtgf3cavttsg465zvmdrfxxacuplddea3cseqtuh7']
1;58a7154769c90db1b3d72ca5aadabf60e323404b5543f224036adbcde173d1f2;['bc1p62n6etxazq8rzk28m2mfklvyv68p92w2nq6qtw5x05tllc3w9ngqyk3qr7']
1;d6d07f40165dd3526e054ab73acf32e65bcb84a09adc577bca09ff089325bbc5;['bc1pscsdk807kl9p4u7cx85r33uvk39l5wyrqkpgfy39rqvuflelrpaqdc09an']
1;d6d07f40165dd3526e054ab73acf32e65bcb84a09adc577bca09ff089325bbc5;['bc1peex78ghhgzk5qg225nlkkw0cecwekt7rm3pq0pmscqhsrsg79e4smtjrfj']
1;973e0feef792ce94e64c95f4ed9894cdee09cb3b36b3b8f84e61f7718659b53d;['bc1ppcnk0c7c40a0y7rcv4asjnxtpp54p8h23v23es4x5tqaq4jndn4shusawh']
1;973e0feef792ce94e64c95f4ed9894cdee09cb3b36b3b8f84e61f7718659b53d;['bc1p0lgtjg02za54x5stqyfcqs2a2aevkqmtzqf7f306gf585r9lereslwett9']
1;4c41d82568f44ce4d4275be5a2d533ada401608792a5e7fb233ef29bbaaed5c3;['bc1pa2g3d0hr4k2mxe4maq9s4dh9p4pfp8csakszefzqmp48usjpplks5pumzn']
1;4c41d82568f44ce4d4275be5a2d533ada401608792a5e7fb233ef29bbaaed5c3;['bc1pezwnulnldwq57e2skkrxjdyypy3hc74s8xxhj38l3zqgs6v3qafsklpj7f']
1;2ea2294b2a55cd6b89da811075a84a0d310d85e4d5ad201f71e5574cc372f8b5;['bc1p2sn339r5mwhvr42qqn659gx070lqpsnsmtqfv7ffd5vw4wnlfx8qefd64l']
1;2ea2294b2a55cd6b89da811075a84a0d310d85e4d5ad201f71e5574cc372f8b5;['bc1p08f4mt5nuz8p3m2dj48etvm5hlpwplr0w0rmjvwr2cp9eurpegfq3vudn4']
1;5e972ebb874dc82530a274db772e2f862c5ea7dd78675f8e1c99135b90bfcbb8;['bc1pscqp4a9e4w6l03s6syps3dg989g8zjxwu4e7gvduvfcakmc8dansqhdp30']
1;5e972ebb874dc82530a274db772e2f862c5ea7dd78675f8e1c99135b90bfcbb8;['bc1p50s8jwx6rqtlntcp0njtrn93m9cqhqg0x6ntsyv8pcxvfwy590vsm7vf9m']
1;d116e24d5c4ef2fdb1bbd837825e27d538e1d7ed027ab2001af1db78414d79ae;['bc1pgjlxnarn0zyx47n434v82ggud9l4v7ek998n3kqq5ratfqm8sgzsddwl2r']
1;d116e24d5c4ef2fdb1bbd837825e27d538e1d7ed027ab2001af1db78414d79ae;['bc1prygt6dnk24r55gt5t29jnyufafp7a4t9cu6q376dsrkaeq636ehstk0lz8']
1;85164f05d360b9b3919e6ba3eb70412d042e33d1815658dedd6fb1ac7ece8092;['bc1pyuy834kd0d8grqcrjffdwvl3kl9np2nr5srxqymdxvclmgrw30jsnfwke2']
1;85164f05d360b9b3919e6ba3eb70412d042e33d1815658dedd6fb1ac7ece8092;['bc1pnr0mq8wkfjkfljje5yrsup5jvhhxh6p7ne5u49ftn4tzvrx24zcq52ew8h']
1;52ea4ebf1779ff4828fce04038f9d1b946a1832c9dadb614b56e6418799afbc7;['bc1pys47x8k409u30lvac92y99lc5nz228tx9jjntp5mqg2v0mtuwsuqvcltnk']
1;52ea4ebf1779ff4828fce04038f9d1b946a1832c9dadb614b56e6418799afbc7;['bc1p7ppwfa7v8u9ymvqz5ey9hmkhvnx5vu9al7s3w6nmn94yl472ggqsh8xcwp']
1;c7354eeddfe122d283927785fe1809123289a0178be1ae0abc9afa79e8b20098;['bc1p8ekun2aqj423gpyezq7quhf2msjsthw7zn5k2km9q6h53a84q0fq2vshq0']
1;c7354eeddfe122d283927785fe1809123289a0178be1ae0abc9afa79e8b20098;['bc1p0l2lus8nanvh8kr8u6ys8t6gx2hkh420rrtpt2zq259hr3j5wp5sfwmkj7']
1;afd0a647cc9aca39f6562d628f9a373a65dcc2c46faceee4bc8b0f9b569f143b;['bc1phuey4tln2882sl3zg725ck9qdlh7nddnketmmdgs8l0xysctxrlsphjjla']
1;afd0a647cc9aca39f6562d628f9a373a65dcc2c46faceee4bc8b0f9b569f143b;['bc1puxppw8w6g0laeylld725crq7amdr6t93flkr8tngnnu4l0ky72wshwrpnw']
1;94d90b8fd91738e22b6b33ad8d92738a4b0a2fa8d354394537eb8393ddaa83d1;['bc1p5jdcm8950v7hqjud6qjkyh5nrjstup0vty64j2dzzqjqhjzg005qchu45j']
1;94d90b8fd91738e22b6b33ad8d92738a4b0a2fa8d354394537eb8393ddaa83d1;['bc1pa40gxh32ucymfy73u7ed0xdr92wlx9cxxmuqru7wujsk02dsf9zqgdwt3y']
1;6974fdb6b6f40605ac3c9c330840a8d8426eeb73da596032c76b68204615dc60;['bc1ptdkkyk3elw6fzyvzawh7kysad0tl363t80t8adhracmm6fdrtdcscqrlvx']
1;02f0cc9d6e0c034e4dc31faf7a9dc81cd63def5229e17231c550c041a4224393;['bc1pp9fdgv0dfpnyv9k3v2s4kg4nr65u0av2ljztskxaqpwn24rxcpus5sapcq']
1;02f0cc9d6e0c034e4dc31faf7a9dc81cd63def5229e17231c550c041a4224393;['bc1ptd45kcz6aee350ft07avf4e8gxzzxcdr3kx7xjs0fcpnqqlttnpsn5w5kf']
1;6cc1b09cfed8ed12716e9ed0a9fc086913aba2915757803be4b0059fbf578121;['bc1phesuu994jrw5l8vz6l5q5f7kpfe9z00zdmvfe0u66s2gwkcxt7es6t7yz3']
1;6cc1b09cfed8ed12716e9ed0a9fc086913aba2915757803be4b0059fbf578121;['bc1ppk7yyp7xpu7uy8ctx8awf90drs8a28vw73uv933ce77rxycw0w7swyw6cs']
1;0ba60a35159acfb5a5e46b48e36a8e21a6f8345c364c7708ce9271d87892d03b;['bc1pgde588qaaf5j9wwcsj5pjq4mzcdg5mw2z4hm6tprsjgezsj9j6nsyt4hvd']
1;0ba60a35159acfb5a5e46b48e36a8e21a6f8345c364c7708ce9271d87892d03b;['bc1pfw9tdjace3zcqtsuhc5a76h29n53dmjgw6vjf38pxh4nkdc7kdwqwakv28']
1;fee56b9d7d67551512b266d0e63cbdc6d83e1ff6419be04e9e90330ec0b694b5;['bc1pc47dsdrs2dyyapju7htfettvrtjxf56y89shxak4gcxuxc5rjsdqyu8hrl']
1;fee56b9d7d67551512b266d0e63cbdc6d83e1ff6419be04e9e90330ec0b694b5;['bc1pzcj7p6q6mt8eg32y02vdv8mtunq5zvd0xekpafzuwekr866gs5uqyw2uks']
1;6c4ecc8453af7e17af3dc6d3330024f9dcd2c101660fb140e05fa8c41c96cecd;['bc1pzmfrnh0qpvvskwcxqp6p7796yy54m8qwrnr7dd09dsxz872xrg2qlacqwp']
1;6c4ecc8453af7e17af3dc6d3330024f9dcd2c101660fb140e05fa8c41c96cecd;['bc1prhanex2vn4hlelv2ykz4avm8d8gkj6w78ul3vs6achzxdjsulryqvndl3v']
1;33c489dd0b423ee328432ece99c95d84ee8ba8b7a344d33f6df3f3e006ae3cf2;['bc1p4yewds4l92m3mm3h6glmncqn6vdjxq8s6gargxd2v0djm2psherq23r2s5']
1;33c489dd0b423ee328432ece99c95d84ee8ba8b7a344d33f6df3f3e006ae3cf2;['bc1p0j00vn3nz5qexpn36sjdgnf446zn4ekw3r9h62q6vrl6eke2pfdqrxn6jt']
1;69f13e07d83d167ba26264b91cca44768cbd22facab6d6dc97dc0f44a8ac6858;['bc1p4tq7d8uq8kdsu4kjw8yakrzxgzt5wmuhv22pua899c5n8lcgnxdsraeduj']
1;69f13e07d83d167ba26264b91cca44768cbd22facab6d6dc97dc0f44a8ac6858;['bc1pdmjfpdcf4rkd0p9elkkjuymy7ys7ehv3lsvfhhasktjcanhwlyfqdf7m8p']
1;5d2582456e7a865f05b4ba4380b4a7a4063639b1336389782e62f7a57b649ba0;['bc1p5zsdnvam7gupe07zntvyghy5jy5u2ea0h7syytdlcd74vu2yt5esscz2xn']
1;5d2582456e7a865f05b4ba4380b4a7a4063639b1336389782e62f7a57b649ba0;['bc1pm2gvagjgk4n7d9gdhvxwzw9w07wvyyevlqst4d6ddaxarcaagtxskhfrhd']
1;c04982f3f9bc13de6f3c705884fd47bc7f78c0908077f7f97e81ed1c112adf91;['bc1p6ynarm2s9wxsgjyvf5v59a9jpf8xlgkudkcgvzmfm98whrycj7kqa29v09']
1;c04982f3f9bc13de6f3c705884fd47bc7f78c0908077f7f97e81ed1c112adf91;['bc1p3ny79q070u7z9g9u6j2vafgq2ja6ksqmv55807xzjc88e2gx8lhsrxwaak']
1;ee1b64313bc4aaf7b96b1fade4426a2eabc781532b46a69542640ce91934a585;['bc1p0vhenyr6wx7nyw5aeg2zw2209naxq9cfd05jky6uhgsltnhgc0gq5aardv']
1;ee1b64313bc4aaf7b96b1fade4426a2eabc781532b46a69542640ce91934a585;['bc1p2nq6gyftkk7jlysahy82jmyxfkgp6nwjk4pg7y63gs7ty045jnwqtqpaly']
1;1d7b97748b6c35e56b4d5be3774f7a1c87c7c4710b14f7e7bef61486ca196482;['bc1pyn00mjgndx4kjzsc0gcpvp8tutclamr6t9xsasevzmf238q76ndq6sn2k9']
1;1d7b97748b6c35e56b4d5be3774f7a1c87c7c4710b14f7e7bef61486ca196482;['bc1pfx60dwmt60kq5myg6qwth2ph27jwhfd7tcm684lurh8ez4f2jcps3euga8']
1;d8b3362b185ed73c9ab5dd18c122fd23424dc2893fcf844b6c9ca3ec81fb46b6;['bc1ptkvl36zgzcm9qdw6jqe3ynvprmx8kpne3g99kx7dkjfq2ndf8e4q58ntgs']
1;d8b3362b185ed73c9ab5dd18c122fd23424dc2893fcf844b6c9ca3ec81fb46b6;['bc1p2a2y2rm0jkmdhrqdhxahtja7mskrmn9dl9zfs8tlgsvxpfd836ss52g246']
1;e66c160288e66fe17eb492155207a535507213d73a6e7caa2cf0b00bcd5e3bea;['bc1purxcd63yamg4vuc8xhhgn3rpfrd06jqxswlh03c888ez2kkekyrq8lq6y6']
1;e66c160288e66fe17eb492155207a535507213d73a6e7caa2cf0b00bcd5e3bea;['bc1pn499eqq0pktxnk97u8p73za4vfj83wg0vlk9dfx042mutlww4nyqtk3zan']
1;33b5672ef2b19b06ab6c55f17ba25240552130e9b457ed33b9036b94a06258da;['bc1p4mkjmy02nvehz8uf8nxhnwv3dydzme30xjut79aptatgv0pz5ywsqysqcu']
1;33b5672ef2b19b06ab6c55f17ba25240552130e9b457ed33b9036b94a06258da;['bc1pvj2a8uwqpuplgtqc6w8jm30580hqp9mnjaaea7jr375pcps387ysk2fcqv']
1;b430fb572ec7f94cfd517502df9a0c87fa9e6fef3feaca31d444124d955285c0;['bc1ppuer7z0wlewy3e0j5lrtvm7p75e5xlvgfn65m3022tkwc2t7lvwsdh5uau']
1;b430fb572ec7f94cfd517502df9a0c87fa9e6fef3feaca31d444124d955285c0;['bc1prtcgfjn3x00rjf5pyk265ey3qxlyjrp2jgpncyl55vkatxd4t0gq66naeq']
1;8549465fb4d20173b92ede0afd2caabad6353c09e7a40012a0a334dab3343aca;['bc1p64qfcfvmp0vdc7jmtkm6gyq3tjn7put8lvldnu3h2ey0zdya3gwqt3jlu9']
1;8549465fb4d20173b92ede0afd2caabad6353c09e7a40012a0a334dab3343aca;['bc1psqqhrfvnyp2seew3kwkpg7uaddrc59u3ualp9edgc2watv3a4zmqvts433']
1;40355aeba3da7bced1c569561f060c55ee5b63f6354d92efd46aaca313aaeeb6;['bc1pct3w4c4z7jynkzv2kvdfjtkr7xfes59rm4avqz8vukxxa9vfdd9q0zp7t0']
1;40355aeba3da7bced1c569561f060c55ee5b63f6354d92efd46aaca313aaeeb6;['bc1ptgewfpgm78828l0yjd56vxhmcsnr0x03h7k96rvwgyja96rjcdsqa45qfr']
1;691df65973af51f049b0aed92bd58ba7f54eab04eba6cd4267064a6532b80883;['bc1p9zyulldgpjdq2yxvq2vsdea7my3378unepqeg7hc7u3akjxjqdsq7f98yv']
1;691df65973af51f049b0aed92bd58ba7f54eab04eba6cd4267064a6532b80883;['bc1pkpp2vc0z5gqv8ky5yynj60e2skcw3gcgshk9m4ug0rgz6w5tqs4s78tfca']
1;b0de2db3f7dc9ca26f182f73461159105c979f7198f356cac91b296f804b7765;['bc1pswps9dvpqaerrm3zxv69lv56l2gnc4z3r7qmz5w0zda5s7a2c3lq4uj7nm']
1;b0de2db3f7dc9ca26f182f73461159105c979f7198f356cac91b296f804b7765;['bc1p7m7h285kukteu5astjmc5w8qkkvywwc66sydznjlur02g249a93qrkkeg4']
1;dffceb7ba999a9c36abf3e0b5a305d9627b4e82ec6b2e30336cde6dc4a6b84dd;['bc1pdguvvz55s50ghd5emd9xdaf7al5vh7ezq4g74my7fge7tuuhjtvsw4gfkc']
1;dffceb7ba999a9c36abf3e0b5a305d9627b4e82ec6b2e30336cde6dc4a6b84dd;['bc1ptvdmmwncta9x6d4z270xum480jqcd5e0vy3twc8vasts45fx2sgq5xdcur']
1;c36a18f7aafce3a2fd7afe239914cd02c57dedd32ea94c57aa899ba681689114;['bc1plk535typlepp0p6hv84d0yg5twsvvwjr4ddqs4mpuveqpjrhduwqa4esuv']
1;c36a18f7aafce3a2fd7afe239914cd02c57dedd32ea94c57aa899ba681689114;['bc1p6r2qju6gswpsatykrueusggstefjulhl305f305gdf4293d2dres0kzuwe']
1;42ad28b2f5b7a0fe203e4717e6ef44b8fa633001e9aac950afbe852cb1fc9063;['bc1pxkfdh7qqcgpc5jxelruk08q0nthfnnyg2xynj2he3utg9duh3psqzjjnyg']
1;42ad28b2f5b7a0fe203e4717e6ef44b8fa633001e9aac950afbe852cb1fc9063;['bc1ppxl74zjkjshxm4x5d6l4cc22eedtlv56xs2suefuaa7tmq5adcrqldzjvk']
1;8b2f64ef55ad582522437373b73d42b08f36f383e675824a65f3649b9acc4fa6;['bc1pnh8k3rlpya0xlahq7faclxqc8c9dnke4plt6uf8r8jjgye45t5pqdx3gps']
1;8b2f64ef55ad582522437373b73d42b08f36f383e675824a65f3649b9acc4fa6;['bc1pa5wgkcwhu33et0g2scrrw8gjw0q2xk9n7xfvysazmzq4wkwhaqmsyemzem']
1;59c7c0e974f189237f9ab75175670911df82dc9d0b3477a0ce81d265983a37ba;['bc1pqxpv9c2txe5ja80cum7qkepfyhwzghll9awklcanw3g9dm99ksqqqa83f3']
1;59c7c0e974f189237f9ab75175670911df82dc9d0b3477a0ce81d265983a37ba;['bc1pfkzm0z97q06vw4ecqqlhrrmsxf8q0n7dk5gpsy3xztru4fyfjdpquvv9tw']
1;02957ee62537be7dc4a36ed11b27751944f466e23aa6e8054ed403f40f360ebe;['bc1pscxtm4vx9caj8wqp4z909337kasjhu5qqclc397zq384m2carjjq2q94sm']
1;02957ee62537be7dc4a36ed11b27751944f466e23aa6e8054ed403f40f360ebe;['bc1p3zg784kkcv54vpdpmqw95ufv5csx89g5n0frpsp6u6rmf4qtajrqp09stk']
1;84f06da69a99f1d47d57bde32e16d3d908fb8a6e220b59e58826d4c675ac6703;['bc1psj5zlt8pzdvekslcss8lwju6ll8wrevpclldckefuk8yf3v4w6jsd3hvgk']
1;84f06da69a99f1d47d57bde32e16d3d908fb8a6e220b59e58826d4c675ac6703;['bc1pf3cv9ytuyvd4ru5r70r6ve3365q9xqfnhcp8k4a98g4c2nqgm66qwqyxax']
1;0fd30d5366b430fec151602882eddcbb656212ccd2ff92797dc96fd55b1a7817;['bc1p6uh98ue35ltz6ux86ta3et5r7g7mn278fk233c5he72qhgnkpvgq8vrjl2']
1;0fd30d5366b430fec151602882eddcbb656212ccd2ff92797dc96fd55b1a7817;['bc1pwjr0h4za00w690azc2wvsgdxyhwl0s7wmh3z66fq64try7smj4ds05rsuu']
1;676550f250c080b89a5df009c9e243bbabf7d2dc0e834d86035e0f441838019b;['bc1pe50ktalawzzftu5tucgrml8zu0lk6cd6sxf8962aa5m8yu42p0wqyjk0wt']
1;676550f250c080b89a5df009c9e243bbabf7d2dc0e834d86035e0f441838019b;['bc1pu0e28uzqxau7p0wahe2auvz8tf89nwz0gcaemj5c3y43jlr242yq6gkquh']
1;078bf2c1a0744037d98faae971254e4b264bdb2c646c5632a6ec7677d0ace8f1;['bc1pgavqqtjw4dgg8vphpylcka8yxcfel9wh3k07whlzez6qeke2w8qql47cgs']
1;078bf2c1a0744037d98faae971254e4b264bdb2c646c5632a6ec7677d0ace8f1;['bc1pzay4gdcgyv9ac9caxety92r4cq3rv7g3lg0zz9kpvshzem43dlcq00lgl2']
1;387fb19948e8ed55204fc208d061828a682c3cc965945e67013495570a0aca5a;['bc1p98hlcynjxc0zrmfka4j9ltdqcffzwkvwzgjahy4dphsxdqa6lmesa76r95']
1;387fb19948e8ed55204fc208d061828a682c3cc965945e67013495570a0aca5a;['bc1pr7rg7cll8z6h3dswrn99whjkq0w0et5qfuxgvtpyqxxtmf52wvzss4cp2u']
1;2c0b18b67e80214fe10506b354c3103065a7f199c694198a1fd611b258edaca7;['bc1pdca9hns8qcfhcmqrex5mye6ay42am2zzk5nm490snrfq3lxq3dmqzvje7j']
1;2c0b18b67e80214fe10506b354c3103065a7f199c694198a1fd611b258edaca7;['bc1prdrfwxm5292w5nyq86md2csae8fazvmkl4dvh6p3cgfngguu4plsvs3tnl']
1;2743ca5b220f90e0be6892f8bc10c393de756e34699cf2d56e95f6a0d183401d;['bc1pyg4cr5svkmadvfx0qhk4t0xwenkcf6yxftg7m9qyf6exw02n25xq67vv5y']
1;2743ca5b220f90e0be6892f8bc10c393de756e34699cf2d56e95f6a0d183401d;['bc1ptht52pju7zfmpvkarpang33m9987k5trvltzuq5gwxfqe8alj42sgjdr8d']
1;d952df5cf10c32a6c98ba8a4b8658479585f9fbd28ac79f8c6e46fafc8c9b01e;['bc1pfn8uqe5x6lhj7r9gvk7vce30504sw4l3e4g2vqet4emzq4vqjwzq3j8uqm']
1;d952df5cf10c32a6c98ba8a4b8658479585f9fbd28ac79f8c6e46fafc8c9b01e;['bc1prg6ec6uwxkq9vfttwtdg3l89ej0dryyp42hnq8ynf434uu923s0qxdzcep']
1;40ccc8ef1594a4039fa4f4a31bc1aeb02f01a8c8b59e1daedfd9f6c00d5c9c43;['bc1pn5l0p0jtuplqkmf0t40u6w8pd958lkpq238ql990dpqstf6lk7qs7k9nef']
1;40ccc8ef1594a4039fa4f4a31bc1aeb02f01a8c8b59e1daedfd9f6c00d5c9c43;['bc1pt7z7haxh8x7uyzzt3hyjmp6w05mhawvvw8vrpn34frcvk59c9kfqus74ut']
1;af995931a1a82594672116f6b3c2cc2c3a103102223e0df9d3a3f77dde7689c8;['bc1p53s5d0gxr8nk4wmdhx6epyqww2hka2n3c59ln3c8rqjnq2p2sgusutaq4p']
1;af995931a1a82594672116f6b3c2cc2c3a103102223e0df9d3a3f77dde7689c8;['bc1pc6tvg8a8smskwttyzg3j77pntzswgw4lf8f67yrw8d983vc22qqsz7hm7k']
1;aa025cddfdfffb9620c70afcbe0bc95d3c2806ecd1df75722f6f98ac1266ce72;['bc1pa3nkyuz6dcq6xugl57k0ml4cpf9mtscumaj9dkflwmzelafmarxsx7h2sk']
1;aa025cddfdfffb9620c70afcbe0bc95d3c2806ecd1df75722f6f98ac1266ce72;['bc1pfulyud060xhshuh33p0lqkv94ds3gf6l4whsrvnr40987fe5h3ys45uuue']
1;fbc4d9d9f2f180b921a24f1bbbf2971c5a2d419fdee560ee2fead2c1734c7a55;['bc1ps342qgk5thrnpnn6nu0u5c8285wuer6p38vwpsghhxgm53qddnwspdhun7']
1;fbc4d9d9f2f180b921a24f1bbbf2971c5a2d419fdee560ee2fead2c1734c7a55;['bc1pgwvgtk40f0uetdta5mywapftl9g0cyne26gkcny7rnyc6yph49cq9exs7e']
1;42e54806c09fbe5a6ea10b17b4cf0e74bec211e6a9cb1eca888633670bdd5f43;['bc1ppppzgn2h55yz09lphgwuhwa947nwx6vxp228yf09h4kd0ydhs4qs9g70d9']
1;42e54806c09fbe5a6ea10b17b4cf0e74bec211e6a9cb1eca888633670bdd5f43;['bc1pts56ezvw3u2quf0d8gjq5y836q7cn2hk03ghxnmaadupaeffcpnqr9ld6n']
1;a36db71280d61c660b009013c22ec92316a3f9d49b3bcb2606649c94e0c15216;['bc1phlwqm2mgr4svwntn67pv20cwrf9we23vjza68799mpp5eqp0y6qs3desaq']
1;a36db71280d61c660b009013c22ec92316a3f9d49b3bcb2606649c94e0c15216;['bc1pr9pleqsn4uspqxchkpy349vylreuel4sk78rjds4mtmvk94l8csqmemfw9']
1;66e50cd8ccb6873279c96f634443a78c82365b5c25a41697f8459df57d27dc30;['bc1pchpyc6saa36ngkdjvts6t5y8nz7d77e4n6d33kmhd08kjdd24gsq4v2d4l']
1;66e50cd8ccb6873279c96f634443a78c82365b5c25a41697f8459df57d27dc30;['bc1prj3mqx534jdlh8phdpl0fqehsf9dddeg340qtqqw80jgt3h8c7mqjmv2hh']
1;aad7155c6cfb72e1d4d9c2b268640bee25c549cc722bb1ddeadbf76e0a810876;['bc1pcn7rde6a2xzd3adsae9gaywtsdkvfrrk672g6xdafls70xcc5s8qnzahgp']
1;aad7155c6cfb72e1d4d9c2b268640bee25c549cc722bb1ddeadbf76e0a810876;['bc1p3gra2zhe6hpfy7rsvsfsdh7au94kaeqjjs64gev586s302j6ugxsnqy8zy']
1;ecfcc0ae6d8bc1daddb3794d01abb0ec5270926738d6e7b63eee7326af0fa53d;['bc1p4lus9nfh7ev2nnkjctzl594j023kvnaexag8k8awluwqwz34n55shx2dj2']
1;ecfcc0ae6d8bc1daddb3794d01abb0ec5270926738d6e7b63eee7326af0fa53d;['bc1px4993335thmszn7g69l5p4rhyajg85xx0lv43dmv5er7wzwrx2mqz2du05']
1;63de6884e040fdca40b99b50873e198314c281a87b1b4aa26bf9d5fcf3af7dfb;['bc1pdaqdgpr9qvxy0mt4azgvg24pnd6heyetxy2f8v8lpx3z6qlyjp8qv0sltf']
1;63de6884e040fdca40b99b50873e198314c281a87b1b4aa26bf9d5fcf3af7dfb;['bc1p0kx3ffla4470l4fl40aewudf6udfnhr46ately2g22tktlxrm3dq8ycpwk']
1;1af94d2fa1873f46014dbe20390775abfa93de6006ec797493cc796f7b910b51;['bc1p0mvvs654dlqqmyz37vz5qjq8wzuq39v7da5j6cjkn6szp70eus7sq7fdyl']
1;1af94d2fa1873f46014dbe20390775abfa93de6006ec797493cc796f7b910b51;['bc1pxumn4m9eq9srr2eyllkswufgrcgy0m8nxvu228z3mrud8kgktlhqlxu5qm']
1;6a2ca8caf401cda90ea523ec4ff7a55887aadf3f82d83856ad54d1602230d5af;['bc1pmad3kusutjdrmlkk9ckv4nuj06zfzj88pxt2auf0jr550ha6nmvqj0ypk8']
1;6a2ca8caf401cda90ea523ec4ff7a55887aadf3f82d83856ad54d1602230d5af;['bc1p3ur225rcm66576ql9qfefvscyesssmjrcjxn3wftf9sv3ulcuvmqpea9nw']
1;13cf2d84326fcf7ecfb543566d0d083b99addcce839082405cd0c2ea56d35a76;['bc1pwx3y5sv4ar8khxpfamgp5rrcccjdsfgrya9qa8ed6nvhw2ft683sr55evl']
1;13cf2d84326fcf7ecfb543566d0d083b99addcce839082405cd0c2ea56d35a76;['bc1p476mxnd8gd2y3446kgzps86l9emjrqtx3ugsrdkdv9ala7yykzeqjmmp7g']
1;2989d1eecfc65a7e034e63b5a7dc109e60f64222e455c2a9b621b6c8182a76a5;['bc1pw3703fp6jnxs2cs7jxusmpcfm2mrzf44ysk9zsunwpwszz3l6vkq9h4gkr']
1;2989d1eecfc65a7e034e63b5a7dc109e60f64222e455c2a9b621b6c8182a76a5;['bc1pqyv0kjy53t24ll6h3rj0fp6pajdf9m7v5e7v4adrd72mz7y8ztus66dlwe']
1;b8786516906052653fafd994e6f38f87840a9bab1d2e514e0f2b3d7078db9536;['bc1p240685ywh46f5fm3cd73dctmd30fu2z7feexlnp0rcharujwn56qdakkp8']
1;b8786516906052653fafd994e6f38f87840a9bab1d2e514e0f2b3d7078db9536;['bc1pje0ec7xs6tc5ucesdsvftwlwwpw50fmqnehyuw4nd284dgmzmyus7pajk5']
1;81430bdc6dfa2371cf15bce29540938ef1ebe6ae58628d583d8c660f14bbe7d4;['bc1pzkp8sl9un3efgqjsxeg360k2h7uat3a44ds3jf8ef2c9j0vanzlqqeyyld']
1;81430bdc6dfa2371cf15bce29540938ef1ebe6ae58628d583d8c660f14bbe7d4;['bc1pa7jk0x7fdf75qllgdk9fncyffuk776cntc0mc5za6sgs7axx8a0snrc8qz']
1;63f0f1d082a6349b113aa58d768452f9ac15b91c6c2a594722ec206ddc5891a9;['bc1psepm0xehqt87t3uvh4ng0pyde3g0cq73wpqqpe9xta3yukhq2cjs2p84ga']
1;63f0f1d082a6349b113aa58d768452f9ac15b91c6c2a594722ec206ddc5891a9;['bc1psxgrmlxatfttzuf3a9r6rkrdl7hj8x7plkw5r34qsxtjlrksd9mq09m9gc']
1;1e24984f21c427597a54e21f02a34d66f1cd9d055fc7a54209fcf30767d14802;['bc1pr34du53etuwcaale0puq3qjdyzgfhqh22wvxa5vtvrg04z355djsjhd3v0']
1;1e24984f21c427597a54e21f02a34d66f1cd9d055fc7a54209fcf30767d14802;['bc1pac0h63zyrw588dcamrfdhftswfw45jm4jj700uha00skjmezkass0wahsn']
1;e8de2fbb558b1bb845b4ce0f824962536ba5e73e2215cdd77db71ce6ce7e36cb;['bc1pd6w7u5rtvfj09xpeyu0fh2dsutqg6qgq5f7ea0xdesnxz6pxvgds6t6wy7']
1;e8de2fbb558b1bb845b4ce0f824962536ba5e73e2215cdd77db71ce6ce7e36cb;['bc1pa3fzttneejrelfe334hcu6gnxmjkh4urj0s53ps50zanjshr9rqqq0ywf0']
1;04f5ea89dd4b2c9e3e742be3176cc89b87c5a7d64ba407a83fca5bd907af07d0;['bc1p46lr5ruwa7j387mnz87e3s7zswewj2qmj9qf25582zqz6r6drdaszze5pg']
1;04f5ea89dd4b2c9e3e742be3176cc89b87c5a7d64ba407a83fca5bd907af07d0;['bc1ptyvkwaxgedpwtjd5870n85s23fnclwxthauw5kse0l9dgktucfnqmrjjsw']
1;cec0640cfea4504638c4cc87f3eba24ba1b06660ab8dcafd2d269bf3aedc7d4b;['bc1pak6rpxnrjqmkucu058w7nt902gfhahwxgh6mtflf4ekkv0zs7les5q66wq']
1;cec0640cfea4504638c4cc87f3eba24ba1b06660ab8dcafd2d269bf3aedc7d4b;['bc1pcjltputcchppakj6dfe36gxjcunkcmuze83ky3w8eh937zh6cfgs7sln7g']
1;1324a4493dc0ac8c8059399b43c94a797667a9671fb8cdb33ebcf037ab4b997f;['bc1p6x44e97ugkl4zc8u2qal3wkuws572ft7ydwfyuq2p2tnxvwdcswq6kjjr4']
1;1324a4493dc0ac8c8059399b43c94a797667a9671fb8cdb33ebcf037ab4b997f;['bc1p0xgm6eev0sp6p2vrk5t90jpg2jpuwe322788davrvqrvxh4kgt2qqr0kmj']
1;f4858b1813215228622bc569b6d7f687869f311822aa3fddcf7e48b6f7c1da69;['bc1pektcu8j286j7y96yfddp2s4gdzkgu0zhn3nvwtj8mnwmuv640wms2lg0n3']
1;f4858b1813215228622bc569b6d7f687869f311822aa3fddcf7e48b6f7c1da69;['bc1p82lz6s4gtdc8heuzn68vjcj54rq5zkpxrq5ve294yguuzga2fpns6t0keh']
1;9147cf76c723d565f9a7f9f445028e7a44f3138357f1e6a2f4c4caec94e8bbff;['bc1pt8uwz068t8m3557sgqpc4hzdfnnk25vcvagr0u8k67pk34s48shs8ftr4h']
1;9147cf76c723d565f9a7f9f445028e7a44f3138357f1e6a2f4c4caec94e8bbff;['bc1p6wsuaeuw9gk8lhwn6gsgw63wdal0wmz58jxwqyztkpr4gt89jmhs35k8nm']
1;72b720b06c2be1c0c9ddef2cca76deca310be511ea839e7cc01d68d0fb0ac75b;['bc1pzcur6n9e7r3pffm7gvmme70exsqw8sqa4y2lu9fusvaactcmue6sejudlg']
1;72b720b06c2be1c0c9ddef2cca76deca310be511ea839e7cc01d68d0fb0ac75b;['bc1peyvh84dmndxkpqs5yv9j47cvc70pudreayrr5qs79j2ckyhvuawsfc4g5t']
1;8f99691e982918fb4c136a60353c6728b8f2b06796e5cf891a2ec903d361aa9f;['bc1pzar88z6k26l42zajs9xzxh4wh2k87gdxqque50axnnr9vl7rdk2s6xm85m']
1;8f99691e982918fb4c136a60353c6728b8f2b06796e5cf891a2ec903d361aa9f;['bc1p0h7yg096pkryesjur5lcv2r4f0me0pyh24my8n9pczx5ek54py3sjxvznw']
1;78f6609486537b988d7a581ad197b3b59b5ee0b450f3fe9b314edecf5fc226c9;['bc1p0hp42g2ryww3js2r9kelhrwn8ulq67yp5jvvf7pypvddd642fuws6p8p6y']
1;78f6609486537b988d7a581ad197b3b59b5ee0b450f3fe9b314edecf5fc226c9;['bc1pukyuvneq5ycupz3e9pylx7vea27m294mpu5a3n32rc2ma38gzrvs6x5upj']
1;d34d7eff8be7dcf3c0792b05a2a23b0524ecd667017b5b2c35e08fade985c3aa;['bc1pm8kx6gwh9dj770fsfw9fccfpz44p0zqq637570rtvgerh0lv0raq0f0cgl']
1;d34d7eff8be7dcf3c0792b05a2a23b0524ecd667017b5b2c35e08fade985c3aa;['bc1p6clxyqv5wmh3r5sfv0d2ecuk35mzxk7sdtjwfjxcw7ld8zsynuusvknjrl']
1;3f1f0d0483eb5e82ef4c907dfc166777795bc64df92f2a810a1224bba93b138e;['bc1puqq64ma9tpv073y3vcpm6rkjqz3pen7tx8df439eg9kmmsscfr2qena2ek']
1;3f1f0d0483eb5e82ef4c907dfc166777795bc64df92f2a810a1224bba93b138e;['bc1pdkhj0n9mdwl8z4ge0jrlskk4ds99dtnmzmjg88kn53l6hyxrsucs4j3279']
1;87b7e35258ab64252bbdb8378b11c320f1e81eae506c82d4ea095df7d3b3839b;['bc1pwr2n9aan8c6ma96q8wn0yp8sx04ld30guu74ph839jaz6q0248cq2l3qrl']
1;87b7e35258ab64252bbdb8378b11c320f1e81eae506c82d4ea095df7d3b3839b;['bc1przpktg4jeawp5c3vnkp2g5s9zhpc4wg6rkj7n37hk0eykc4yfqjqvr7snn']
