1;4c3b5747cd968f1c2899d2f8fd25128d752c64ca50ec498633d480d485e267d0;['bc1pqdsucf30he22e6t05vte3refd9p5yfr9pp6f0x6eyawm0lwz7w6sxejdvd']
1;5bd2f404dd33ae233b38f7c3d22a210eed7475305714688bbdcbc7a7b60e19eb;['bc1plg276rk6lkckrzwpylk9v3fy2dcc9n04yx6vudky9792cxut95nsxjqqk2']
1;813808e211347624a4d9c826515bd3f2103aa50f38a76ea5a006801bf4039b63;['bc1pcku3rdayegyckg5dlktezqtwpmedyg0t3d7r4mepdcverja729hsn37qd0']
1;bc6175f5d46340336c1aec5cfc2b1c9dc5610d93c566e9493a201eda1d8e971e;['bc1p68gpu0fcvvp5pj079w24crt9elxd9l4rcwaz37tlc2n3duufx64qqsr4fl']
1;873c885cbf49eec2074641302448c6e886837659a94aa0f46d37352fec85d831;['bc1pjs9d289kp4qkslcc0vswk0jph5hhz2fh45jhvzjr04kv0y8hepssse8rth']
1;532ac670e19c9c4c6d314e682a295fa30cfc6d7a300633f34d61bea52704eaa7;['bc1ppfn2ufwluvserkgx90sgsqpp85xfwq2yzhzqcu2fkdj99alsmmqq2jhm9h']
1;0608a4b92bbce5208f3854200ed0539876dd518010e3d260144f3363a9be3e2d;['bc1pct5rqefq3tn6t7nczdlpp5j92dsvzj0jp7wntz6hrfxfm3naknkq0twdt0']
1;a8dc7e122f167d8e5bcdb30804c7960f8a054d718bc22ced3120a70b9a5ac57f;['bc1pkvpc09700u87uuhgxv0p7094tkf2urff0x7a0eg0a0wznnpaya7qmkzc9h']
1;35bd7af7f46d6a2a652c79d300f616d0deb9287cc9603043f9c203886c2719ad;['bc1pmllxj5e57l2a3qwmdwxll93y4u4egjtenw74h9tla57knp469qzsycvts8']
1;a381bcb1780420f7bd437f13ff11557edba2fa6719acef42e8a8fe1e10af44de;['bc1p0k9are99xqe29wqkj9gn593texnxe5mskmw67exu2mugm0qxg9kq8lx04g']
1;ea6913a8a2f06e2a6fbe933a491ef39b7ffb34a35a95eb747cc2f2a39c2a2038;['bc1pu2geurw5827p7ff7m6jjm27vsnew0acqsnjpsxy9sug53pjw839qmrrqr0']
1;ea6913a8a2f06e2a6fbe933a491ef39b7ffb34a35a95eb747cc2f2a39c2a2038;['bc1p4qjd5x2j60u98yu79cl5mdsmfaxvtqlqh3gjgs6dvxn6v3tqj94q3dz2jq']
1;82d2d6c2eaf98e8d60be3aef3cef0260a8dcb9b3d1bd7d15890bd2f396d030a9;['bc1pzu2mx84zsvjyvw7wqm8x7h67tc3prkf2efnmwy6cctjr6lpf02dsyhe4hn']
1;c19e3151885dec334083c63832a2c03a7b673050a8abeb5f07de545eb19b3543;['bc1pqtxt37xsqqa0f7ym8fpeu0qxfgtysywya3xs4lpk75nj8p0tucas7pk8h8']
1;ef70547e4d2899eb807ecb82c1ad8c6a5cbb102201c611cd6b623f3b8167fc31;['bc1p682lhhd8kd93gqeczht3t6n0kx6ys8kepgz0mlydwwxdm9gewtgqrw80pm']
1;6ba604cf56fa087ca45280bdffa18a607ea5fdec93fbd88ff83d611ebf2e3be5;['bc1p3v8d0jm9yx7dkzdmza302smg8za97aw9eu4p4hdgjhgeng4pglfsc0h5f0']
1;76313eabad6e30f86bb311e519d281272bfb2403b4c1d9a71ef0a2e13cb6ac66;['bc1p3l539an42adp87vay4uund69yhtz8kv4lvkyykvcqpsf4708u96qpapfcc']
1;183328f80ceb21d44ca55544e67ef3cf6be6cae9798238db1d131ad02d500ec3;['bc1pc6she0e5m9sq6vgatcllxl9lq602ck0aac3e830fet4v3vhuxnpqj4mwr8']
1;1eb8c0032f42b7809957a34d44de889b8aaedd50c12d0b41c87d5874aef08264;['bc1pqczhyr835p7nms90elgut8psuk77zqmpuug7cdwy98n083797gkskdmsl7']
1;82cea1f77741edb34621dd30702f3c406156b143a40d2c79419ae1ae53a6a9dc;['bc1phu588m49tsqrh0rctgfm60u5fl5qrvpwcwvynfxf0fvsd24gells5m690a']
1;7663f262468044e752a62fccb4978365f406c2937a74170c99d6ec8b0121eaa9;['bc1pyyv7ylm2nhmh382jts9a9xq360k53t4fqje5nz2damg8m0gpjh4sc3n38t']
1;55be907648feaecf35b7800f598141d52e221dcf2e01187d6ac2c61200ab5108;['bc1pu57gu7mlkans7ruftuu26u4e9n4gj2qcyj8uzws2ygwrv68kkwesnnpmus']
1;17991421fa0cf3e5ce1b1b968f818f6384e081cf55c533a3df68dadfa1988ce7;['bc1pjg929p807fafwqrxjvd2fdz8kwazwtxnf37a7x0uxhjl8xa0tagshd2xw3']
1;0b46473a3a8d57e8ac4e4112d25ff8f19806493d70cdeae7a3079a40b3f32eeb;['bc1pcgj5menyq65lyg3wn5gych4jdmck043wrr0d7eluz2wptamytedsy6qqge']
1;a0b40d0c6b5faffc0286001cb8a84610b88101bd222d0d81ae4d3125166d7056;['bc1p8sy22tsd54mw8clllhs55kl4phwvdpwdz73qwkmxruepzs4082rqr8tk0a']
1;17902531fad7cce2566d68bcaaa5ce2967d38d80a78d09a05b9fc51c31e5031e;['bc1p0jv9vcrhr5ad5vvv7msgnrrveafzkztan3u8sp6sxu50ja437x8s4wp9sk']
1;22850747ac4ce949b3b49afdfa46c36d088492f512b10f1316acefe02640b03e;['bc1pfxnwhyrkgxs557c8km6hp7c46j648tvtnzklu7n8wd37xpztsrdsm4td70']
1;4dd18790cc06bd3acf949d0a76b0cfc3a7cce7f6ccf56384136f33ccbabf0683;['bc1prxq4uqmx5x2t0sv0c224qugmuztc8ymwgaafj0r4ezgrdfghy6hqggcuka']
1;35bd7af7f46d6a2a652c79d300f616d0deb9287cc9603043f9c203886c2719ad;['bc1pnv2mggukku3fh9z2hff4anp24rjxw2dtqrsxmhmug5vsug7pnjxqj3rtca']
1;53ccc2a6b961495be3d1b2b76ddb02043251be6b0a40fdd8b2c4190073149ece;['bc1p2anmdclws5m7ldgedkeatm629pgw0cmfeed2gszugwd5rldgr7vqyh036f']
1;4603688b1f8b3cab4270ff2b8455eb2323a559fda1fb44cef830b2d6444e0c15;['bc1pkljtdmd2pfakld7edegrjxf6wj5gl9s5fv2872ecmf25dkfxx9vsj47ylu']
1;efb63b317d316420b20a7ca5e12931f710bdb4f4d1e7d28cdbb023a4c308b7e3;['bc1ppcpxan5q5aae98exhtdgcq056kp4jed2q2ma3fr23mquen5plvqsayctcs']
1;f3448e247df63aabf5d83bff68f7c3c433b29fe93e0115eb082b06dd452d1965;['bc1pr3pe3w06t3z4vyjynx29m6geklg8rp7sh355ql2wfnmalzx4q46qhwf7u2']
1;686fa77322c84d7af3cb24873c4a0b909fc66952941709a27cbd7372fb8167c4;['bc1pjegamlzgvpwucy5snnel999w0k8astndq5dhrvntny5rnx8zdtcse57zkn']
1;bfbd17f61528cd062bc68185ffa86a0410725114767fc9489d7439a3c4f1b5c0;['bc1pafsquwqm9wq89qhvp0ngleuawp6zr4dst8wc39qekf3x9s7ehptqes0kgk']
1;54c62a8286e21010a9fe665d9a64de5caa56f78e86dd04b9bd964219757f6956;['bc1psjkrqdeacsdhdqu2p0wl233zzg559fypuqdwf4h97caed3plqdeq8a8u65']
1;d2dc9046a91ddfe21050d4615e463da36b6a5c37fa113393759a0f13d61009fe;['bc1pxedderkr4eqjy4w02xqm8fhj7qgzkgyy6rnx9t6dssqrnavsgeqssf077p']
1;79082da1b41332f9d4dc420f311aa7dbb360be57820b2b55a2970d98aa261c07;['bc1ptyfssqawv2we82v7fpfcnljwjmn3yafkrzxrcx4kpmewlkfe2wvqmu8cdy']
1;5c388168542c94983d21962ec506c44f9079dfe06260d98148d5e24ca7ebab49;['bc1p80nlwrtvk9x4ka87wp7wrufrgqy6zpe3dyrjkk6f3ys7g2ljdwwqx9rvql']
1;717521ff6032ba1d80a96a826ec3ae26060cd27bc6bed2810d431c548a07cbb1;['bc1p4zj42lt200v3ra3cuv0v00f0wdldhkx77ha0ex0p9yxs99rfvvpqquhfsy']
1;20e6539f6dd6350230ca13dd0d5f2ee98b22b9847b8a99143a7875c18b800913;['bc1pgyjq5w5v065pn6jpjkfz3tmvxyu554j3q4gvhr8xcz0k6ge7p5zs9zwmyw']
1;14ac1713b91e3131762c7153f7916f8fd26356f179d3211d4f491d669913b778;['bc1p2pmxvm50gqc4z53r38nhq63htck8fdcel53q4nwc8axqg5neuk0smn9fls']
1;cd610e3b63d143688f23ca987ed0ae0946f73f24a421632b5a1c911c4d8baf67;['bc1pkuxwd3hkvzzkellv9hlc6agcm3qt6d0q29tvqeru24jczax6ga6sc5d2cs']
1;909a39499b0b754c789a7129e2a7b441e44753acbbcf194a189c5152e1805c20;['bc1pcsnn9xvuw0t07h39rgehmm0ngz2cp7wt2dwg4fy49mc6q3mv7a6qajy409']
1;b3cfc6ccee348ea4d99c12f5106586e3fd5e4bc586e765bb67f5c22cc1a0df7f;['bc1plhheczy093x5smflqkht377c4mpmrc05gsk24rk7gp3w64tzk6as659gux']
1;6ddee91282141f2aaddf298c233ddd73ef13d3ea2f4e7bbe2d83f979f325b06b;['bc1pzzzt3jjs0wc30hq9rhv080qs89ekdu0j6eg8meru9vxfa6lq9cdqlcj8sj']
1;30de9ad96f7d7ef280f5e08b096331d932326b6d25046bda7110eb8237ddac82;['bc1pcjw0s390tvz8f4svmtlw972dag26ajdxp84nsxmsf0kl9eyg36kqmql0jl']
1;51e3f07047220e0efa9879b45bad435ab3a8f148458fefc92a7349094b050d4e;['bc1pxw2lx0n3ypxjqa564365yhgz60lcl4csrgvjes3wt82c9yfzzpuq90wqge']
1;0fec76101fa3025ca7f4591bdecb46cd45c2601401b940cf3a56d8cbad248ebc;['bc1pd03j90kvll37mfugqd8fss78u5w5xta2l6quxz8gxsptfq5snndqdxagwj']
1;5c263cedf2d51003321ba3aaee34a7a4978faf65a03e67ae6203f69d9869c2e6;['bc1pmhjxcmz4fh83h7qzurc3u4dc0tqgxvrdqy3wwd6shj7njpzs556slgm8qv']
1;b36a7b0894a0fed7c70e66680ad329920a208d35ccd7765d6b0b040bdfa3f9e2;['bc1pj9kdfn8h2rl6ezlw792k9mg0hn9ray9j3jp88n4gh7lppqs504mq7r9k0e']
1;6f6ed40e3733f19fc7d53f423af56adb7883e9696bb454386ce9f55879e8f957;['bc1p0jear0nxtvlhhjm65smcgd099lgftrdpych6mj6dd7lwf32hnj8sumsazf']
1;3360d9ece78e88e250e05440a2ba8ac005d1df4880c88bfeaebd4a7c23ebe265;['bc1ppx3nhjs3tkafadjuw45zd057lpt053vaws0vay6kvdhuklqh0qnq0ul0fp']
1;d6a36a729b978e717e7b44e161a6230f20666da85bbb181b599d7874c59539b9;['bc1pcqt57dgyw3pvf6jqgg7tvu66j7g80dcj5f2yp83y7yl35vzhfmfqaayfxk']
1;3d9a632676070918f156c904146d974c96260aa95c7789b73f75d91642c31671;['bc1pr7j70cqvqsyzhl5gcz0ascgpg92j9679xr78s5xdjn7nmavxtswqrnc7wc']
1;96ffbb0f46b9ccb48399b9e620009d10a33a1f648ed76234bf20bbac8bb9139e;['bc1pazhesjzlnty7wt4ftndltpmamrde2v07lpa8xsjy4krqe4te47ksq5nys4']
1;96ffbb0f46b9ccb48399b9e620009d10a33a1f648ed76234bf20bbac8bb9139e;['bc1pr78vx67mh9ekyngeyj8cseufx7jp7hdn9h3hwcnh8xwy8yl6ydpq8jgmdf']
1;2b7f111a4abadc9d59303541cd977f885db290f239b1e46de8a2a67a5e1fff6d;['bc1p6r2k96vr26tva8u29rmjeq40q9xa63j6t6zwqgwvhwvakttv9quskysrax']
1;be739ee2db950aa5e3cc6a443ff3834cfe39df8d86e878eb9913ffd197eb0215;['bc1pjd39c24rjtenvl45qqrl2frztn9q7p9scdwy4ejpcrwzc23q405qwlw94h']
1;4baa3a1b055c3240ee691f11007805707d2b2635fb62f994b8b1cc96d14ef583;['bc1pk2k9ve8v47lqcd5kh77j9twtx9d3n0d9fzk6kfjrx3s0yx05hn2sa3chvq']
1;7585369653e3e3697738610d1049324fd808c40443277041eaae1088c99a6b50;['bc1peaxhdqkl8q42974hxf9qpm3eechmu57j8sv4ahnladzlpmxlefyq053vr8']
1;05bd306393acc8773afed68626eaac2c548dc5ae9be0b2758e2ceae52dcaf2a0;['bc1ps2nwv3qzmsl7wvnhs48hfekke9ysapc63ml2antrdamrmnwq2v6sw0v6rk']
1;57935e90ad50d1061854acf853179c58682b0f0caaeb6173d9f816235dbf4d2a;['bc1pmyec4kdy2fg5vvgl9ayvyk8w7sflra7ppyk9t35ejs3v5tpd2v7scrk0eu']
1;c485eb34326365f840328ee895edaa290790cb599a2132d101285b274b5607a9;['bc1pd8vykh06x8rjypj0q4teet3sskz6a7t3ac4fy0z76sjyzkp7ytgshkksrn']
1;0f34947ae3ff7bdeba545a6dc13c710088081c44afb818f4d08fffe17cdcbb6e;['bc1p5afyl8k3w49zg70u3ukus0hn5mug7s3secj7k69mre9t4u9et6tqr0um74']
1;635d8596d6b4daede5f4e62540b3c5a38614a0e11bbc2e49fc10f6f91c095be0;['bc1pg0krphj7z2txnh3xhvvvssq90sdrrrwlrc2s8ltvt7r648v6wt0skhal6f']
1;8a5af8c02d289e4b6141cce202928b6638246c54634ecfb747795d6d0441ccc4;['bc1p7s2hwl9zuuzthtc8zqfqkyu4vlnqfexcaxzjnhgsu58548gvyvlskcf2ae']
1;10dd49dae03ed051ff4864d071c72fe08eb3d0c258407c91957a16ac0d08afb5;['bc1p9h7lfwmmn94e7rvn4fjrnljjlqut6u0kk00n9t9t96zrtacpcreqqa9l6h']
1;0f15c9f3dd7aba4f6e520e5d71972732ca7676b06cb445ddc597745880207c97;['bc1phzkc45uxyf8vv3vr3dt984sfq9kq3ypcn6j0tnzmy78lm0qal9nslw9ug3']
1;11e46c200215610b9b509ebb86d0b5aac24f5aed13eff0ab6dfce4dcd10f6022;['bc1psnu5pcrax64fgsl9ug5qrh7u3nurvahsa6rg8wry0mljpz35qdesezadlm']
1;a68834e75428f7bfbad1a6a7968e18bd080dccbafb05929cade8e00dce3b67df;['bc1psjhljzazm8tzuc5na4mkz5y0gkallx8hqm9ursfk0hvgr4k3mk0sql8u7u']
1;ddcd315dd489e77a44b7f0576d09ffcd2f763a62b009252c436337802db6e3f3;['bc1pxhvt3zytwx8ehdshvdrv9vpx92fu5svsyc8e4v0lzvv8euuymzhshfmtf5']
1;4321dbb31ddbf47b65b932418d1e9f06607bf80586d46959a59d4f65842d3fae;['bc1p25qckxm7tr50sthmepz0v9u90zysx67j06gp678qmmc3njn4ez7q5ry8a7']
1;29c6a6786424478d0f5a42e1b3539edbcdbce044d48e4332c28b2ffcb27fcfb6;['bc1p9eke59w2tmketc4036rn027j4x5ylx0e75jga798l03ucmnt63wqw678hx']
1;9ff1786c96f67170b55f701801e45dba7e390efc5c7a6561115dce7ec231d645;['bc1plk9s4f069t4nxtgl0ehthp6qgx2w97t3evydp2z0x3wmkjkhe33sq0nget']
1;c1393748b242059859ef09ac726096398eb82bf830ed802ce9a0cb188f35bb8a;['bc1pqnfkk9axy2k0h5ycp00s8hwst80srqvkf009yaywnq4gtklupanszsxn8g']
1;3a108149d1b1cc614e28e5dc81e46970b0f5a4824ac5e89dc504482987ae61ff;['bc1prlwhg56quuqf9vhgtuq0spm48f3s09nz0vftq7qa82nvelkmukesev0p9q']
1;cd48bb054268fd4559b8d2b75111ad6e87baf90bd8b469dc4b350a265ea771e7;['bc1pgwd2zmu2edz3283q78smzhtue2plupj0uwkmrhz0vdq2pkcuj69s4vjcxq']
1;26fcc2aa319dfc58f816505ecad2977583391b3000e68a8d2c10e0e3aa8ed86f;['bc1p9m9nrgl9e3jxt8czx6ru35jdqxgm5x77rzm6zt2zhu73myya5fhq3l463p']
1;aa86eaa2f859e831fe53d61c3523b5278cc1caec4802091fd206d5bb3adeb742;['bc1p04gpwj9hctk9lj3ysjszn8h6kp6e8k8a42cs5dcyjt7zugutss4qxcdd9t']
1;5e88727707e15959b2cbbe75693f9315d1076251936f5ed2609b74e66232aaf5;['bc1p0j7n7js8zw4d4zyqnt2cyr7nj2cxg9f06p45rrqjcqzzdzfftswsxxn8n0']
1;a2f208d1931fa35cff8c1aeb914da6eff536f5127250bf1c3c9186a9872a9ae4;['bc1pqrlgrzhxucyrwq4uya5tuyxkqh9whrupaecjwxqr04lz3gw4gzcsdqjyeu']
1;e40887768b168405b5b4fe8c6135100fc5d0d64ad354c5538090be7a79778dc3;['bc1pnf2jqr2lkmnpr3393wmr3hemfqs6f9u8nczcs4rkj8tztplfysaq8srqcf']
1;1909f884e7114efdcc61f0a72863d0664ec820193213f104942bd123664c01c5;['bc1pmemdxndymps4c5j4pax0k9dddjrtdg50j0rll5ayupde2hv7c47q462j24']
1;e38cc56c7123112f1daa66a27edfbe011dfb0bb0ac53091c2e3e6af0778024c2;['bc1pl43eq8hmcxfyqrpukjjufz5njq5scw6vryw4w2eh3rjnx2maj98qey4u4v']
1;d8fd37fa2feee1548ddca35ddd0f0ccde38a0be33c7c6d966507efbef942aee2;['bc1psp3q9d833u48lxmjdqr6ylystgkzsz9wm8atva0rvekq6vra4faqulh9mf']
1;e16c240b60b88b5415f08f5a249a4848c4cb82be8cf8dee883c3a6f6a2c738ed;['bc1pgqphkq5336vggcu5hd0epq62sn6ccpnwarkk494ga6fzuvtu2kgqkur22e']
1;127e7b2858ea9ffbc46ecf092eaecea17891b05d52c983f389e96fbdc0bdda11;['bc1psy9y3z7y76d6u92qj86pthezu8nz6r4syxuyjfvqwwk26hz4a7zqdx6agm']
1;01ad48eaa89af88ddbfcb5ce28e4790cd2716a7487873853c0714c93fe7815ee;['bc1phu6t47mcjmmkrxzlrcp9lzmmfx25y69gfxtp3ptnc8mz0axx5w3qcty8hf']
1;dc0f854fb779d569fe622b36f72b2768ac14cd24fa651df619ccd6426dc7725b;['bc1pxajg4x397p8qzpvnd54x3d85zcg6lx0ylu65dghzxfhuyau8xrpssp6yf5']
1;86391fd152e7a835e3a049769968d94a43eca8d7c6454e0c191e8b244cc10095;['bc1pm3tcm3p57za08keyc9hcvstkad3zrwrndq3xpktjsj4nlug0cpaqhd833k']
1;90814342c8acda95d2ca8fa4615f234ffee0e9ccb2f512ee5cf13bb2bbbd6017;['bc1pc9u6u4q9typqtypaahhuvhlkjkjlagup6j50qhwmtu6y5x04qjuql3fyry']
1;d4a01813a733663bdc16c57ab28aee16a89352e224f779dc975c546818409fe2;['bc1pt6e75ptlcj309tklq0g8zfkp475pre9ulvcnjyyeemu05h0ghs0shej93a']
1;a059925aa7976b47a2cf8704ca170bb53918a602d3ab543e3c9fb7c89a777c90;['bc1pmcvs8yyeskch9pf0nd5h9xpaf2n03smuq02gavm6h38hcedwep3s0wyqx2']
1;7f43bfd532e9f1e510d0ed8df3eb683ed9495fb6ededf514c17476394dc82723;['bc1pv2k4syarsr5qv8wxczdljwhmrm0grsy8fhcqk534efgamfzj8ldqw6nng3']
1;641569625bd623c1052ede49b80871eea8568d38c9e4847a7bf015eaef28cda1;['bc1pg4y6f6f49x2tw0tnjfuegcqrrp355sfvxfr47spazew6cfhpjn9sn5cldn']
1;641569625bd623c1052ede49b80871eea8568d38c9e4847a7bf015eaef28cda1;['bc1pw4ljxsg4r06w9dquq87lz55slqcu05psdtgwtrls7qr9prj2eelsw5hsaw']
1;fcb26abb0b3320ff8ba3b277f33cb04b7f1d8caebd9f70d0816e6c4e51c8a132;['bc1pwasnarjx2f9zcplvk2g2xvx4jrsgr87qc4r6rzzn4d38t8s78w0qk5g3cw']
1;3a47c32ee94444b05771f2df11a48fc9b4932dcd5d0971350d09f2e20f841283;['bc1py0c9kuyuh0jwvdfggk6plqpxmu63aagpzvtkt3nv50daldykgy2sw5cu6s']
1;ebc081b15e243968ea8c247dde4deeac3e679fa3809e1a0babb25279346716d9;['bc1pleqyw8vnrqhly3fztr5n8lhfqpghgyc4a65mh6wuqvy428ljhe3sk9mtkc']
1;ebb3641b726e3f68d0bc275a379332b7f659c5c4258c9bf39b6a3372f0c79673;['bc1prkxqs5kqtxstxxnstndd5cxrkqz9sc52e6kp0nvxxhc9ap0vnvzqng2a99']
1;cff135148391a22f87f3385d80fe671adb46f867ecab42f152660b180024986e;['bc1p406ty6rfvk2fqampfzw4rt0y8kujfl7l6udpu5vlzpzpnxl8w3xqt805lw']
1;aaef63fd588a1e548aa98cb10a7248ca083956ad800be9291f49ee4e72806a3f;['bc1pmfhlpymsx25076cd5p8zd9ktgmfgxekyhfmp64es2aqwn38wyt7qg90sfd']
1;adbd907c7cb7e505a7cdd16c3662574213fbf87dac1bd3e0a7657db28a515f79;['bc1phsqeysmjq9n3sg2gksteaky7m8d997axzyf0xx46sa3s87fxcxts4heyq9']
1;8168c33ce93f3585951ff3a1ad43891ad9d2541e05b3cac8bd0b41a8f3d1a3fc;['bc1pfzs0rwctmlwjjdhaa0vx9rwdm34a7vmugz7l2lffgrkc8jahk4cseew928']
1;b3d320e611bc694e2a955710e5cd40265718d949e70638ea8ae17b269a184e97;['bc1p4vkg6d0fddz0d22uklqf7a3f4u60et99fjxurlgf3hzxnmfawd6sx9fjsd']
1;9a3ef7a55e1efa40069c9ece305bc4ed7b410784a24d955839fa653cf93eaad9;['bc1pwgjc04crr67ve30md7hkj5c33awxg6k0fy6fzvhl6c35jav20jesdvktpa']
1;767af60c89a1065162831b3f05ceba41f505510dd9958a12ffd4636072752d04;['bc1p8kc6mdrly87a4dn3c3t023d3gpklxs3sz3nlxsfp3050jwr2fgqs5kwdxc']
1;2ff78a7c06707cc281d9b1b2a5b25176fcb3607143e56b2e8b274615c8cdc7c6;['bc1p6t3u9kzqzu32dq574q74l200md3g08jgu5fyqx5lmn8w6afm9zvsyuqtzh']
1;95da6a9d51e5453778637e184eee1b3a150477eb549ef47b8ae6fac7cb53980a;['bc1pu4ajr05mwle29vm6a7cd5nuzg4dl3dj0h3jvu428u7rncj0pyweqmm28dl']
1;95da6a9d51e5453778637e184eee1b3a150477eb549ef47b8ae6fac7cb53980a;['bc1p2eg3j55n3rds88uzemmvglenk4qrza5nhg8mjmn4fr3jswuqfmgsx925mr']
1;da71a79efbca11694fbe39579f3aebfd1f8d4ed23bb27173531e08fcef769352;['bc1ptmwkm7kfymd26fyqfsff7rdsa66kfhceu4jef0tdjrkd9lsdapesxvadr2']
1;20aa42ce913c0a6c1809b0c1768899ddbc73c29aa75f1b7407c9fd506769bf23;['bc1pvqps4qkzzdvwcje0zjrfps9rhmw0pxdnpmfur3wfljge38ayneksg4j0pr']
1;8eb864eb28438ab8d28b745b9c9a5d4f0ed7af357d16ca5b67cc3d0cc9a5ab4d;['bc1pd92wmuyulusuexrax83azystvk03qhkvhv5uhthx2jx4vx7nk9wqplxj0r']
1;bb717d6a667d114ab09f267c33ae61f8f435e85fe8c9d9df230fb402c67de446;['bc1pfw2vcc5q3jcla78vuuu3y5z78kh9qer56nq990jppp307s9tdlesnm9spk']
1;9e9f536ccaa457d0cce62deed60bd2930221019a5f7fdf6698556afa3f35b5f5;['bc1pzwe352jr08gcmwqc65svtny4annuz9rmtkfky5cpce33w4nxgg2q462f8e']
1;c0cca879b034411c1b8e35b63e319b554616724b1e90ec3fca01de177188918f;['bc1p6vfc4dwavq6qpczq0hdsrm4ddsdk4v6dxcjtvfq82njmulhz83pquqn9ar']
1;3ef3564579cea5c97d0ac7dfb32ff4b5e612cc656211624862596321d845ef03;['bc1p0aknl4uzgyf0n4k8pca5e4q4vj4h68t9f38qmswx4yexa4aj99ws54kv25']
1;3ef3564579cea5c97d0ac7dfb32ff4b5e612cc656211624862596321d845ef03;['bc1p5x5u9uz860n4alcee70kph7yw30rm0w5wc55l33pw52m9lcrfqys2qe5h2']
1;f38d69dc71ffe51b2140291501abf2ae9b32e362b4ce5fff941a1783c68232ed;['bc1p2z5emws84dgld2ufpzunfp9yvqnpuqtc8mukmack9argzvhppglskzn6ja']
1;b94950002449ccfe70cc0e661366a4fdf0f22bd67fed2d6c2f187c4c3f3ee16b;['bc1ply05pwntz6242734l7wwt0gysl7ws7zmmz83gd4ljmp4y3kjhemqqwnf24']
1;437c3dc7cbcbca9601428cce8ea6b84d53be7dd7a5b55a958976b1cda837126f;['bc1pakv45ddgdmvyg8djp2t5auuemv6yrt9ml35agl2rpxujeztyr9vqr06gq6']
1;a7a49ebd7ecf741afc5607d45f3595c480147a4b70355f70edc39b3957f59fea;['bc1pu9lulaxd9w2lm2xpaf45nsgqn2mfz75af4j4sjuq3hsxmmjd6ldq5zdkqr']
1;e4cfb4440ab921d429dc4eacd43415667ccada4cb32e7ab0504a59e5c0aaa016;['bc1pt0g64nlu8x6f337szduzdtmvs64a5ws8dvfpfj6erc659hs29hlq7xfp6k']
1;c68cc51552f88ee44e5c45d05b907c6eb4d2cec1ef7c92d377a1393fa9ce40dd;['bc1pxp544psud52ruywx604kykzhcy5c0ryx7ugcdveqrl82wjn3hqms08lzf9']
1;f78dfda016d17c6bd4d61f206a3ebfde621ee0b83968f1b47bae4908dcc8c43f;['bc1p4uu9exr96uv4d6cke50nl288qhlp4kll9xaqc0h9muuw9vw3s44qawnpwe']
1;dcbbbc62d5ce1d2637c247767fea41b44e93a1e6f49f573ea6b6a4bd5d464a45;['bc1p2f2re04cyy7mjh8nmlfwp9nas5zkqrdk45d6vgydpa2kmr60wg2sw5ggj4']
1;15df8b5b2f640b10aeb6b4172ecc810d777d322631277e398eba3970d1250e50;['bc1pj0cqr5lf9t64xuwhghlwddj4f4ffkkvdcrv45ajc8vuzypztqvgqacqwzn']
1;4dbd92678e0222038b0a532ece9daa905f09bb3bb0338ab522b19b00625546e8;['bc1pjk2mzp32394gx4ypyrafgl59qe7yc0k0hpgx9cvx50spw7lhkunssjvusa']
1;bc5fd50eed420cec24c83d131f2aa0ea001b67c680ecdb81aa1f234cc2c9c486;['bc1p8a3humn6n5zr9sd6xetx88uy2lrfyqxx7zz3nj485nwg3dgxkp8qzlvu4k']
1;37354a6cc91f174a38bd4e653ee8f7ec63d874a05d4835eeb4c46bc8401a99ec;['bc1pglsj2k2jtcg840earhf79ezprz6v570v3sp3praxl8z7249hz5mq8jafqg']
1;586095e9a5dbd2a954483e555233db3af18b98c2101234751840ff0e6bf2a0bc;['bc1p2ffqq09tkcsjcgwkm3h80ax78r4450kyxss0lsygm45ma9v22l6shhfe53']
1;3e77daaae9ef612e035347222ae2ee72fcced5cc847da573625385e126d5165b;['bc1p55rcxhr4n65m4evtscf26r86rhrrfsx7t9zp00g5eg4h82d48gvq9pva6w']
1;d5f9e407d78460b893ebd4a5d4274a0107671a0c3e85b84cc6f2b42229797965;['bc1phuqymnqms64nc6edcjtertnm4s39f4fppjhevmgpk2s858mmxaysf4mpdm']
1;d5f9e407d78460b893ebd4a5d4274a0107671a0c3e85b84cc6f2b42229797965;['bc1pzek8tm4ptrhuxt4hcv2hts530ya7u2a3ad3xqwnk752xjdezmx9srh4p82']
1;9556920dd5dd2012321d6b8a75cbcc4e5dfce32f8a12fa1cd8b8649c4489a491;['bc1puqvmqwytv96zuzrpd64fawhh0qhzkvwfq93fc3xfsw603e3pnalst02m72']
1;43ac47fc53d5f580a07598419b196a37b32b4f6ca221cb80613c3e5a619a3c82;['bc1pxzg0gf5qrjm3nr24z08nw642jgvy2cntaagusry44aayv7xq4jdsrsy94g']
1;ffadac42484ee813fe2fab6f62a0eeda69ffd8a8ba3f9d80b33cef1018b13ae2;['bc1putmr9xp6us8hmnrnj7dsnkd8nz97c6zv49fes4ld7349cqexguusetddv5']
1;abc6785d71a0cf081b15b955d0d6581b2fe4eb6aafac41eb6df71857b091c0d1;['bc1ppcm4hn99uzu68gk9tsa9936nvxpkf0lp7ryfyzv3vkxh4g4fj7eqwhtmyq']
1;d452e5056f083c1e9bc409d18ee5e546f350a2e8a74e584d6be0eaf1e7cdbe6d;['bc1pums624hrk5ntwateswcd2lvww7ymgddswhnr4d6adj8nkx7smsss5neqd5']
1;42632aafc0d97b21e195f8a4d4e4c088a75a184f0fcda19f26230b246d72e3f4;['bc1pnkfham98yg338597c5u7unjn6ng9m0an738h6wxxu4er66rdap0sjq34sn']
1;69004a7647d93b494dbff3f485029185cbe63ca2cc3e8c904bbfaf11b8344d57;['bc1ptjtqv7r0lstharp6xy8dtpm2lmxe4a3uhgmwz53agnntwthazsxsj85vkc']
1;a822c64230dcc94b319db2050cd2106c5ca61ba42be0b08744dd231f0e2bda6b;['bc1pytsy8nm4keew2mycfy4lznfdutw60rem6vdee6w9hxkql8w6gu3ql66m6h']
1;a9d4abe302a5de28f3cf98ae99346b8691b1462bdac3fad9d4a0f70ed1900809;['bc1p9yvl3c2ptyue8yn9e7tasw9qd2fm03w09yjle4fjlkg3ugqs2gvs4xgagw']
1;f60e1d6bfcd67dc9f6da6dece6a081d4dd3aea568628507d868166d453ca1abb;['bc1ps5u6zx4yg4g27x8dvpt4f73fpywy9wetnkm3rz0486ss3gnwx40s03u5aj']
1;1b1ae494277deadedea67c73d0d6bd09b1e34fcb1c315595a2664300b1a1bac4;['bc1pkn00xwz84276rwpy7lly7exwmlke7nawjh96xlyr75pk0xl2pgnsgf4rrj']
1;d743b00d9568f0903dcbee4ba3d45c6bbdf80b8afde07e2c250493e5c12523a6;['bc1p3sr8tayx4ef9hm5hyn7gepfd25n56a8fw89v3zl2xy7xvt2zl84sujywzq']
1;325cf6ee52d5e50815fcea1964c506de56f2b836aee1486e628893af5c95fcc1;['bc1p955a8mn75dpfrp8gd4a995lzhzx27pdhjctymzcrp9ahvn5p4zesuhplcl']
1;077751494bae456eb47058abfd063b3c254f70fae2beed15ad4c85a46e88e7d1;['bc1pnc9y6nmyw49p0un5rfqt4j85f5jrms0xekh75mzah0z28grr0cvsv2qqcx']
1;4230310cf961b081df24d6cd49655a3a6927a161d3997f82142b72fd332811c6;['bc1pgheetkuh5ejs86eznweag22x330c2mf663r36y8r43ulfdq29dzssn4j94']
1;c6cc6d6284a51a3fd548f8e0b64402cc24d0c68d427239998d30d49002ddca8d;['bc1pxq27spvlgjpa87ppkzx7qqhrhe6jcnsrvugdczqnm2xlp7fl37fqa6fyqq']
1;c48edc6e7a1a35207e62a0b470e556c9c1a778b9949605ec6acb5dd7deb1d110;['bc1p7yautw8w5h4ecft97u3sllwpudedlzlkkpwe7r0xaxnq8hc3c88qrmm7tn']
1;ce6375587d8a7e6204c0cbfe0c5349d022ab46f5d9b8ec73fea949c7752f1a42;['bc1pk7yg8lc6gdphxaf9wf6ggepxn5e8tjwe88m2gntejwg9gc9kj50qs7zmgv']
1;a51fb33fffc603f6a08c3dd7c1976587de044f6f790bf3e4184098fabfd857b0;['bc1p9v8hfgxgftm260z8fzmn684vwjfy0kpvrd3rjjya2ay7agr9ynyskuwm66']
1;0d85fd5be3b640245a6eb1b58eea49b148a756d2e29b96b120a7b4c5daf02cc8;['bc1p6vd4zumt5mtfu8z0yjefs698m2d2wln42ar3gtflaqm5ulv33u8qxr33cg']
1;196334b90d41f30802d54714f25847ec76887835038aefb0d5f7e66b693792bc;['bc1pda64lsvq9cpvz4ac9chaypwfpf9ege5mnuhcc0v3sm2dul8ztd5s6sg4rr']
1;2d602223878af32bd568dd6755dddb286b8fc544de16282cff5d3e2c38dbe0bc;['bc1pp4ves5j4guq4v0yauetpra83nvknvqsstwq852wexqfnnqdtwx6qzdmnfe']
1;58631bf0bafc90b09d33368d4765709affb104571a2e55360fb3cd4b72d16bd5;['bc1pmrt2w6sfxls22q39msp45qp4t5qkpsnakwvdz5slnzxz7y6n0t3qrhccna']
1;8a02cdab68daa949c63c74bd51a8fd461c55fd741ae85f2a6b272c5ce6296644;['bc1pw40lk49qw49wpp3pu0zf3x6aj9lv66mk4uhy63jkq26htra3gfnsq53f3m']
1;1576bcc0686717c78476af671879ad341ac11b3213277bbb1cdc2dd1fc48e587;['bc1pqk5vysn5fakuy255hape46ljgvx8l0kxxdrr0vqz5l56zjp4r8hqxax42y']
1;8597105170af2c54c2cc888dcf3aa65355889acb4f5a71b8d6de4a38b99d9b9b;['bc1pk7g92reyl02wz9663gav6ttwsrlfvzlq8zvp66njvhyk025tvu6sh5qcat']
1;b063c62961a83df7f2965fe5e8d5580ef1a61fba637c9d26fde9f3c59145b6b6;['bc1pqnfh6z49g60xnffjtepcs9lqgvhejy8p4945w22qeup3mqlzdm9sx9zn3x']
1;490421932173633c5c79b7b2a3ebf463ac37995aeddef23800a444d41f71e6d8;['bc1pjrzpqv0qqa386czxhfxgha3md0cua720rjca8juxy49mdaxenpsq5avj5c']
1;6b2f0524b840e4ba2f54d5484a1481efdc42e0ad73d02722e00c5b5fcc2c715b;['bc1p4l4fg2y0cnzlv3hrlf7vrxl9pfarz2enxxaps35579w3nfq6vvesdhusqq']
1;2f47f05e142de1a3e76eb88901d643bb22a190f172f2993157626633f5b2ef12;['bc1p72t7e4t48s2vk65sfanmze72zehavpg90w4tkcvxwqpuzl0qy4esvw8je7']
1;c6c895dbe4ac097636f11001d4898c71cb1831734fb3f0b77e19b15ba7fcad9b;['bc1p4fymkk5hk2k6wqt5r97yvnkcp4xaqhsap47ad8m3u6els3j4pfdq2s3ttk']
1;4023ea5a2d3e6022a46c7a2192e2d300bfbd225355a01ed28da70265301fda57;['bc1phmc4qayr7rru40hcvyghhx0fc4zgczvn9gq089xtj4jaystquyzq70g304']
1;680b381ae37e2365d370e39f0bbe4048d365ccbf2d8a5ffe81045f7e3079c1b4;['bc1p7ljxjl9sd6m7rct8fw3ent9exvn6e2s9lh5szg3ejucz2mn095asaf3w2d']
1;99d6f75a2febb347fad58221e8b07ea10a93bbaecbb32fd96540ba733dd8a32e;['bc1pk64gphedrj7kvp7xhxvtvjgwpe88an4t6u0l2h3veh9c5t96plnq8fyrg0']
1;7eb25160f1b3600c6efbcfb221b974ff809ee93bbb731b92ca03a02474015312;['bc1p3ggwejvlv27engzqn0rcrfdp05xjgmpq0unc6uqzpdqehjwsj0qqxrd4c3']
1;84d2f7a348c5a1f2cfec5e57d9b01352eccc66d3bd04afb116952ce86d86f844;['bc1pekmxtscn3u5vy9x54yu8fxhpe49prh3feqaxvm0v6uqd6epy2k3szcvtqu']
1;9ad9d93f4509eb0cecf522bcf5c57035e7d88883a26528f935a08ab8df59afd8;['bc1prge3mgckjynnlq6n9e05y9l8xu653hsuqal60c32d58sghcwjatsf7mxx3']
1;07e7eed97903839fe5c40cef49dfb218cfd5257058bc29f6b8d9a34f038f0691;['bc1pdzpvfmfungp2l6k6tkek7l8yxasch3c6ctwd66qn4uejsmueq6fss3sz06']
1;9bc796f3a71df348bc48d037ae116653067a472a9e1be54593010575b443bfb5;['bc1pcmufslk2j7265fltu2d00323w2ns0p56f8zl8mw0x9dpktptyfrq8gxjd5']
1;d811dbf4c5e196bf92fd4b814fbef7e09dd6b895b65a57083d08bdf5f94eee87;['bc1pggd9xc4luta25p9y846gy32469lsxn8krfnakvd659sqax4s7ccsrm9kmj']
1;0429e6cc81a3b5934a692fa52c9f26b038ea075a0067732e1df760e4e61ce88e;['bc1pe7lzr7z7ewxnckwyvqks6pe02djd0vm86etw5zwtx6mkqp37swws9rd4rj']
1;44182eb11a08bb5ade1b135a2d613058706c187417567c9b47d2b9e87e6f8b05;['bc1pk57k6n7qhslc6005xpej6csdpvdvpf9yxdmwhlx258m5aug5h3xsw0zc2n']
1;e3ae0c2de5b18add2c463d25a7740007d139c5f3b4119c9c4ec4209dfc289b5d;['bc1pfpdl6zx5zaytl4tthkycrd4yml7pga26azlw5p056wwpamw2hd7qv3wz8g']
1;53cb8261fec3712433bdff00ec82bbf32b6b9273abfe90bbb3d97c4ba0f6df27;['bc1pjr8psxq2wmjrxdnv8krjpu5h3tc7k8w5evdj3td25nn2l6vutcts8pwk3m']
1;7b6d4ca1a278a44731ebf91443650dc1b225ebc7b214cada9bf5d106afd43ab4;['bc1ptfesxv5aak4ez4660ga6ywetcmezmcg78dws2aq74j4vdt9papjq0afq5z']
1;65454d41a7a48ff051877ad262d350ccb68abf06e1b4c552e7f2d330316d5c73;['bc1pq66q39ee394nse4zajwmk7xj4fjzvmddpq4pf2q3rxr38qlj53esnnw5jy']
1;e332cb6c481188866a0d18640583819e8d1cbfc636119cac615edcf61aa63ad1;['bc1pj5tlyk2yvfzw8l08fgqcqf4yf6ycfz4n7khsvhulsg3nq8s89lxsr90k4z']
1;6697ba5f8aef8ec7c22647aed90257a257b317e42932ffe69f352d0fbbbbed18;['bc1p0zgnke3qgmdnwmhxm288t2zktf0xn4mqu7mc89qd2ds86utzq03s8763ht']
1;c9a63d1ae7cd86023eafeb203fb49763207ed8b8b3c88e95973cb531243c9ece;['bc1pa7u9c76f28pldngxs2wxvgvk64wf3slxf2ch8vlr7s68zlmjc3aqrndpwk']
1;da1d283d856e41d1dd05ebf33516d995f11eee29ad6d909a7bb9a090e790ee7c;['bc1ph60p07u4mgpgw62krc7ds6c74avwejchqpcamw2mq5c0gttjk5es3j83wp']
1;08f25c996c58cc04e325aee7374506108a7309d9d8795179173ef2e66b774b31;['bc1pz7tt2cv3ycymq036lvsgz0q8mwa8z55gc9ga2nur62u3aveqqagquf6eul']
1;90e2ee6cc863180f77fbdadc92f91b74485842e8065654475136db03ed0d9b18;['bc1pmds5xsr3lf44ur3ywk3p5eud49x4w4w9al64gllmgs9xg5mhwclswadsgm']
1;68210093ccf6ff32f82b77dd6ce6f002d59190fab8379051683ce70cc2a2ba1a;['bc1p4w4t8dkpfruutf0yadk6mjeeqf9jxcwn9a34rrlpmf3y7k4h50sslfutys']
1;7989eba70dc92b518cb2924dd1cb495ac7facc86cd4c20a689444431e942ea3a;['bc1pjvuqz4dctwcup5450tw5jzkxxc0fh84k86e27saerc2jqwzxk75qr23l6y']
1;d41b41e0c8305c216446aa627ec47c6f1f820f29e0ea87ad9698ca4a2724d076;['bc1pwfmwhtnfnrnchns3cx98rm777epmjt3pl0vsqwkp62jjyudq07asnm4jy2']
1;d2157007409470b725d2e9fa260ec15d745e7406f78034921608b58bc9ac4738;['bc1p4yzpz24vwdmhdhqyz557s6gvkgf2t9y7xlple0rqywxx26thzskstzyjqm']
1;e9e124a4aa8860d42718d285c80b24f4b84f8179361e5f94fd3afacf18df956d;['bc1pzjl53kapx7nx28ch2ptrwgns4578exq403fa8vypqjdrr6yz4rxq6msdyw']
1;515cb161f143a3ec35e1508428c6dc869e1e29b3f4bfc0bc69e10a8240d16a6a;['bc1pklpvjgyx70x27xl0nnzemhc7dr0z3uw92gr6wjv3duvng7wl292s79kpzc']
1;b5b42084f631eb4c22c905fb235723a82a2bbf1d66e4fed9099a553bb91186e7;['bc1pzxcdd5a5d89lfalt9gx4qk9dcs0s2k2j00drfzqxmmpzmkm6g9gsh4rm6a']
1;bcf47db6d604c5d3aa016360b1a8bf8c025548f8809a8848ff8e2946c8e12dc7;['bc1pjvs9c7exsm8tjvv8mam9rk7dg4kuc03j74seecqyghc37xw673asdcwx84']
1;9f317fb6aabfee5e66f1bddd28760d2972267aa064196ed92bd58f824da77e3b;['bc1pypp02srera2m0pt43mxjveaewv28vc89dp27j7ylf6zluwc8dj8qztrvw4']
1;8fb49a8ea2ec8de22cdd4b61c082190b984203b81095b57f57b76e790b60ba37;['bc1pdy6r6tgw5qcnclyeu8hduglqaz2t0rglj88wpk9nmr5lz5nlnklque5m3k']
1;028d370c86a6f88db67226bc091bd304e61adfefdb94c1fa3ac8e736bb5148c8;['bc1pxh9jsyl07qndra4t3zzcwy53y03cvlmnkdljnjdh7kfgdhemkp6s00gwfa']
1;1ba0811821daad7699c0e4c56b73ce4a6b32c96b3a719052223546ed536614f9;['bc1pqcmhy2p2mspp5vrkz7lfp2mhdgnclf08tpe9dl62uga55j8trhusssfy9u']
1;aae410a8c9a44cb0b6510bf0b1d7d41d045f6c20ee2b3dcea3418895ea967136;['bc1p2wvf77fud2h3qdk9xyf2v8gdx4q0559ypuwt4dggpzvmfmuu4xfs3s2plr']
1;7d14dbac707da0f769d41dc1cd8422a59fa01224eefec170535164792b9fe8e6;['bc1pkj9jgudaqyn8zdd4y0nhtzap9q7zt70u6gmng7ssemll4g47s7tqdu4vhr']
1;756e5a7fd7760888e34391292d8b8969a91d714a92c7d3c0401860f581d2d7de;['bc1pwl2dxlnxqjyfh4fg2y3wzpz58eucldujjsef7yvs6qs7xl8fu54q0p8v6p']
1;2c62e1b0024e197f2e79e8a8a81795a214a037db32ee8c8f9d1755c920ffbd0a;['bc1p92rmmejkh6wgx6tkfmngu6sdh6l3n353v4ahc8wp6fr3tfkae55suktx3z']
1;b8a6b0cfe1eb6cbec87d7d01caf469ef46013e5951feffd5344eebc439302411;['bc1pvp5wckpgnc3j9wtjktp6hl3emwppn9eespwdst84rrq205uxmwhqezj8zn']
1;9eacbebf325a6c93f77ca850fadf00494cfcfb6cd6450f3346ec51ed95863531;['bc1p38td42guclm7qmd98s6rua0nlc8xxkurgpplxx6d38ruwyqrdd9qmhcqnr']
1;994b7f617e85bf91939004067bd38794323a437753043b0057f4862e54f26e7a;['bc1pqgstaemv4yjsw70n8ufarmuga8n0dvxgr5txj0nlpdmmzlpj6eesd0z408']
1;09ba21105bb443ec70753a94c99cc5f984cad2552c41e7e922ce23b2b948dd93;['bc1pkpumcvr8gcaqgwv00jyu8qcyqespu27lh9jq4dmejh04m80n4c4qht8rsy']
1;a2fccc93780b2e4033146370485333b174278b721439bab8bafd4de9cf1fc63d;['bc1ppzw6z9pa5waptjhvhutrlv7mugrph4pf4v79zdezkp5hwf5cnpyspysmjd']
1;c131f2b7375ddd3e5941db3f83b9e206a85b8fa971e15b7b68a8d5ec406aaaff;['bc1pu6j5vwxwjehawun06kcpkkzufq3x634dp6ch3yhm0fc7mzhlk0dsuhq5sk']
1;9e125bef290a6e4e3e6ea0178c1a0a8b9c3a42d834faa82b809935809e66c626;['bc1pag7fqw737wdt8r3urzdj3c7kv6fpjen8vsfxumvpuedxff3sfv6shzp645']
1;1047896bd474029d21e6091aeb49b3e7e8be580458bd527620ce3f904d1671bb;['bc1pn9r6ucutvz9nzrz6um9usjc35h9ctyr9z5gf8ax8m5znjs7qrgxsdaafe8']
1;65c9393f6fab865282d377e878706d73a990c04f691f9f62b9151850a9c29bfb;['bc1plef8et0w52sw2fshrxdlwwufs83ntaunhw2pe24pzrhlmja795sq9syryl']
1;50822b3327d0a8fddfe5d22d24788adf267e226065c9a9cd472251f3273c7661;['bc1pxm7xjr8p3j5ff6cesr7tv50sr36vrw4rv6k8rzkxvc638dxj2kkshqvh3c']
1;1f2d74bf3f44acf9fff1a876dabd3b51fe5ade1a4270ca9efd7155aee0221fd6;['bc1pxtp5l7e9shxvvdnaxmxu7z6m73f9vrah0yrpa8wcy0vc7cjurc0snw2el3']
1;7abcd81bc7ee913801f3cff82d0ecb59d417052ae762ec23c74ee866534e64bf;['bc1ph0eqh995mzf6upk0jz3gt53spwvk6q53kq3hx6t8hfyhqqmpclgsr7478r']
1;a57e7f6580fb2c2c30c172aa26548500f72dc0e8c1ac095ce8625de8feb15e3b;['bc1pj4sahzpmfxjwnmenwg3ry0w6vnrkfajda3g8k60vfm86u2m9kplqt4m9s2']
1;3721b5f279c6cb777f8e4bdf1c70f004ddb1c426db28c6c2dfb4f9ed5c33e158;['bc1p90nke886ell7ff4pdq26a3ahg2kppggxhcmkuymhf0xectx72y3qhjlqtm']
1;9be4ecbe98c2e3d06124e3f7284913719694ff2ec1c0f42b694f4f359d16f3e9;['bc1ppna0u8xpp74rp07klucype7fafx4tvnh7t0gmh5zvmc0x4k6n2tq3uf7p5']
1;c867533a5e9f2eca4c41c025901a190b42ec1300a00b4bab16d9b738235fe6bf;['bc1pa8kd5q7mul35wuk68xrqg2zjekevay8yswnsfphttss9xdvdlc9qnu9zye']
1;31822fe986252a5dabef308053d5379b86f5ef5adbbdd1c67814a87a0c42008f;['bc1p43w2pqzaaw7ll838rltykd30yhtvdv5da74a9j6xzgv2azz0m3vshczy64']
1;63007c21571c8e32f71bb881758514cbd09b34b6b0c1ae999935c515ed5696fe;['bc1p8um5x6xnz0klude9klwd4f4vafsllyemeywvqvke9w749xka57jq9pkylf']
1;635d437767a8288a560462ae2e154e68f6a8a606cce7bacb6fb33d241ab2dfd6;['bc1pln9xh0kvtyzgmg4uemv0h99eqmwylkgzjdnmalp8nnajpm5mdjasetyjcx']
1;823d5f355349e43a35da05008071303d4e2fcd8ca88d433b69f811b3eba73ed4;['bc1pumg8z7wxc4l6uhx2prx5lqunuy7c8z4gg60drlsy5uqtss6n9n2qark5e5']
1;6d96f5af4d489d7a49b237c91f8756cc33b82b54a2f683be3277fdaf59881c75;['bc1p7pxzwf26t9pejwl494etk884rqshcf4ums7u627pa44myqmg9pasrxzhlf']
1;a55ded273bb7d32dc40a17cae59e320ba3fd9d4daf8f157115406537f2507518;['bc1pdel0lanp8uq65kyhw33wc0jcl7ay5dywnknyqvrsslmqs6unj98qtf7q7a']
1;8ae602716c339880ec940998df508577433e6634a0d725f772a02842f1f9c70e;['bc1p2f7kg59rmrn047exvm8xrkn6eyesygy9cpfxyvgajh928jqndnns4s0ws3']
1;db13a2f575da32783789cd989097556bc45e2f025ffbf51a5a7ff9829a3b6eef;['bc1ply7fptdt57700rzvh2dsml9hq05kgrdssvvu5phymjgu4a4apu5sl6gm6v']
1;0c155883ba323995ac700bef40a5f87af07e5ecac3bb097a1f4b1b7aa8c96c01;['bc1pwzem6a3dz6khgp7rm5xw7vfhdtm8rrxq7uv3trvgenmw92lxsl8spq9ru5']
1;1b447ee97179c646f058a4285e77da132067e3e20e22ababba1e1f4f837bc3a0;['bc1phursw5zph456xcaskrc24h5tqqjsr032uv86yz7unhw4x69p7ghqleu7pm']
1;02fda7c565a9c6774655f1d18457ebd8c064d13aecb78916272364821f6c260d;['bc1pykd0j8jmamd0mjlwgxly5j0qhjns4f9n4qjltqfqanxdtx9cr2mqyvrlzt']
1;0aa2472a3c9de30d95c8ea33a6b16a9e4962786efe16ed4bd0fa7b6003f8837e;['bc1p8f356dj4ancywpuqn7lt88pz3cx3ptfxe70c04fzfyguznyeu0eq90f5vl']
1;082df3f82a7859367fda47837a9567c9d8f01fb378cf2d1a1ed31b507a421e40;['bc1pstszc7v9fqqxwr22wagyqha950d2djzlukhxjw7fg3mr0r6m304sa0mg9g']
1;551df63ecd532bc52fad54313e0a8e65bc7fb7206fa91be5bedc530d10db1a7c;['bc1pdngsjj6wxwve9532w27p8hpdxe7dhquymhyt7mccvm930e98ppdqa77nys']
1;1eb6b700501180ea19b18acb06e4ba2baf3144b8aa81a5d9879cd7c422a78ec2;['bc1p080xs0zej5z0v7xnzk7rl8mp0y4fluzymqdhr4uckzx2ugshh77qczmjm3']
1;625a81270809957fabee32bdbadc74a4b0d5df8627f9cb6470677d139f5c4b31;['bc1pjr9q3tje9v3rpqfsyxd00240jaryn8hf7plmyjex4dcmj9pqt9kq455rgx']
1;ccbeb19d37a58e4d6654a6c0baceeee4615c8bf8aff4faecfb49e23102685194;['bc1ppt29pxmw87glzsc2j3t4ggp4p2y5k6c7q0vcl2rvuud622glaw7szt4rhg']
1;4dbeed5b5b595cc41b2e0bd8cd62f5c83db94d786796a0e464a52bbe4e167463;['bc1p0d3uwp69h0h7dw70d63zgt6266sghaymf0f67npm6f3zzx676f8qg308sk']
1;0bed3e4c3b83febf3604156c39182d8e7cbb0de24ade64af7ffc6d763f7930ae;['bc1pll43pea8f0lvwh3xls3wkvankqufpjpqlek39xc8hulff5urra0q2ewu3x']
1;017b4ed56626c40a921651775900c066a36cf9cca934f60dd33f5e22605cd1c9;['bc1pr7samszktuvx4ygcjaduwyv0882h6kyur6fpu0ffrsktl6fkm29qhtptlq']
1;781b3cc1826074deeaab5e2820083e00530e6028237bf993ba9ed687ffdb22e2;['bc1px8s3r088jm5nwq4tefvt82rzvf3llvsywrtkcmf0k0ly7h20kt7seny44v']
1;2e74e1367bf9e57e2e6dc9636e74c2c2cae90b0d3d84f1b97a850013b3eef855;['bc1pvglasqnza5w5dzm2rd7cy4tludnfg6ksq4tjd9gfm0twxmvqlnjsjrj6sj']
1;6b601441a69a6cb9f28915715fc057bb5e790dad02291fc845a510b92f9c68d2;['bc1pg85wuexrxh8pl0f4xlpykzc8pvqptqemnas7sdagqmeudc3vfgxs44h3t2']
1;726b8cd2c8b1f14cd1c491d95cbb8028678142e9d2611ce035d1ad6c1397ec72;['bc1padx9xa7tzgx2cm89y5ucglseag2ec8aathdy6f7jalxp7ja76z4s20rmsj']
1;a12d598522a7ef9368942e6ce0d2253797805c0a1fdcb7874e869bcb185f1b73;['bc1pkgd9v9rta2cjqq72fsuaray33f3wk9vlm9kk53rheu0cw26dq52qac4yhj']
1;42e7727e3db1521b90838aac00fa27a8093b46c2ff9e54ae49a500664336b917;['bc1ptzemayw9dmpnxujks85uud3rmj0dlkghc9gyv6n9zal4xefyrm7sx74pl5']
1;dbf84c7f82f0f659d83b1b0c38aa97152f8ae3db0b32988081cf7972a84597bc;['bc1pv4q959kwu6llyga6j2zf4s4zh44w59f5atqg6vjj3tjesn2f6n7qg04v93']
1;c7b6cdad2cf58f59d295be439cbf8d9d07d5c5aba56ff423b8a113455be84e11;['bc1p4wm424cyv0mrgt74wuewf394sg29mdt7p8quxg9uq9qdlgzet3fq0aww2f']
1;26072bee8b458f3e7dc5407ded0637adac8bb4140bf9fd0d281a15648b22b7b3;['bc1pmzruvzyj8gap6xl30zdhl00rxktmpr66rpdplrnl7hegru2kzp9sq44a33']
1;6491f4016aab77ea42c792124fdd8b1b4b052b872a6e8889f3292509c096be25;['bc1p5fnu36kze0wldnykqdy822xkq9p83g4r6t8v3r7hw9w2dg80c58s2ppkjt']
1;897f431701e92e3823c763311e437c72ca28275c35f193942ca8f05c59547c83;['bc1pnksaxckjue6n80uljkxr7mzgjwhge2r7usx9vsjaj72wj9j5hfaq6ty290']
1;897f431701e92e3823c763311e437c72ca28275c35f193942ca8f05c59547c83;['bc1pk8vyu2hpxf3yts68nx2wh6llsraga34qqheyc5g3szxu8t0asteszkavju']
1;db8236ef3bf660862eda71eed725342ecebcafc682af9bebc484a8a9e4d0674f;['bc1peeuatuf02rywmeynpdla0jw0scxjsph667c5882tspgr0exr28uswru7pj']
1;3cc58d47aa3945be29d3cf386276eeec4688576f9ea4c534328ae8f78e1b6491;['bc1pdwtlsmrj29pj2aemnyregutxt2chppkdvjsrlvr0gmmk2h7nx86qzfv077']
1;55143f170789f2e8bd212df1211abda27d2bd72cf0bc3e0286746d051d488f45;['bc1p4hqjgsgl5ge8vuuqgeeppm3uhuszmj6hcua0jslszr2x7r50ggts5ny3rx']
1;93824aeba39c920e45bb1ca15e657c66f957eb15683c52888f54cc0175b1d8e5;['bc1p9av6llcd62vrgvdeehzztxr4k06t0g284rhvhwqj2p9nuvsj3cqqz9ek7u']
1;198e3c9d7e16f84bc0909a51409a4680fde1da8dcd870ed4f857fb358670a85d;['bc1ps66gg4dsx4w4nuf00239d4p7enjfvp7ql55vajxkffqky5ws8qssmqfm4p']
1;708ff365700e33fe74a1ead795edcffe2804ffb58b805b28f4d6282120aabca5;['bc1pvmm99d48u78wpg0yfc4zqrfgj36q9pw2pehpdptkr7egatq3lhksqdvxc8']
1;9275d3c91fd85e8de245a138e13d5932dd9a75481f63dccedf5968ac1ea336d0;['bc1prkpspfku4dfh58ugcgsea9fkef47p2cpk8gnzhljv9we4kyh4kpsnv2r0l']
1;b0c421eeba2b135551d743178fdbb773be69506bf7620593fa76c52ab3351cba;['bc1ppty77g99p0l9lg2gutp292357phpmmv9fefel582cw3enhz20rzq7r0mks']
1;6eebd9c140f473419e362bda29c4f6a57a880c021624fbbb67d04bd990589ff3;['bc1pc23haktrtq5ypw6v0rrnw5srffalydz4xra0g9z8rkeux7lg72mq2v77kn']
1;e46b66ac04ec9f9a03aeb8bc633186310a2701fbdde0746e57cee824ff4ca2c3;['bc1p50ytx0quk0u2wzqx7cmx9pyqxyfxkhvw2vlttrkgxypxukhxwjrsgp4pts']
1;0fec76101fa3025ca7f4591bdecb46cd45c2601401b940cf3a56d8cbad248ebc;['bc1pjpmku0a45yltpw3aca4kc0f3ygdwfvl5q475tr7rv6rakf7nurpq6url5z']
1;362e6ac94c79a18ca29ca76df7ef9de496f2d8cc71cfcf5513d99796388b5fba;['bc1pj3zm94c3xx83yus8knccu2vnrsx2sdnsuql0g49g05p43fg5qylqeds8hz']
1;4c962c8268949de1371a9b21f29b113feae0eae4abebd82e8c506101bf7b5763;['bc1p86x86ucgh30sqk64fccd4qrx85vkthp45p9wx4vwjldlta0k8j2qjahy8f']
1;15dc6ecb53bcc0c85229dc75f63778b8285ea22cea9de3d2c99bd57be41deb60;['bc1pjwnw6ws6cw9x3fqcq70773crmf77tp82dv324xh5k3xr9zx5nh8s239xfv']
1;d01617019ba14f155936f4885582c47e0db056531271829447e0b79d9b8cfeb2;['bc1py73lf7aed3cql8xdd8px469d24t97zlvl6cf9n2u236wnq0aze5ql7xzhl']
1;80cc08bccb44897bddc987a28359732cd137529d2b85f13a912b1e90657f67cb;['bc1ppxt2zjsdx8gzljf87vxux7ylmhh5vvdjyt2t5ss94f2c09ce586qy74hc9']
1;0e9c3e7a13ec9f04d59b4995961330ad37057bba856fb26036cec6d77c1bc37e;['bc1p6qetrtaf0l5gc6lws5r2q96uk9ghgks992rnwu5vcjjth2geaaksy9u9m6']
1;fec35bd5651b05e7f30c72ba9c7b1fbeeceee325695aef0477da7d2a8233b11e;['bc1pc245fn7jh5trtcq2qkgsxk7q34m5p5gfk03jq7chhrq28lavxl4qgcm6wa']
1;fd91253803edc6534ef4e78ee9c9e6433e2cf818c1b0370146b6fca23b0c79b4;['bc1pzpcs4rcgj5psk5fytlavcf65t2zxe47jyltm82fy5l29xn9znukswjpmps']
1;2e4771adcd5aa29ec5a85d3f682d377fd089c7a37c9672d7538ec91e8848475b;['bc1p2q6t7tuc9srj7sef98ymjtgwjdl4vkav0p49rthlq45fxfvn9ccqlgws0p']
1;ddf4cab74dbc9b0be42d3b4de9083c08e99f94f8d6d8bd7dd52213e9e5e45793;['bc1pa24t3vacsvpur6z0rhmxuthhft4t5r3kgecf07krvrwf3x7cx3ysr0axxy']
1;97c3dfe30efeb238804b7f35e5cb64730cfbe2f811886489e560a7eafa4abd3c;['bc1pxff20sgheg5x6z60c04ydzxae0k5vphlqfkvu5lzj6pjr3mz3x4qsu0khg']
1;5753f4ba834ab99d3f54ff10c36ffa7a8e4722933d26fc95d57b7ca56b199787;['bc1pfp9khy6tv2tngnepns3ft3pjp4ze6h6ewshm29jxfcu5s8vmy3asu9m983']
1;f857dbbab14fa2870a95d7221af1e1dbfeceb8ca95ddaed038fad79cc5a20cf8;['bc1pv6yj494cjjr5mnec66pqmrlzj3mqwwhrfee5cxkldh6x7hwz72esxhz2ax']
1;0b970ad475c0cdd94d9e7dc5138aef2b49e40fe444f8c72204f62af58fe0472a;['bc1ppashfnfzekqr3672xc9v4vj5ecmrw6kye48dww0fsdt337g00u7s6jhxek']
1;b1e05df2d69bd31b8111bee4ec4f4dc8db2ba8c112935045d20c0fd9f3fefc6c;['bc1pujefa489f8x9tudj05j0r0zrwmrkwmz23cz0gkh7lsv7sa9erngqhgh75t']
1;9b6ebdd16c71738adeeab8f7c01137752a877e06faaaf636ee3e700ee10bd218;['bc1puu09tr8c704wtmf2xwlwdcfde8hzyslch0nsex77aqtmmhjqfvdqje4dha']
1;a3e040922629813164de9bbe748ea5fe6c28065d3e56b65536cdfe1323bb6ec3;['bc1prtwwus44vxnyjc9rt9j8d3hrnlemdzhp94ppt0ravwxdg0fswgps8qc83k']
1;2c43cf2775576dced2bf3f5d75343e63bff8a5f437c323f1bb5e751005beb2b0;['bc1pr5ymlnhukmhcmgwnlj4cs7sv5hs5jk5lx7jdg0xgtwzu98j37jysv2xnrz']
1;bb30f02700cb82ff94b48b98b3253e43dbb6f4ec8dba50bee1f161f2d22872c2;['bc1pm5u6q65fxa60c785mp8w78353l9wag7k9ycfp90tskqk86qqfhgqaaq5ey']
1;229665fb40b5649e9f12cefc402d1b62b1428d343b2dd08342bda4faa0212e10;['bc1p3udlela3sgzw3e2ynlswspdlsfz98z0rdyh3w5m3x8sf6a4nr4esaumda2']
1;fdb110198b32d0b98f239ae3d623f4f458222916e0c7ac6d55fdb3c4164fc477;['bc1pj2jxxg2u98dfq00fkm32sld47sk58nux3n7wvpf89sfnvx6uekwqgcl2vv']
1;5ee0087941b984a121ffd0b3210722935263d0b3f8c4c5c52931e02030939c9f;['bc1pqrr5kt9hm4wurkdgdfmh5yedv8zhqmm4c6ssqmhan4y9fal7g68spxuf76']
1;8ae2737b670f6436892a0fede176aa10ece42c7c571747b699e771ac8976f951;['bc1p4pqwwkxv454yj0uyzefyxkpvr8cckasfs7cfev6vfhnwzc2en39s4gnx8u']
1;fb445c81ad9e941937a9e9601ac6ec4fc50f7d5b0bb171fbe41c24e7b15910ef;['bc1pda46rglymxvjevxn936ysnvxf8s8rxn0v6pp986tgc46dqgtjvzqt592h8']
1;a81b7393150ce95be48f1049b422a69a9e9964a369152a740541d8cf9c64c0ae;['bc1p525dmxf6d9c799jmtyl3qpwnvyhnnj408ca7cemtll9cqgaydyqsjc3f4w']
1;29c9d9e654393d627ec396cece2d384fd397b04cb9ce13c2e67fcea4962d0bea;['bc1pnl9h54z5dx3qjx6cedu692mjdydf7jw902eszcvp3qg2vsjh5fxs7d3w27']
1;935edd1b237f5ce3336dce4b63a01c56df85c5e3dca652b4624d6da581c6718f;['bc1pxy39wtwywhgaevk9fp8d0wn5f8sz0vntym65xg8hxwd42c2ydghsy2hf6k']
1;7c071252b0c22ff9b95898bd57b1f975dbb252f80de0231f339ab2a6bd8537ea;['bc1p68zv9xlzz5at9fnkp5533rlnha7ddlq809mrugz68lk6mwmye09srhe68n']
1;1490140f77b0959e6f04e472269737bd26ee69e29cdfe13841e14b551f95ed41;['bc1pzxufehqzg6kpdq6dahama5mgqreyfhsjf7frphq7627e2g67pz9q54fuar']
1;3ee391633e1af3b53e765a65a7a339bb80dc9349ca0d0f34cbc88b283d1198b6;['bc1pq5cqxnq7ud5lq2t262ls99tgllq2nhcugykcdz6ukqq2yalze9mqkddzmu']
1;a88c0479aa651fede2d7226290d7ca6cfb9bf67157df31ea5f1b1f3682fe38dd;['bc1prp78j25dv5ry8p4mhs8kfnqyufx4m8t2l8gt7tqz5rnxsrgjvd8s5pgacu']
1;c3a57b067d57c7a2378d935cde0f44826f8c6921e156721056c1e43f533d243f;['bc1pg4ks3xahcz0maxka308wgr4qew4z2ltylwr4tshw42vcvdwyktqqlk5mnj']
1;e51626500a677615a9f47f8929477eb1a938ee7b811b35e478d33f428fa437cb;['bc1ptk2peg0gqufjhmfrm9v5g9gftqgny57d62wgk7ncpfsw7as7ekxqasedxn']
1;bb6c9cd51a24306fb092ecf847a0bad04bbe7f291996b350ff797bde1ab955c5;['bc1py0gsm2l0alt6cqwpx2qylwcg9vuaxsxu02pnw0vsr7wj9rr0s3csql0hly']
1;eff0eb7e2588b84a8a85865795edd391ba29a20b63a650fa6896a373712e0832;['bc1pn9tg57dc8jm7c48y35vmucqgj9p4amh5whjp5rfuqnnujkq3mm7s3gg47h']
1;932b032179b70810b811af4586e7121cb510ddb4cb6707062f5ad3ebdc5b9459;['bc1pmqyhwhxrtfxckdkh9uv2c0tfh70xyq3pumdr526my6vhzk8u5khsa74fjw']
1;85112caa94cce526695db6f9e9dd3ad9767cc609da10514e30d467f4ac9e32a7;['bc1p627qpfe45wxwd02rnmpj483tt5zwj4rdtz5p7twjauquve8yeg6qjvxnha']
1;0f6dfb20272b89efb5c9ba10f6790137230bda86531d743c6fedafe2d805a6fd;['bc1pjt7270txgmd36sexyymr35nyuxgulkzs3x9502a0tm56tjfp4rsqraxssq']
1;c0652577c2a695827d9254185279810ab7e919d5c6df5eaf23e6369e6dd97445;['bc1pnajeacc7c6qy72n7e9alhfcddnnfgukn2jvuxghsz5jeu75nqkxs008vft']
1;933f6158bed87a40c1b606b649d8ec44768e955111530a194dd72a33cf85098c;['bc1pknrpsewyc8fqrtc7neqdrs73rm42vvppuynary8k8ds4jzg3g8rq0egcla']
1;7f9eec072a4eaca809769439c96b365c28cbcd9648f76b892079f7ff83b5df26;['bc1p0edu9lsnvmapl85qmhaeyehgu6u4vqcqg2ehn8aq435uhqwm4puq7wz7uq']
1;c084c96043a58b0715f901d5ab16eaa4d0efd1ccd791fe7cb0949926df0801fc;['bc1p6z6f9jkfvw4py7q0ux6gr5rucgzq0rudcj8uul42umxcy3l89w7q2attc2']
1;c943a672b598a80e94b081bd34b61b2c69f7ef2b3fe411682dc62c3345076a82;['bc1pwl7xzwtt4fvlzf79gnv8khv2zav4tkvpfhmnrxyrr4lymsycnmwsltdtwj']
1;fd96ef21a37fd3395d8c69add7ca3bd5ddaf65293aac93d44d9befbbfed582fb;['bc1pvwq7fl9dn5shsjt3qs92wnhzvpml8pykehy7kwuwtq92kqpzyvesz4nuhy']
1;f0ee824acf9fc515fcfbaf87cf6d908bf3bcc6e8154dd6b1155c5559d153e8f5;['bc1p5mvf0wwwsawpvkx25mr9mas48dxnk2n3ca76qpc8xlttdthnh5vqc62avk']
1;0fcc8031db61dbc1ab1ee7ce0d6c99525c2c9b3d8fa06676add0c23f90efbc95;['bc1pw09cr3nwhu0qxqvqnc4p59slscwfgkdwygz5xdagxqhxw20a3cassjtx45']
1;f772b88fcb1e3ac22670e4b675c48f97a9c9abb3b99243e6528840489791e752;['bc1pxlnepcvd9yxp89h6y56y072uc78mylvr4nq87yecdxtxlks5sk7qwcsxqc']
1;cc0228e40ba5039a67e623b3445ce5734a91d78f76703ca29938852f943195fc;['bc1ppf6xcrk2kymyk89lkx34vt93p0u3r903m04xwvd9j52karaavlzsuj8hmn']
1;b2de6f00caf90ca56f2e41e10543f4ce66faf50d05547c3bcb1ca549fb48b92c;['bc1pcasz742utd40l8q4pm5lr4s35njfyy6mvvm3nl6aw65q2q46y5kq4r98km']
1;18d5e86add6378d4553933c99fc3d279a2667bfa00b83e20ed3077e79a4987e9;['bc1pst3cxnwh66m2kgk6rrr5ga2z9ml36uw464lxeln4ym6fr68whjks927whf']
1;3b10c103f1ccbecb8fda26ca1166b0d3096bd8c64b5511e60974f4702bee793d;['bc1pdazgtaudyhmgyf8a6z8k5fa2yfa9qcqrx0ludsfkv4urgqddstdq8jkt2q']
1;07b6cb464907e9b765231a975e15cb63e8d1af5cf1839d562f2d56dadda5bfa9;['bc1p63uxye0yy7lr9zdrrd50v7ulhz7z64xwh72nz36j6yxswdlsan9qm457yn']
1;a0c5fe72b1ef67aa0b9ed9866e1bb35b71babef55fd756c12e4732535a694d83;['bc1pv6wvgph5kvnszcdnf5vg243lspvdq8gjsqv32apxj45pdwl4av3sx6xhyv']
1;36a9c770398173e34f6d2aeeded4036338d71808af84e986bd71d03fdaaae98f;['bc1pu3ndjudxeylfjheq2nc2azynjwjmzc7ekzz6jnarahk954v3pgtqg963gm']
1;dc619a9416ba4d0efdd8a60aa55e418ee37aa11408eb6820264428e0b56f756d;['bc1pnxev047x3gwcjjfcg630v6t5k85hjr80mxjl5w2nkc560kdpe0dqdu9300']
1;a925d4c156154868668303622e951fdb1e89f6e26d1c47cf4b58762a0684e5d1;['bc1p6u4acm7r8xqpap05l2f523h6caj6fq7xzzgjl30t2rn28q6qw23srx97lj']
1;55e6a297bff01accafcb9cb88e462565c75c01a5396f25300e2a5f2fec26c050;['bc1pzuwzm3fxe8ecywwnz9rl8u4ry8hume4xhz3mwgw3ur877gpz45gs3rqede']
1;de378d4e073f3bff2298e18470bbc5b31f55c2359f42f0906ecb2ed6d20605ed;['bc1pcsl99az7ucgrhdwsyrm46xqqdgskc4n27r087kgyvsuhs6dxxy3q0w00fx']
1;3263464e827e098abbc9cc62cac114a3508b619e6ffec37f9b4f1243cb4327e9;['bc1pgz6naa9wpzu6fxrnm8x6z3shljtgey6wgfhxf3ed3ygef8np5nxqdm5kq5']
1;1eefcb3dd641b2d386b6a3fc39a4a056fc1abfd7ada13606b34ec5df8183153b;['bc1p4x3850k68a6vwn7szvf6kkjjmfcn7qmxkj908qlz7r2dmu8pathq4ezxm8']
1;6909cb9074692dcbfefa1b61651773620493dd8860be7c94dcb9b431d43d8c26;['bc1phw9q8pa9x7ma2443qmlqyvt2vm63k2cvh3lm76rqtc9vu64t2v0smj00g5']
1;1e0cd4aed6539e0419d77c3273c60e7e8f125dc4e37407b1ad1ef9d2d5e58b26;['bc1pj7u4js7sqyrh6zdu4q77laff87l8lfv88ns6pcl5mmlx84xsz8hsej9ljg']
1;87c2d9edeb80ffe0405b62a7ba424d6e73eb9cb7f3320b0e1916191a7f2b7743;['bc1pznvnaw9gtj978zkvy2wmfuunfm49m95qrk9cm0tep0rkzmraz47s58y5sd']
1;ec48312bf0a0bd716bc61d64feb6a36ec74f826485043a99e714ec0381d32fc8;['bc1prndnehe2tselarqwyq5nrsykalu2kgeg55rdlv9ukk2kwf2pl5cqm9ds3c']
1;0ed33caa60db00e346db6a5f767db57a4b88b8afe810ec59faa544974506888b;['bc1px3hs4uwqfy659xnue76n4q4ztvjz00zr5z8pt7jwvv6yqwpl2myqzyu4q5']
1;2d0ad2eff7d09a68542f6542cf91d80e8a48692bd02b77fc408822fddc9d31e0;['bc1pm6ut76w4tzjalwm66yzv5ljcypeahjk08gxcz5pkh0un7va028dqzl8fr8']
1;8f39c39e120427bf46b25b78ad4f706cab46284c95cb7b1d93634a84bd2ef9ab;['bc1pqc38p3prklv6pfryds0zt0l2742phuugrq3r0r794z9fv06p9sgsnz5qxj']
1;dd887671480632829aa6e431557a22b2f116adfe9504ba22f5ad1b1e757dff61;['bc1pvze8dxrwqmpgdcxs4rt3r98wzn0c8m0hu33uqyex2324emyly2ys0dckr0']
1;11dddfd3ba8a01819900b60487fcb84fab11c390aae18dd7a00bb127b23ff8fd;['bc1pty80txpwg9veejk7kqzrkssa6fa68m3z77eyagqlywnvzxsmadusz66wg6']
1;fc6f87a22043cfe7512e2fbf6fb5d335e13aa622c0682d3bfc43512f497794d5;['bc1pa08gh32wfsrthjsj6d0mgce00rvrcwfvh4gqgytk7npjrhkmy7pqsh5wxm']
1;2996bae3cd775bc44aa8253109788f442cb5d912423a764e5e03c18b6ffbd292;['bc1pf8a70mnf2matucxu0xvjekre9wjkap6hsjrc2n2yauxwg7c5djgs833v4y']
1;bdb0c20c350f921d7e5ae5061ac46cad082d1dc7afb4db5557617d6f6f09bd27;['bc1pfyzpencuvf8saqpch9ppnnk9jw2s6322uhkf8yvp45kgvkms59jsga0j4y']
1;ec43835013eac3bac1dfdbf831297adf8af7afff141ab10a8103a47fa3c6926a;['bc1pnjda35myj7s745dyl5mnlkvja00ejrt8ts7tw23v98f5zr7wgf7q78n7s4']
1;a148816a99c16e31e89b85d6eaf22a28409a219cbe4a99b5baa3ecafc262f708;['bc1pv8zf20xpfcu0h2w2xdj87q56ga32jm5ezw7asunu9pxxx6c2ygxqlszf5h']
1;3e83b808f43ba28c296b672a10263d5e4de3c672c0e0f8bda84f17faa7e9735f;['bc1p4x97s05fdh9f5dmfw4nfxuzhdseenr89w3chnqnlpuy0579pmwmq4jjf42']
1;3e83b808f43ba28c296b672a10263d5e4de3c672c0e0f8bda84f17faa7e9735f;['bc1pgh7wk9sa0ffe7pd372aejtjft0j39klwcygxx823f9eayrem8gksldvmkx']
1;f867c06f4dab652a55f3b5c1481c7a41391d2b45ac16da5b72f0a03feeded120;['bc1pptd6w2673hy6ufqfv3p0mdreq7asksqdwe7tl426s0w46e9684estp8lyr']
1;89d83245ef26b968954118e5f517fa5ee6ef9895dc54eb60863f1b43f5f1183b;['bc1pgg03n06cra95vtpw8hl7snyyr0xzqurr9hlfqc8ueyc4nnrhftnssymyv7']
1;a0df5c703fdb9ef21c3cf3599c5931d1ce00d02d9dccd9bcfa80c76c03601c27;['bc1p262lp3s69pps608cnp2gtucffkgulnwwunak3t8dxf49jstn97hqcxdyg4']
1;43659dcc73ab6722f0e7e8da02101c9d4b3422c692d0f9f84a6260302fd0161d;['bc1p23mrpwwnzrqkjs56aakvmrwkhfy5ha53v4pm90kjxw0mmdaqyk7q6s9ylz']
1;856d8dff120bb1e248d1ab2bcfd4445404237daddefb139d40c02843e49e5697;['bc1pgyhm25z4g9f9zxnxr6wmmqzrz4jq7y967p5men2vs4858su7g0squqwyc5']
1;bc6175f5d46340336c1aec5cfc2b1c9dc5610d93c566e9493a201eda1d8e971e;['bc1pg058e295clgrw9zn7q32zpuq049lfx6f0dnxhcpl5u4sun996edqxqusrm']
1;eea44902accc9bf9c98beec703383e4027be2bb5e7e3f845ebc8a0ece1cf509b;['bc1p70exm4hrdye89vsd4eexd56fsrpnlrjkptu7wqpa26crqjrr67qqnxsh0t']
1;312c45326a82006a7fd315327e6930528a55fab47f89ec1c9e7272a19965693a;['bc1ppez4c0vqz3r9k7jc4rldfpt63u3uttggvrcvnlmksv90vfxd0v9sghfsxs']
1;9fda9cf23754c4f6f34385e47feff0d4aa757afdf91fc04912189d1fbd2c482e;['bc1py0y8uysc8nf6rnw787e04w3l4ngds9axc5nswfyevck5tzhqhe0qje9wuu']
1;f3346f6c131e143f4f0404c200da14df7caf0617ed00140ec07f557d44582a29;['bc1pgutx527gutk8mlg9a32h2j6davreumrh6ty8k7u5276runypujxsctezyz']
1;f69f45f8184e392174d95a3211589a5aea744a596d2d1270d0a4adc1f5945557;['bc1pu9yq20xhw63lq0s7fg22eqh837p9putgacdr69syytakshwv9jgscfq7k0']
1;40cf54675481936f4904f95f2d3cd782f388f361674bbb0ac820c53ad08beeb5;['bc1pqmwx4ur2zt30nynadfa79ntkepy3kntl9cx56j5vaeedfz8afuds5vswx8']
1;1b0d454464bf41776e72b64c587d412846f249aa46a4cf81cd5a3040843118a1;['bc1pvf9rpupl4ha49kx8xljqkdvr5hafqq2g2vm79phwkxqu8rtsad3seweah8']
1;5c11b5bb31d56b0093ff8cd0008ec407da2df771f2fcb5d2fc5d0d04d3188a9f;['bc1pcmn3m07fp54yg3f7362l32rc4a83clulqq5xdaspvladd6gr6rxqq73qxm']
1;3075876fb74664cdd773cf9b7046b86f741218501b7c38aafbd1992f7adc17c8;['bc1p65yz77ur59e047fp24eslkr7rasqedtjy3mppplwrxwc6hymdj4s0zg2ur']
1;1c7aa42c418c7b0caf49f2101099400bce5f73f790fbbd1c5902a2eea8aa3b58;['bc1pn2dayjvtw4pvc48kq7y8k0qeas55xy64xh7qn4wmyrggjvprgqvsccl2xy']
1;87cf1275ece5b683d0760ed47c2eca7c96694ca13dd709c4a7e85a83f09fda18;['bc1p5wjrc3639gkk2k555tusjrkjjdqqpu4ksg3qyyammlw77cu7m3hsg6vwq7']
1;93e0795297efbd98c4647c4c532f507e3654186bf573f15cc3157a14789274c9;['bc1ptdx3tnwydrpzys0dnpxaw3xtfjc0a2fap2vnqk762hwn43fme55snj09hw']
1;db0a80eab54cad9b6de95ca031afb8a82e5eb574dffded48727708c158c63f21;['bc1pqxp80wpk4c0ul3sg58lv5f7j37hkdv96eyf36sqj7fkuju6emwnswxl4mx']
1;739d7c9118b6e64f883745c6284f89cf2af352d2c0d85756b3056a9c48b19c84;['bc1qm34lsc65zpw79lxes69zkqmk6ee3ewf0j77s3h']
1;56a43de0434c1c1bf7d0a5a57b722ae25dc90d84bdae3cf6036da41cc28acbd3;['bc1ppxe5zk8h8nqm40h68st00qjl6cq5nmk0t97krz8zyuwl9mnu6nas53ek9l']
1;686fa77322c84d7af3cb24873c4a0b909fc66952941709a27cbd7372fb8167c4;['bc1p0slwxa3zrj8n48fpqffpxy68x3mr0znw7ny63znw8zmda0phay3q62fz2c']
1;c5b31490a5c6c04fb4b8eb1f007dde9391dfb389e2d7a7a0ca25a84ef268366c;['bc1pfv7qqxpvzg7dhzm9f90489fervthnr6h0zg26enecu6q525dylks757q2p']
1;d2dc9046a91ddfe21050d4615e463da36b6a5c37fa113393759a0f13d61009fe;['bc1p6n87sl0pflk7nfwgmcqyjusr5nkptdvqgpw6wpxjgvmwjvcr6u3stwgzh8']
1;0227f975093e7b8fae7bd95185e9ad3559f13874f591aabedb2ccf4291ae1ce9;['bc1p4tcp8yrasuazfwsmqzcjtgr7pglasa5q0qgdnm4ftqv8z3p298yqs6357g']
1;d9401a271adff4211438ec0dd12ef6f82c263f38fdc21749db9fb22a5375149f;['bc1pcqmx4n4ahwfqyhfk9gut92z5upvej9rf4ang4dmjwauruf539kmq4g7png']
1;19392c303dd827b40bec5f50b6c87d376ced22877b738c360cab8fe4068f782f;['bc1pdk05865t94rnhqwc8nmfwunzepjxrz6zadehqun2e3zmw7hhs0fqd7c9eh']
1;2b289003bbdfaf8c0a6159ce0821b0b76c0592f104d36f5ec1ca8157b6f4dc57;['bc1p4402sfnq2nsfxw9l4yp7exscq67vjw2s34gux49547r06dr6fsjskdhfjl']
1;4dd18790cc06bd3acf949d0a76b0cfc3a7cce7f6ccf56384136f33ccbabf0683;['bc1psglvj40jy8ca0tuq20np45nekppr3ycxrlsa3t59w2axsrwty6hq2dy0q5']
1;a935b24729e26fe3ff7e0fd26781e0ac6675e37161a8350460360bcd6869cc7f;['bc1pqt7zdx6ux7plapy42re82lm2u43uahypu84scr34qy3mnz7sdy0quzup7j']
1;ccd2a53d8e5a7e44ca9ea62168de13a98bfcec86f3cdcfdd0700aad957f81208;['bc1pcwuq2dlxtvc4fkmkmdfcwy4uh97hhr0ylpr32v888h6rj07a72nq3220l9']
1;532ac670e19c9c4c6d314e682a295fa30cfc6d7a300633f34d61bea52704eaa7;['bc1paumnk6z6lg0lke0sg0fzjzehz809q4sa4h9nqvkd8e9kzu4zawtsmhrzyj']
1;0312c1ddec46a9727535b7d802777021ce5e15448a4d03f5a3d3b93c5e4ed202;['bc1pl5l7ewgk7quvnp9up8ped6ljzem6k56rzj35csrpj6eqg6sz0u2qheexzv']
1;45959693f21366298a26191b6d624efb0f6db9dc6b18fb9590ce9f5b63cd005f;['bc1pthx50wygdjnvg5qrpw3drln4q0mjvy49qsz0y4k66ulylaanjkvqm49rwd']
1;c19e3151885dec334083c63832a2c03a7b673050a8abeb5f07de545eb19b3543;['bc1p3f0gms3yhjr0e2txp660qrv0gtz42p9fudyq3tst7zl4tx4d34asfa3wcv']
1;5bd2f404dd33ae233b38f7c3d22a210eed7475305714688bbdcbc7a7b60e19eb;['bc1p9wjhg0ecq22htw93my3rsh924aqnr32tffj2c5hn3z06xklmy3pqzlyzyp']
