1;5b6d1092e6fed64e6ba0bc329306a47795a7aab8d1f9cedf5ad554abf42d2de4;['bc1p4y47uxw9q0ylqu3yyc0djh6dxsamamafvghelhyqglfadk6pkllskunf4u']
1;95172bf2b46c9659a34de493e978e69365617607f4179e108357d9f7d53ba3b3;['bc1p4ncschh3z76qlmpjrytxr8ch45s99fptsmgddg03ur7y35tpxudsv8ayk8']
1;15197285f834a209f2fad8f292492832ff6234b177e5b648497ac11448b56ccd;['bc1pwuma6nvnsrlk6v65ed694wqdydcn7uccz5883wqqf288jluu08rsnsuqxz']
1;ffd4f0f05e7a01d4bfa768a87428362f540939262592147db88a30489b2335f5;['bc1pstc84dwzeqjkhl7wcavjsaxz09hk8lzklmw66qa5hucljngusjrqfltk6z']
1;e616b8804ff38e85b9c169fd6d6ab3f8131d5ba9cd64dd0890d38016b55afc96;['bc1pvgh9fgjlmpapem9wally9llu63spe5l3qg7v892ze7lce53vrxkq95xgpt']
1;0ee847381dbbb0e3a83539d47f95b17f6e5d5a7a16f2e8ed7945b0b242027f17;['bc1p3fz3eag3s5x9c5jym6qq2aks3cmyhd5aa36x4a2unvh8hvrwfg6sxyzfpl']
1;b29492d8b90527bc13e9cc51e0dacf041041a00db9e63c76d6513ef78e26d4c9;['bc1pazvqclz60wzrwandcqmhc5kh48dkex78la9z9047qtr78p4msj7qjpvqza']
1;a99d83936cb0fe89f0069609d502df3437849774d495f4c67a62a1c828ad00fd;['bc1p5wcrva7lfm7dd92tl9du6fkydyn20t5t3wuv3wpccrpu830uelrq9rtu8d']
1;995b708bbed1cf2b6f9bb155cfabb383c70e89c438660737088dba52b208fe66;['bc1pyczwgm2py87598zymg4an2468k4xzrtsua9m6flg0xfw3v568lnqezexrz']
1;8f25ad7b7d041fa494171a90f8a565a754715272d876b62d723df550162d7bd3;['bc1pv4mptvc2eyt7x3u7scstdx7f2s3th55g99zv6ac7ds2vrn5z4jdq49kt3s']
1;2061a3df77d1354001d2f474858a4821c26d51cab8c9cdf15a912f2e629ae12c;['bc1pzexwzv8t3f3yzf87jtx23cmxlzm3nvqxaukzmxm3gfy28rjjjphqgcg06q']
1;71aa2b1353d19c04285b70459dba2ac4737df4b9ea6344877948f43b7d40a808;['bc1pj3tephg0gj3tarhwzj6n8mljafswcsdzp7gv7gazk7zzn6nxrv9s98mu48']
1;8b01ad98680a0b506c580d0f4a4f867c4f17293d9caa9784da488c7cb672c450;['bc1p3fv4z68cyqwd3pxdqr3jflz5gqyepyxlgg7j5848h96vsuaqr0eqzj05n6']
1;c1492c307ce34e35974efc37467b57f4530e9ca4249e06513dbc518ef16695dc;['bc1pjzu49qp9j7u3q8k0fv7fmuar2qlvqqja808655djlajsxyh5yh4qhlf6u5']
1;c578f946fb6d611238f49a3cf6b3b4bc3c8d472aefb4826ae05bef32efef27b4;['bc1puqdqe0fk2c7mc04egztpvgwg8fskk2cwnz0d8qxd0nwwgn0flh9s39h3ql']
1;8be4fcf988c65fb622a705a82391fb1030db89bab0e4ef0bc43ebe0de7072ff4;['bc1pv6lfw5c784px707qhuh0y5pxy678y684l6q6amu3my5nzsamh9jquhpr3r']
1;85298be77327ff608605dd5a324009c694eaf24caf7a596a3e542f6486096618;['bc1pfq0t8rtr3xx5uap6kysytrmy0yfdwae2d7k0yjw0tgm40sa4erjqt2vx4l']
1;1f309ca634af979b1550cfaa0ffaff6686e7f9f38c53fa6a3d57e707d65285b8;['bc1pvejsjxtvsjl6cyvv66alqx2qd28evfsslh3gsmqy45srxp8ddv9sh9vyd4']
1;2b6dbe9b4315e6e4a721eb2bcfd752a746791b4dfd6fdee6c76f9d6489fd5b29;['bc1pnutnnk9wageq7p23amz6f8exurlsgna8g2ejlfsxw6pjd2wrmctq84tnlz']
1;f5e333f88bb97554895e4b7e399980abf62798f55bffd31e19a45be2459a3970;['bc1phrvqayp6tj2zddlmvur65sg3n2tdtnl2kux79y2552fqmmdg3m8ss6a8jm']
1;cf4d53a18e3482741f4522496ee34fb3dbafac17e76dba4705aec8896b004b2c;['bc1pwp02n0zy98pr5c6ak5rhsawrmdgrlhxy2lvn97ese0qjnqxjwaws6azlfv']
1;3716fceb9c1220d29dec94e848f26f6d6654cd98902c203df93d624a15deeab3;['bc1qwtqk5nc573rn7zl66tww07lmtd0uwx4y26urt6']
1;d91b0479af0e1514103a3ce7f69ce12ceb9cdd1b0ff7927e4568643c81e4738e;['bc1prax0ngpuw6w826yrzzg9nuw8s799cfff0295pjss795349ctlp0qudkvqr']
1;34880bcb03cc427daa1d8ec328b84c47b2b013ef6c7c687c4583ddbd1dff9a5a;['bc1p67n5q8kmaxyh0mnh2wq53c6sae3rvdfqnvw984gt90eh7m2850tqukzler']
1;e447036c2cc45bcd79ca0eaa5def70352ceb13be63529da687b18862cae5fc34;['bc1pp88v77mryptgpfpsmu2klwpsxx5slcp2hfmf9zppavjntxcat5nqkwpkdq']
1;ea8504839f553aabb008639a4b05643cf1eabae2d7b570a3ee8708650f2a14e0;['bc1ppya95tgfsxljmlk89ldw290jcwdp5k6czrrp7xakgrnk520xp7us0gcje2']
1;d1260cce567d7d7a685ee088c50a7fbe77057403ebc714e4d6f64a00e4ead923;['bc1ppe38pf8zkyljpw9rq3a6ml2zdfy9hpjpda5rz06hddyjy96hfersv2cq3c']
1;ae5ff1e4e037179b95f876ae87fadfc93a5718dcf8fbe9cde25e77ec8f101649;['bc1pdu6qnu3929gs9k340nl2tkhsfu7eec7a4znt0fke8hj4s64kx4ps8umws7']
1;009fb897e30fb162057856c7040e39f4fa6c8a922a9b4cb36cbfa2b1c30f7323;['bc1pw3hgrdqags3y703fjueqz3wpywal26fajhtv9hedgp67yh6h7l3surp2lq']
1;b4eb7be25ed3205f71ade44cb5a7b71f1610b5fd72b0a761b19a6fb1441b091d;['bc1pjql0c5vmg6wvdy7s7jv0c7whpm6c4u7fe0ggpeflh2sgdsq673lqq7g9hw']
1;8e824e0abc05275f0f16e49dce5a6b1a9d35d5b638e8d4fc6b0dbc56a1c941f5;['bc1psnslegymu2alqhth4jt7006ey990838l9py9vt77x8hjsaue59gq8nllqq']
1;d2bb1e7f763e703a88ede4499dcea864bd279a98107050dfd5363d463086fa3c;['bc1p3x2ucm72yytnzdmhawk4t2mnuc4xkp6zc9eke84sr96n0tcnh2xsyw83hu']
1;7c1198551c8ceb0601f5f38ada84b91134ca592ae8c381c777fb2e244ad7ab22;['bc1p9gj6tmhttx36qcv0t28ku2kmnpz4p22sxet7fgp83qq4fp82s6us66ylfh']
1;f821a792d707528b60037daf5fe7574428f8e67a6213849843cbb8f877825481;['bc1ps7rtnhyq94g4arkk9l2jgm47x5mqasyk5dwhqtvtwzyh2u2spl2qxarl99']
1;e4659bbe244f303d01e5c1717f673bee6c2d3d545bb0a2bdcf0b3e64f88d7db0;['bc1preknkxt0erusj05zkk64lsajggkwt5wzmtawk24ufcpqp6l2djwsj9wupj']
1;df26f51c2b6e05cf04e812899bf64d7f003d6aa3626377dd5545503ff777fc34;['bc1pwfah3evs0ekfe4qrzqynqsvvxsmxx4pezuat2p5md4a9htlnj55q570uhv']
1;94a69dab8e24c8cd4be24a676ddbd83991c8452d09aac5c896531b2925dcde29;['bc1py9s2fdl4tafkx0t9wz2pfp0c4ndwgtjhzphuukkerh00kwr4qc5q5pgr47']
1;41fc2308240103b7c9b7310b49221ddd2856b0fdc34d665338ba90c0d0fe0ebd;['bc1prdsycj29yjfsfgqwqd3k8jrrk0qellezgtppnmfluejgfy0j297qcatf39']
1;4d5cbecc80a3115fc2bbbd55e132bb0f146eb8f6d297390047eb6237f5f6b706;['bc1pga35eqdztl2jgaln2q6jsejl293gq70hxzys2ujunwpl70khrq8qmdax4s']
1;781df9c4340f73f6f4c89a37e538b42ada67eb61ff7fccb95c20271686e25c2b;['bc1p5ww3zs0wnk87p02lzxnruf4s94ty5x6dxlzqqg4jja234kzjh9tsz4v2c5']
1;696511864d499ec57ab50dcfb014d8cb4d4a86579d394cc90db43d7acd1cc847;['bc1pauufyz08s7398s9y0vgun9nk8nwxgqyrvdfqku8jru9mueaaav6s73q08e']
1;b58cca6fba007b719c12482e3287a3d0d22d22383dbe0e029c53df79c6c7fba7;['bc1ptey3q9fngk6707nmwm9krvckm4c56mk32cd59m2dq22c8qgcf7esk05f4d']
1;ddfcec43c121f81087c812f1e8fec1c7847d8fe2d319ec7d10c3fbf8fae65d05;['bc1pl2k6xsyx794ec3mlap83vmvjckwed42ejg4taqhaql6vpuulx2kq7cercx']
1;1c9230bb7e461c1aa5b848c5c994ed3dbd3c9bfabf61f5f6d23c5702af7440b5;['bc1pj5atcshua4sk78py4jlf6f56lhmgymkzec4tqfucunw9x40uznkq5j69qm']
1;1e6e7e17c6c455fbe3e0f153f28a1e4483ce148aa0ccb676b956cdb982b1f127;['bc1puc6cwdr5hag786hlyv28mr68356mz9vp3wtdcncxam6uldv3ex9sh5tt9w']
1;28ea71681b6ecbd90dc3fc45f0cc0eedd57480de8a9f211f47ff5ab3b06523e2;['bc1pmq7q3x28f5vcknk208exe2gh0c3llfyj6p3qn0pwjtfgejkk2ujs78v60t']
1;04ec33601b01670089ba0eec4c0c3b2197521df1311c788769d7e31b5e55d3eb;['bc1pd3dkrgsp42l8d9w5050vmata4sshzlx456umrfxmm853ltz68yrsq2jx8u']
1;9c92c3704a8b361d2552aea14ab1ea07ccf4e737131b341d4e3e699eb1c5b609;['bc1ptjuhx96pc94ytlawuftgyv52wc2uwkhjm4gzlpq36nrd2jttftdsrkumle']
1;070e0c17752a49b567ad2157f7f0f1aa2b39fbafb88ccebae51fa52feea2d172;['bc1p73nkcuqcmev84nrdrsuf03lamq85j4hpunlds6ex2vay4egzfn9sk4hfn2']
1;4cb285893aa50ead3c3b00575ad5ca0b404a39fc13be71b397616785d4afdf8f;['bc1pwj7dfngdm84yl584wng38845vnqcsdt0g2n20l2hvhxmwcwc2qysvcsxvl']
1;9687d81fd6a900e2696346979980caf14cbb616309a5cbf36b48cc3ec35a323f;['bc1pys25kfezhm7gspyfyu43um7zg6cn75tkcghfyfrf0w4kddq8mnpsyy285f']
1;aa54d73565f69bf54f8b002037505494739a1ab07b699f455008e39310706718;['bc1psj8js6surkfh46g7qhnl7dyp8lknspxre5uhz6a3tph8pqvwk8ss4rrtz8']
1;7a953e22c90e87447a322f4e1e3b3b80a70c5ba84c318960009b01d49a53b98c;['bc1ps2j6k8cpkqmhphg7xgws4lxn67j7h97dnn2vcnqm2ut82wf67mgs267h7t']
1;a170fc5023c853e994b347d6597a80a43061c360af133e349a2ed180ec5a5225;['bc1p0cqd57pte9dveq8pp9tf70xhdkcqn5s3xqqfyug0y85z0dw8n77q3zpklm']
1;af28e994e7e9594b38112bea517eacaa65a02395f9e404bf7c9e37e6cabaffbb;['bc1pd9swq49qkh64kjljde44da67sha2skv0l0m89agr3k246nlwcxqqsyn6yr']
1;ceeb98de91330b9c2166aefa2d5a071ea720e483897a9a04102d02d8c036667e;['bc1p9pa2fq2zzvgwtrh6zg3rrznxhxytzzgltmxv28us6z9ymmj7c9tqea8y56']
1;d5b64e36cdc2411ba0aac281e3e4c57f0ce2c958203969bb990c98e98e02faff;['bc1p0c6nn0zh7k9d22f3w9d8sx8gnwp0n9ay9p6zafzjp3z5y6479klsrph4ck']
1;1d6e763ca417ceb539c606c4b310f14da5220d6feb41ed6f7dab27662536fa5d;['bc1psfswmhgfq799mn295czqveqkth2e4rlhpqazw7fkv9nalnpz85gs0r6w5z']
1;482ea24023f66a73bd467207ef1857649cec297b6150fd2f5c9cabad28ae5752;['bc1pj3pczpqlftaeefpcvc0dp54u9qa4quyfvjeyxad6x2lxmws3us7spcx6n8']
1;4c1f5222bd9ad75a0ad94e8cf9c65510b7020bd3839c7d595a8780bc2e48fd43;['bc1p9cg2lz7fpwhh8tcwm7jretusqf7428lp6prklfups0stuzeg9rqqklwcp9']
1;5b54ff96996acd3baa60838ae4c460f9a4bf15c24e5130f43c073239b343b5ac;['bc1pmrpchsj05tualpzp6pc8r7qrxundh2u59q6e5kkdem2mrulxyd3q79ss5n']
1;3716fceb9c1220d29dec94e848f26f6d6654cd98902c203df93d624a15deeab3;['bc1pscy927ls07lz8rgkqk999kfy5q5s657qmg4lhjnnjv6vgplz3peq0enqcx']
1;7156e6787ee5f5c24653ab9d94e412790b4ae12b14194bee37e9fa11d28ae8f1;['bc1pwaay5fyrcfcmd2d7gps8l6pcguwxuqm4hepa2k6s9l78w5hyka3qpzf49r']
1;1d2c1cbbe01ad1626547937347c50110b1ce650663d0b9ecc179e842325a95a4;['bc1p8nfys5yrqdpu9t249z2r5esxpk8clgmr767lh0s6n9663a5yspkqupncly']
1;a77ba3cb46b38957fd361bbbec6d4862c045576bb9131ad4a432753fef506d0a;['bc1pdh3t6de05ngpjk4wuqvyn4mhh06r0f43zefge77tvsg2gcexgxtsark6gm']
1;819d7bf88deab2b72a29e4cc3d0103e58675377f261e339724a7aac9ceaf36d4;['bc1pncpnk76nd234eydrtyec3gz0wfj88wxd8kcpuz3r8qham25uzags624f8s']
1;d45d589f3def526c5582771bf53f8b8c355af8597944fc38bdca7a0ecc4eae9b;['bc1pxw9wx0yz063txq4az0367q7mhjy3umtuyndrq4rxe48cfgrrrsfs4jqqwt']
1;150617306f0979d48134465742ce9d9b420b2ecab61f288a2c0de3526f701b95;['bc1pcg2c7jagufycnengv5ut209xg2e9em0ec99efpl0kskaecq5k7fqh7fzvr']
1;10508bcd573b750ce022d77dd06d112af0c3d29aea045bd014186e7bf569bc47;['bc1pwmhxklydc3a5szfv44r5ax0jsc4xc2p9rrhgurzec8rxytmwr9vqmxeedm']
1;f594a828554069fe7561549994e1a1f99422072b9967cca6426782f7cd11bedf;['bc1p2x6w6h053e0yzgxvuhhgpu5re4xd0w8e3vxqlvdpy9mys3g005hqhmup6w']
1;100e9476a1157fb319cd53c356db34aa8d0f686fc411f2600eac46cdf88b8893;['bc1pp0qs0x044e8xxusmp6x7ztw5ukf8ucq2q9z22kd6e5jaskr22ajqgp9xrn']
1;5a02aee509fd00999514a09dba6b800c3d3309ac1305d89e9af5dcdbfdd8fd61;['bc1pg4era6knvtldkz3n8gf8drztn9jpmr680vue5smny82ajezrkx7qqg27q5']
1;d6b68423cde14d4c10f96dc5f46edfd0d61fde1b8bf3afa9f82a992bbb063735;['bc1pluymhpsppajc3sgcqessw5zta3jeywwcmdectrnlcdcwnmtpdzqs0cd9y5']
1;54c2732ef449710bfb7be59133e6e60d19b1973b2436849fc89ca69881a8f2fe;['bc1pxk9tart0ka2xn7qpjmjvr307kply2ltxul9m52xzpylu84j65ffs4ad39g']
1;2764680103fc862c7414bc8d280bba072db205b6111ad3d1c5b228a75de26248;['bc1pzzxlukp0c28wq29n23djrdptu5633dd4egajfg6348jkndp3fnvs3vkqxn']
1;ff34f28a8cd4f4d528650db2c4d49816be2d373c5a6af3b4aa6155a74547d1e8;['bc1p7vqns9qfgkt7gzm65ykrd50l39nkf8hdv7y2v07clw608uxsrs2s0hzlqv']
1;3abcbf84dbf9af8a59ec187c91ac8b8c28d624c1f8830f17ed149abb983fb555;['bc1p36hektcnudp2nteflxutaf5cw0vek8upzn92dmfvf7q83lyjptks6l7wmt']
1;c7a496924c2756fedc6656cf75ab9edf9555b37f6f0ef9d8c367af409e16cd57;['bc1p93mhhceqdmzafjz8qcpwjrww6vvu9tn6f5yd04zzx3l2k4q5f49qmug3en']
1;d5edb3ae135216b1d9f91d4e9b461c9eba49404dbad3c95379095284dbf64f9b;['bc1pyxr7h29d939p7knz52djr03u86ajnvdcqrhv78f6qkvx779dq6csluk5zl']
1;abd4c5f9a44bc0124443eea46cd6153ac0bdda05277cc01110c0bc7202b1640a;['bc1ptsj6f5l9tymjmr85kudxp78nw0qneshkeumqu3huxsguahentrtqeqy2pp']
1;03803880bcf0d121e59eeb53235761353b20c0014f180e82efdde6cca10ba25c;['bc1p8anytw8c4zutct8crzz8xx55cz98gdczqf025mucrmwsrfpmgk0qd999gm']
1;4f95301f605030f40da090312095887ceec640993bed58af136370b840c3ec5f;['bc1pmzhtts6l7wkva2zv3fzxgat2ade4ynvqcsgp5hgwtt4wws6fnhrs30l7sa']
1;2987d5592aa714acea79d275243a904b90860f5a6e049b6aff1a9bd3c348c8f3;['bc1pyfm03qaytt2t8777069ppfaqf50grt69ktnsn0vnym9fgatdqj8qelzwhz']
1;b723dfbdd3d0e6dafd59e66c5bd47b79084d7672b90d9ce4214cdf4b3fa73bfe;['bc1pyqntytrn4n6ac99wkl46xv7zakdc9t7s25ceg5hvtmuxpjhx262q3yd3r5']
1;a13e9f2bbe1d3d980e5ca0414d37cccbf80b800ab05088b038390c7d7bef7fd5;['bc1p9ku8fc2ppyu0fs3d3vlgjgstfjklkhdyrxkdrkvd5mtex4h6drnq2lkmah']
1;39fed03b1616fb0cb7608f51346624d51e111967a8670e25e64e0e61dfdd0a30;['bc1p5wrkppmfnzst5wyy27hhexnc9hu4hvhvg4nwejeywgmzwdux608s7frmu6']
1;7a1e171004c7a45b0e336d16cd132dcc1eb5ff4a55096a261096ebad3d3970c1;['bc1puesurflqr3l692slktklarqzqztgwn8pk79d9w4p2z7fn6n9gzxq6h052t']
1;2a2ed3633bc9078fbe60c4576a723235531f144b053f4dab648cf7b73f534944;['bc1pzfn7sh4gtvqpmkuygc3pjwlxpmdde2w84d7lnhkv4tc4yg3zxnpqm7fht3']
1;fc7be1f37d1e6b314d34e21fbaa32e860b4fb20291dd0d9547e70cfe47fa1656;['bc1pe5wv48qa3y7j6dc90pzjymp7cnjfg8q3aq6ynpnc2e2rf9gy2cesdgcv2a']
1;f89745af031f4dffc92e33daccce997696b5f6a665b95b3a45959d23226c33e8;['bc1pwawds0qj24nzqs4xt9hmjzv88rt0n7ukfzj4lupy29lc76993cjs63az3k']
1;d1958e573e5607568473ba1fc3fd9f4d5bca90e2d012655114eb458d7b333307;['bc1pyqavcf9kqwfgcujshtqwqcly7v8aqpe7we9hh99rsy36yhv7xutq5uyvu6']
1;a2dc67528ba8aac1b1b5ad6930ddea9442b3e97dd1b7363f0a3f30ad397f1a0d;['bc1p4e4nwlwvzxtnl7kn3pf7fwxn0q8cvf27kynfuq6upmktvgjt57cq2rs2xf']
1;29b04b64375f281a75209fc0e701174f6791457a5b2fb7f4f702e9161f655a3e;['bc1pz5cewv5lx6f2s4y6q4vm09awj2m3gffxzm8eq4zpsg2skekmygesrkhztw']
1;a6e59828f406cbdb82415d601fead1188a8c3c62f6d858ef6fda4dcae547f9f5;['bc1ppumw95235g3amgpdyyckx8jwpkg34upjdvku5676n39d2q977yvqxfqg5t']
1;5e77740ac5afe526e40e8a94160128dbe6a9c3db3e1681498fc1ca83ae2fb815;['bc1pyy2yq2lctluqvt9ca73thyr0uqmgsnrg0yagvv8jnpyytcwfst9qht4zs4']
1;ad57dfee92140bb5e764656089d802fe61cd073bdbca2b358845134802f0692a;['bc1p232a8u2w2qrcrdzsfx4urdt0nukecz5peusuhrq9wfl6ev6qkwas9yv7mn']
1;53053ab177d76a22f40c053d4564034a0cc769ad0afb90a30aedd6cee5b87b3d;['bc1psla4hg6rg6aj9gc7q5696h2uw2y9she6tydsc2604nn5c9jywuxshpxf5p']
1;6cb2eecabf84243a95cc6eb49995a3ba3b2cd9d8562c5ea360a2c9bfd36a7f44;['bc1puq4gwdk6knn2egxn2sqmw2p7dedhfz6ejcarq2cafg4j2svrswlsn8q5v8']
1;4127e07f010db35ecd8cfbf15028777352e3de80dcd9b9f7bf2c9d74c616aae7;['bc1phez4cttdkg4q2rxhl976d5ckxx2fv4ytygu64uqjwy2jgs6c54xs399x75']
1;ab8b9925cf4d8f5d93ec7e50875179dbea23abd9d969582feeef19780332d2b0;['bc1pkun9use2ltkhnye4m6r7y9wc7veg85argnd9ddut8mcxaq543drqmlp9cu']
1;55acaf3f72535478b0faa9b07a20cf2d8624dd78078657236d927900a9de7534;['bc1ppmg8q2qvuuaase7dpx26j6an8x9qearzmdwmhsq94yjxt99ujxwslp3rtv']
1;bb870bb340473758652f26d5516e1cd834552088d1f2e5c58d8e7b86ca543174;['bc1p53sxu57fnr50ae3z93ftwap4nhp3e6d7gsx52fjzh2q5czjqwyyq6wtde2']
1;011afd6b849ae75b157fdbc841936b3be57e4225ac4a67f423fddbc1b877277c;['bc1pngl3e4ku4m3ftg6cxg47lpz89g7svavv8h92lrcxswfc6zsmmnqq9cx86m']
1;83d335666804baea3a73901a594bb90d3103e5dfd13ae08970ee5622f2b7a6c7;['bc1pxz7x2dr4z840g5nw44k2xheuzrmgmg2l8vfcgpg8el2awh9zxkks9pler5']
1;29988e579ea821c36741d445e6aad7dc6ce47bd822f04b084437e984637dc437;['bc1pq7k5jkxhg2hdwllecrwaqnydfcsppyq4tk0hcuqjd6z6r4eq7nqqyurfh3']
1;a7891fa95bc2504352686ad98c64b32dfd2d839e9b038ebcb590cdb02c0fdb81;['bc1pf3fgwzf4jy6emfy86algjkl7w7664gfkx0gf3p3dqsthg8qdjkxq9gktn2']
1;1b57a320ab31d3b94303f3e40087ef35a69f2a192cce62ea7f70693f2275bcec;['bc1pmqpcut9ga5hkhnwahc4s6utfprnp098htfr743t2j9f28qdp30eq7j0ljk']
1;d25736ab34c886cf44a4b59dd6513e2e69f5e856881a916cb618f5248c9d0820;['bc1pqhr054z3lqzcq2wdf49tvxwzva6zpatl722eqn4ruhmd3q8lr6fsyjs547']
1;606a2a9fd7045300205d70d407eef69c686e9e0a36e702af14e5a1de99fddcbb;['bc1pyffmcnxmm7nqz83z52tktmshhdqtmkul2yyau7kjfhrrf8yghvyslxknnu']
1;22e0c115e3ebaf167f195a9510875b838ec8f0852659fdda9e19cf8f1a0f6fef;['bc1pz7y85z3sz9zsv8xcwmmkvc4gmvd5rdmxzwxy8k6wnqrzrhf7xxcsxjztkc']
1;397f67e67275595502e2dbe3c22296be92df8480e1fab84c6321bc6023628030;['bc1pe2txgq0gsq9yylx8xxlvm50zt3uva4el7tqsry57jr4n050pparqmhrsa6']
1;1ca7c7e332cf90356e0eb52893c3f87ea9bdb977c959809fc5540fc3d004b6f9;['bc1p47hrvw394sdrfqf052ur7vps8nyhexw3t2y09pq7u55tjrp0lhhqvcjq9u']
1;964741a68a41d566e3377b307293ce0725eb4f8f8a7bbe4b2e9c381c6d97d97e;['bc1pr4fv4kdtp5cyytpng4kuzd7xd2sj95tpt4h7r0x4str59pedjg0sz3c52k']
1;564b5fcaac83cc3f14b4ad94971b35ca66a2ed6ce4283b2603b001613cfd5be2;['bc1pwzee6taxvpd4k63yyp3csx9a397nk0lsf9wwcpmwgvp3rus68lmsgmln7y']
1;656aeef94fa0f9942dda7480ec530651cc06b03a9a888fad7f26fbc635fc2ed5;['bc1ps0kx8sd0n466ev7mj204et6rlkk8y9z4jzx0ddz57y2j4szw3vxqr2dkvk']
1;adba515b2c6ee9320dc7a49e759d86b1d7f2c1216bce13f120f09508e4dbf18e;['bc1p4ey8pl30sc7fdx0srq3nyvzumfnjk6jsqegg0xpqppfuz6v7g7csn4lr8w']
1;835b4babeb5616547f1c655d776bb8149e6d5d7b3095fd9a7f8cf2793189c7ea;['bc1pay8ac2nr9h43qgpja0zslh9yl05grtgkfp2nthje4qy87ux09w9sfapdsg']
1;845c0c55e36ae2cd5d5821d47fc64af98bcf1ce850d8e5ab838f57cb482c5a64;['bc1pztnt6sptfkx20tu7mh038fcr24zzrp57as2s4vu9pe98hejfmtqqvt5hc8']
1;c529362ce1b469318a5225a075932c423bc64d875454769215fe7cabba65a6de;['bc1psg7dkkg7cntx6a4efmrqttrvjt9y4fa9atddlh92uy53qx9hmxcsg7s2lv']
1;c94e0b81a25187c3b85759aa79bbdcc81fae500d53a2b5af1ed07e32ec1e2b06;['bc1pely7qt6f0e4gxl2r98s2e6wm2qxfk4k8v9x323cdnhp36tas9jcspwpne6']
1;4c33a054b69024ac3706db78801c523cad7b07d3ff98aac7ac61e8d5ec26b714;['bc1pdyjcseq7dpsdkq7w2hrmt4jwerhguxus733xfrjppm94qwjf037q22tv7u']
1;7ba9a73ec726a6de684dd0dc2c27fdcb23f6bcec68a2b88121182c787cddd712;['bc1ptte8rvt9rqm46als326gfgf0884n6cekwzuwyqfuahgwvpqrds9s40s6km']
1;7938327882f30f0cd8074b56b7df4296be1e9bd33835b16696b00f0caddf6e5c;['bc1p0rjn4gegk4z2pxd00gtjr582r02ugld5usl062frjd3r336fthvsr9gxjq']
1;377435df5213e5ef90f3bb19df5df8a1ed016086f0b184b0dcd7d75bb9218ed1;['bc1pm8p0cmkj6g3j6ufverm7a4chfcqp7q40xk5k084jz8vhmen7mkzsg5n8hm']
1;e7735eb4f7d156219ab74654a09505258894760a597d29442e245bf3ba52bd76;['bc1plkluhgzm6fg72c3kh8taeu2azvyhycmfx6w6zcsnfpg250fdqe8qsxls6x']
1;704ca16a4ecc7c5e10e4286bb0e045aceaa80c858cd4ff012cd7260460817a02;['bc1pu9tfklwy5mhu7gpyeta9fcdwmpg220d2jf2t808sar0fuwz2l7qs5a7lmx']
1;d6617d1c79be2c151cbb7e4aa2d0bef1baf83e784edae47d3742908922fd0dee;['bc1p6de070dkr7qeh5uc7ec6deyfx7xc0trvp9x3nj63e7tf8zkgu2qsh097fq']
1;37f1e59eb9b3faedd907ce80bfbad39c72afc7522500e3286fdb8c2aa06eb9a7;['bc1pmrqgvt48maujymxsl58eun5e0xmyvsjpfgs8w9y0y3cmfp92emsqvgmq3r']
1;ba29a772de81a05aef301e1f53ab1ac7d2023970d4e47993c8489b4d4c1e5399;['bc1ps08ym4awfhnz8ugp4pqg4kgswe8wsqc48q3e2dvzw4c3905ah05seh3gcy']
1;6edef4e3fedaa1b1a5800d1b043f8f49064f3876251c68cd1949eefe0e3cb0b2;['bc1pcyfdk44r9m39c6wpd72k6kjv7slrsg0rrtra0kq2qlj2nywcfcxsjnrxt6']
1;ce47e8757fe8e7a6f4f0f96bbf858950a8193d4c42d11aa2707097da04b82e4a;['bc1p5mk4h9h4vqu92n64j0h0efg9e7m0gqs7lawmgescjgdlm3gcm09q3kmqgp']
1;e860f90e3ff55de8dfd5fc220c0b0f6d138639e8409624121ce3d0eb48f0531c;['bc1peaydjy9srph3aeg07gnzzywx02cvps4nznjft7rlxq4frh08w0tsus82vh']
1;81b23b285a5adb30d9ff62b4215975d0ad3d3584a38edad5b3222f60b94cd37b;['bc1pcvkm838cru0rlqg0gjpp976av8lsvzyqj7wc9wvervnav5p8kjxqv66qgl']
1;63206907dc51a74f8ab361d5fab2cb471dfa4085cb38f729d14c485eea0354b2;['bc1p05yyacpgnlk534c5nu60vdmugcc2lqmgek7nsv9h8f7f6d939l4sm4tx9u']
1;14b5a9237f6fed18af95acb5cd551bed15d555ad6126137dd6cc6859374a97c1;['bc1pcurruveq5pv5pntcyjut8ww9hqxz9x20hwtrx4nne9jlzzpcszsqpsa9hp']
1;84d64f5fe18d6ac785007db638f09ce793db2c074015e9d53e5f749d58b97985;['bc1qm34lsc65zpw79lxes69zkqmk6ee3ewf0j77s3h']
1;895a39dad36d03f09fa0daa4adce073a0627d6567eae6d4a3a25b86c0f9ad4c5;['bc1pjkqhfk8k5aufh7y2vz6s7rf28zpkgw56h7chh0vhnwftpyyvmqlq7qm9v0']
1;072bc9b657910f1a2e1db3ce8cc87c63f7768c5a61e748628815ecfef9ca03f7;['bc1pd0azea02q7lpynr0clrywellh9j97dwf9dvklr94ul5yl2rn705sn0j43u']
1;ae4ec24d941220b781a4a1518b9d5b21c02d5077b7f9f3050d02f122e62bf9ea;['bc1prk76907dj2lplhfnptl3nc48086nh8fksumq4w2u327v89dkm5fsfw3j4k']
1;beb19a2a7875bc8029905091251d23f271ed8b6477ad01d3f040b8a10a59c2f3;['bc1pf90yrj37y2ytu4gszgx5zjxcscz4vvg32wcaulxc434vwfxn2znqpycrj8']
1;9b5edb2c3a3a8660848670e77f7b6bf65bc6065f7db14d9433ffd0e3229d6d95;['bc1pkky0c9v5vxztrmjz7rk2nu3f4jucl933wjszf0nnrm43rfwnpvnsh0l57l']
1;379420710a6b189c8243cc1168c4c6cb6dc02dfe2a682901bca120f1ec04a9cc;['bc1paph8yhj3vhtgjwp86umr99cdhj8xynvlakxxddyqtjhmslqhe0wq9utcmm']
1;46da7f6e651fed7b1212a2f2d664559c00e70cb99f329528b3b9c8154dbf78d2;['bc1pg7sxvzlmtcnkuhdsz4epksgyq8k7956k59e0zx8wymyaekynl7gqqppxqn']
1;b3c15536ea37d84ca7fee4386713173f75eb5c5e2f29441f15758dab28fbfeb0;['bc1p3ufzu4tq5wym0ck209xu8cqsvj47l0jmdptjsgl0cy8x9z4c328q6vvmhk']
1;4a1180f2ae8fdf91ac4b28c46cbd1d8f66e31e6a137fd7825a0111fbc4881836;['bc1p6d4hupa2yqf62lfgjge0xnll60hm23xfdes3taluy74nsaazphyqph7a85']
1;7ec7415ad672dff5e51c3b33d200ecef36ec710a784663fb5fd108098a366de4;['bc1pmkqksfnrcq6cghwyd8vp89g52s3cf8az2mkatez60k8jhw6cs7wqjdgnjv']
1;944e6d59402a94a3799c19d7bb5fd404ca1e9c799e17eea58163601b4de83606;['bc1pu0uwmq5v65w92cj43k86xd77jgtpk9k0nf0ef03rmg5hayn25a9s3zr47q']
1;a4f1a229796f748a74b7a6f2582b698089af8dd50fc46d0c121dc4fde67c4c0f;['bc1pur5z7trt32ew28e8323d2tcgzsec2y25uefr2zl8e6dktvms5hsq5wd63y']
1;15aa31468e217fea50a2dbcd83cb2d7cf85629182d665e4d8b6366d856ab3935;['bc1pm4fll90jz4awufy8jjd6zjxv380sl59ra7ns5y26gvmytf4sjmrqqd8ttv']
1;a639c1f37da083f1f5d68cd96d970d0a050f35b8c4e74fe32fed9e2723d17185;['bc1pdvzu6udae7ty0rccdm0853744fhqlvpp4mff7c3c024e3cfd9meqfxrhkz']
1;70c4b7685eb9da7aaf22dddce95606a5fcfbf58ac60e69f4311e76c1185d7161;['bc1p2chfwyg7rzeqygsge6p5s7hf0szufv9k3z4rtxsq9w2s4g3ql3lsc63s79']
1;e55d0fb61e1d0d9e8c2e0c357c10a0711afdca421f63f90700384cb7980f1153;['bc1pj3ry2dysguxua9y3qqpdxfn8pcxhnwdv95nqnjhazh7q5yjahhasldnrwc']
1;2ea80383db1fc9c2fab0d55bf4f16b60a630b666fba51795e3162bf37c5f414e;['bc1p2kym7mexudxesrkktt4p909ekvu6nwauw7s3geaew0zcrn4fyk6q30az9t']
1;947ed6a54de652b1a1a0d5f042101f4a1fb851d632963210d16b8a54c3388726;['bc1pv7s4m7a2zyxntmlnk3fkcpd3lvkvgzzt4d70y3rav40kgq0jpy0qc25emk']
1;03d527bc97447ced592b65587aeb9bfeaaca1e68176b6a0bf1f3113af56d957d;['bc1pgej9aztcs6as5lhmvxmgy8fjgak4vwdzwrualwketm990ady2gas2z3fdl']
1;f0a59e126175d91b7a8a96355834e1e6570e0287ff1581dcce4d30e6482c5dc4;['bc1p97yezndjemhmfa7gwsvjkajfrmu76pf6qlas0744q4pf74j4uwgsaqdgzh']
1;ecaddd302a2072050a2450a51fc15ddca5ef080ee3613494168a94f8df8e92ad;['bc1pw9pxd296eajkh2gnf75e54pt67n68gzxu0rj2fad28el4jl8ft0s4xkpqh']
1;0e4402059536803ff0070e8264419608d75e881e80502b1248cc79e31aef79d9;['bc1pnncd0aa6fqq98r5yflnkdhd842qfek0hvn5wwzjsupp7q5pautwsraftmf']
1;a66c58339e7fc29687c671e17a1ebb0874ca2619207a8cc16b04c2385dc5ee75;['bc1pgr0mwmumzx9a9g60458f0ysd85vy0zqzp40446z94w36ca8mefxsmu3wxt']
1;4112c85a8ba64e63793062d17744d9a071baeae6a51318af1bdff7647551172d;['bc1pn9pvx8uw3nk5sfcppsmnaehzyhmdrupzl3305clckdmlsgs2krpqhwxknl']
1;6786c7e114ed0568bf2215306b8f56773f8dd8e2b811e7be49cfa2d173908e50;['bc1py3f2yjrzxjgrhuwj7adeeuppq7pvew8kecja8ec2pwxqrl8ftfnq5prk6v']
1;88d34a525cdb0e149b76ef9e4a6e3716317751243f5a0d8c7ecb7befb14e1135;['bc1p2qetrsezmtnuhq6t2mgyg23yy8v8amcd452umw8lmpgzgynswksskkyhux']
1;524de6913123993a2c8d63ba29983a22f5206bd5229d2fc0a3d321c2b22b9deb;['bc1p842wtrsltvt58z4wq02j45484qps2y4g870c8jhwzmtv9j59elys9dx3g3']
1;a668937b1a97e4839fec3b699984955291ae06bc072dfead3c7bcf219ee893df;['bc1pacn8yrje5p28z93tlp49a8vjv5p29xgdjraxg2yqvu8mynj4870szn3esj']
1;f5bfb0eabb7679274f13cd25a65dd3022eff1c88adc1b1c843dbb6384664b17b;['bc1pn6wx2rct45v8n73h2yxkmndpu4j0qr5vjk0hgsxepl9ztwqa02uqlquf5s']
1;ea69f615fcba027926d65758ef211229107969ba83fa7fa7d311354045f568e4;['bc1pmn68q2xm357zv9jex427a2kevjdvnhntvmqp2ya502zfrq9jcsvsvxemwc']
1;7e9d1d03c37d90681ff74af72da94741ef575d8bb456332a423c3338b4755a1c;['bc1puv80n9slcnq5m836erhzxjp9sap9n5l29nkf8xpcsaqjnk6jjd3qvnz2pk']
1;a9730e881322843c4fe2cbc473a8a3b22380a0801362f9036d0d638e358c55c3;['bc1p6ytzx39mmfr9l5mygttu773g389hves6ar5hctpmuxn2lg6fzu2qkjkcut']
1;dc9b425fa03caec7edcbc0fcc2d337c2fa43c00c28fb68f121670a78cd23259d;['bc1pqu4gvpd95un0eek29lm47sfgvuet9xtvtk4s3mkzrhxaz85rw6ysmeux48']
1;2e8fb3d4da630308a45ced6da29992c314ff9d480526d9ce4380ccf1a7587240;['bc1pgd07lyeklhnzfh8dz6m3xhnqh38zxad05gf23qy2erz4m9zd32fq4475rr']
1;6201a03c5759359a7457e776207e164d29a80ead2453b48def847835250b0192;['bc1py7gkfmhupz4sea8wc6737seqj5nkpc3hrv0pgjvpzzn7neccrueqagxmng']
1;ffa58bf987863d23b5fdbb5746f53ae2e99c6177d9510d6c6d121f8e79d53dc8;['bc1pgwkxcq7wmlkqf0j9nwc2lrtxuk9jcuj4usxs6v4u77eweersny0sugps73']
1;d4249858dfad6471f05d6237d5b499803de10a8a97910c36c520e991459dfc0f;['bc1pl7sy77p5p9fm6llj03pqh72jwjdvfq2qauc7xq7vrh0a4kq9unkqlm8l3j']
1;b2949c713d5fe02a931f6853e647f73fedf6597a80f2929fd6e7e8dffb82e835;['bc1pkm05t9236sk6t03sxa2mljm96n4xtzh3qnhytx79ry0vlqye56qqa8l4xj']
1;bb8685c8ae29992eeeff91f9c4a582f1e28c271ba2a8e2864dcfbca4deb8553c;['bc1pqzmtk7f6m5umyegwvnndt5dxetk27gurc0ey4j860muryn8gkm6qts6wyu']
1;b4faf46fae375ebdb1e62152c9973472024e4dc4368838713a32cf9464e4c43d;['bc1pex8da9pzjkxyqzymvaytlgr6fw9ltup6dnlpczsa6ha08q0mkn5qjhc0yr']
1;bda812774b5c4b2d5a1c71aac3895ce2e73f60ecf2a18d778871676b5fdac75b;['bc1p32x990vx88pkhvl8u8tjn9dz2tlxnxdnvymlsnjr5tjqyw5ppwrss652yr']
1;0041bf4509c08815b432d0e7d934276c0efac0e7f5cefa713d735705a8477d1e;['bc1p05qsyx6kdfpqp2h4n396zpyhtk0fsl4zmpljjrnj6k56m3qv67msak2qq4']
1;fc9b7e0c0c65ec9a7535cb5b83a36554da6738953d6ece1d1561bc71cb8bdc9c;['bc1p9zhkzcr5mlnl4n7asth7lc4av00syegsfgw25a9chl63ulgu6arqg2ehx5']
1;0b445c891e0aa371af40d034a38ec251b0a5bb9bd93f690982ea1d3d247b46b7;['bc1paxt9fr5h7ynsyegrl4u7jvpnvr5qnpp5mka2ujf5390crn6ka8vql974q5']
1;497bae1bc92b811ff22cc297e177c98cfa514358d7fe5e2d5e4a38531e952d03;['bc1pg2ged5qyh2jduttxnmqf4fmtc60ru69ugq08wjngrxszjvf2z0ksat7n75']
1;a542c9f4b779e679280e39ca23e63df1f422a2182196a34989f8e65362d3f845;['bc1p728y2e3f2e7a76ut3fd3hn2xgegk9jvjqcfyw9zl99quq8ga28esc2sz6t']
1;948683b097db1355fdbff27fa6acb4278200bde9e16a44d5ec393919f6adc2bc;['bc1p6fq3pnj6c52sn6t00p0azmcxzfv0csmf5fz57pm7vqes52qpjsfs2dsnzy']
1;fe4717d5bea831d1cf91e9bfe46fe6e784d4a0c0c588181885c3f412cc353fd0;['bc1pj3ztprekmaquunw8yae5n5kxxp55ygmjpg4qz89a86p5zsw066jqqzzqh0']
1;4c315d12a148baf2e63615ea91c22ba8909e1b89fd3b78e424b75d455fe721ac;['bc1pzcvuj7udvdclrteq3qe4wjd9kaqk00yyhkutm8yqc9yamxx3tu2ssn07nc']
1;e2b71560e2158ed85fbf79d5eeea4ed69c9848ab46ed34d95e88a6811c604c35;['bc1p20pq6hflkpas8vj4zzny50kvvzmt2e9ltk04fqn42u9lzpf9tkkskm3mux']
1;6aafeef1d5d2befe96c80dddc778265c1844ced07f4241795d165dab7a398a78;['bc1p44nljrpfvyueq62w2wdstxg0q3ysazallffgw7tm98mldnw8aqesju6qqv']
1;5806e9dba3f3b53625015d813579640155cbd690a4f8bd53c0b49e17fecbfb98;['bc1p4h8659gl8vn44fvvlswcyx09cjhzflkhxel8mqpy92mxuajma65qv09hgv']
1;0cc82ff2113ed8d95e301b7f6eba69a3fae1cfc8fde3434bbb08811b42919c30;['bc1pvn2rzw50tfdp5ksysuahaxjgjsjwcag5vpc3tf2n9796azw6shdsypvsnn']
1;571f7fe64d7553a853a63373c0e21b2efda13fa5f943d8841d65b75f2a6567b0;['bc1pf9amhys69cu0d2zkht5pkmkw0l9v9z4zcnd4f6nc6zxtyyl8sxesr3xf6l']
1;4b7066163351a030694a11fe5e2085b49a7eae7241766b87c0f1374245b0b10d;['bc1ptt82hfqfmqpve9ptcvg9ehuw95m2una4wz808ns7smgwut39k7dsh5rgfx']
1;8de43f62bde51a01ac87420b5a8428b90de8142c72b5e848b38a237db9ae1839;['bc1plgj0zxm8zxskwlsg83rwt9vsuvetum7fj3uljlx4cu5curmjmvxqx644d4']
1;a3f59dec5c38499ef6d11c334b13cb62c57de5c35fdfa28fdb9d7ce13069670b;['bc1pfhr3u62ag95tlwnt9qdcpe5hnqrqtjtvjcafcrw9tjegq5dv5gcsaa9phu']
1;48649950e9784e1219462747c2047bc694acf45c81055c032e5604af78c0c534;['bc1p00z2vjtp7r2d65tp694yhsj0u6nwlwa258ghrdqda9ymcalvpevsachtrn']
1;c34eab1a0308e6df2a763c4fa9141a94cd2f6994cb0e8a54c66b33c80ae4a743;['bc1pu2twunse3guahvn5masyshku3t2fsxynke4f72m3m8hy864rlxdsdur0sw']
1;0483360913648be49470e695e5aeeb2a759572d0ca2a9298930c35ea9beb5fa7;['bc1pvn9ud7cjmflkhqzy85auusxhens5a0jkuc4q42v8tcx8gs5fzd6sh0df37']
1;2af2694037d6e10f094ee1f8f37df97a1cf9591f30b4cc65afcf6bf1344356be;['bc1ptt83r94e6lyvsxl2g79q336eyv6xqwsmyfmejlk6vl66vnjsepuqjx6r33']
1;c99c958998613710613400457c26a86931c377576f00425d8a94cb8087c85087;['bc1p4hrdd2zndq788hljqy9ww5j5dextdx3gmvjw4555ufhcv46vga8qsvqcd9']
1;b8c2ce0212826dea1cf85392d837915dfeb371951cfc18e0176029aec052856f;['bc1p5j6ukr4z2erp6rakjm3xjt2vg962xp0ysy3wjqsc0fftn0mem99quwv6yt']
1;8a9c625062abddfa82a3fda1d43f47ba80e6b338d4890c2a52504755156f0d98;['bc1pexra9wz5y9ks760zy5ju9dkv0zarnph8nutuxs6ha795mjlk0m8sst4es4']
1;e7d749190919f135fee455b37f367af96570103d5dc5dcb04ac3b883b050c83f;['bc1p3kf6436vmhzunqn56un2ggt35767c3q3x7v5wdujal0f6hvnzs6sd6lz9m']
1;8c238561159375ebf41776825d0789e037d0f53df8817cdb822906efc41edcaf;['bc1p6a6d9km3nsc75skt3nxp9wrtzzq6rufu72smwu8mmh7t3007wejq5kpu78']
1;df8d1289961d315625a1bee90e9916551dacd912d77d108d3a7f33b6012ec730;['bc1psuempdlt3eewsj5s3plxu6zpct2ugdglytegxd95ypyhmz47n67q4f6tuw']
1;a87d671bb3ab5ef04e8af48734d236f71002827da71e76a5244dd3bda3e5ef11;['bc1pv2yxxwsjtxh4vay7k9rnjfs0kx0xtv95krfsvccj28n302rdzzfq34yll0']
1;d5d5b1f57dd6e92a0aa7e42717c00efc79c6d762f09452e7f032a8fc08b6c028;['bc1p23acz32t62ukykt000wmt28s3t7dc2jzuamczcg2sc8kynwqp2aqkmukjv']
1;7e9d8338fe1130be13e63a7409705a6b33e4d984f8297deb4865823b45ab943c;['bc1pyg2u8anv2hpcj0gsdzwcpq9kueeqcjkqqf0ty9n9wxxsswr9uyyq9vs39g']
1;e9bf3a3c1720a2f163b013e487e04484693f8f23a7164e64cf79721715af840a;['bc1pd57h20r6padyprq6pjzevjff7z44pc5xv23uxl5zvjsaygx530vs76mspm']
1;5f9319ed587db85cc87e03067afe61271caa6507ed058d0a596af03bc418ecba;['bc1pkhp773xnstlts6r8ev4uetuhxtp3rkpdsd72ghpqfacjfcpyvlvq03c7na']
1;4c0eeae75f927ea64f8d50137069ea2668b92ab46e9fed9dd83c6e197c209e73;['bc1pu0umx90cqdr0lr0p0r73p758ur77hte8ddf7tuttxqzjmqwrgxsq3cwqvl']
1;7e1b9c99631da6946f48e4f3c1f3922221a7d4f58caac54eee63669df6f8d583;['bc1p4y26t4unk8nm5668aydnz6qr0s0muah9jftr3xjptrhalst0tp4qu6xatd']
1;74132a2527bb6cfa49b46e9d50c9dcaf6b49fb0e62fe79981937ebd755bb730e;['bc1pwxyghtw7kv9kxcudef5jutytlusj775pksrgjgsfegv26jx4472s2vvf5w']
1;112f55a8cce308bff406883cbeb59ec8cc261cbc2d648e31711c5801a1771e7e;['bc1prmwu7g2j20y09tzww2rdqm7fssjsexr68j67f7dqhv4cr63pfcesk27wvv']
1;79d72b020ea9043fb925169793229ff6a6502e688ae618b5ab4cb5e5950a56ce;['bc1pqet8g4ytdjq8hll0ueqlhq7yvegw4a4x6nj57r9w39c2vs8mccss77p0t7']
1;4fe7b268f53f5ec6cbb6409f1f11665290547e5bb78eb4019c66d4f1bcad306d;['bc1pwhwergxzc9vun4zd8ldsvn0vkjf2p79n6t0scd56u2h48kshxzyq7k7ny6']
1;9df26bf9017fa5abbf19b1b625b66d0fd073ef0ae1876efc409543cb67972a58;['bc1p7xdlmw7n2mn553zamczyvja48pqtrgfhl27azkcuwc999apvxursxqfusp']
1;820b2fd84820eb7625e0bbf41ce27c0edd8e608c5ad8c5356b58d5121b12d92d;['bc1pcdaz3cgaeqjvpgqpvht7h36nv8m2ee4ju87vfuq0xhzy734nl0hstwg24e']
1;b3466e14be0f84d15fe6601a8cea17b50cf0dd472f13a62dd06b96a30455701d;['bc1ptd9pwwa9zgt7l4w8k7jyn37pwev9cemv2usaut9r4jehyz3dsl3s7jpsre']
1;b9234a0d242e5f27f3c3b9f9836d22a4e04d151bc1bf7c7901a503b383d28cae;['bc1p6y4ake88s7u7dme4ygj5s26tj7x2z0jacwet9n09yh7n3vwsenxszvc3fv']
1;7945232e6ea25bcc1b0570971d81392970dde2a54990bfcd965e3a5ce3deb7f2;['bc1pza353x9hxatq0lfy3t3402uyngu95npwta6negpaumqvlc7a5anqqsevw7']
1;7ac18293bd30053685ba0f5b9c969ce9d6561c356657db319adbfdbb6e44d3fb;['bc1pdsql3xz7pnfqvya7gr5gmxqaz0xtlntgg8vs0dzhunzh5s8enpkqkfaude']
1;2d7e6a2f3d9ae27f70ec5c613bc2eefd24cab63fc0ed4fe4ef9e4c7c24fc7a49;['bc1puw0r865659sl2azvrxzy3mfjadjmn9sucdfxcpu268gngp2tcmesduju40']
1;1b43e8809939a981a4d1ab5f9f800b565ea513fa9bf46a7b728f017b21c48788;['bc1ppsdvqy0wckeegavjgau3qc5g5w3pqjkseantx6gk0vjs7z6yamhqxnz6zq']
1;cbf320f69c0260e1c0bc9fb081cdd7aaa8119fc8f15ca814599fa32179e79106;['bc1py4m8e20taf796n44tz40phut0zltgqpdwfg4pqkd9w4apkau8wzsy7nr68']
1;60b2d415c431497dd4cfcc97fe6568861d700ac4bac4b3da7cc80a7c66d8c32d;['bc1pjz5x96ren2a8jgjct2mpmakms58rvw2hqnu2h7rx0hy6za62365qw5ktxf']
1;477f8ec624d741219cc992c13ba09f7e2507f86370b47941c3ef985bf70a3253;['bc1pngdakxn5snak7zdnlhdaaj26rjttuv4yfdrrf5qt4xuts4mzetls2zs7ej']
1;9eea55751b0d1e8b28c78f2c09d22e7d86623e3dfd7c5c12d75435489333ec42;['bc1p4xjkcyy8g8zes7syf8x87e5zk34a6pvrvs6s53d4wgpfc3txcetqt6pd6l']
1;2f3f1cf563ddb86bb8c6d75c71fc83dcb38847edded1b3b936ab4511426356cc;['bc1pfghp6lwc3g7dnr6hzw03e3hcq3uvyahs9pvkdkc6tyz4h3v7tz0sdflz97']
1;87a6ed7f20a937c4da81135e0203b6f58686a599d230bfedff268d5eb900c521;['bc1pfpwhg96du879mk89ezclmh2ng05q7zg06f2cuj7f3cm3n26ge4zqymv8xu']
1;e584460cb3daa75099151bd4598b4cb1aba2356cfe527ccb392a004b86f42afa;['bc1p76c03z966urvkwsdevchys8p2dc25wv3e740un7zryj7py5fda5svhvesh']
1;8568bbc9aebb8226228808dc9f7974f95889af1bacdbe429a3fed26ceefc3424;['bc1pw7n8z9suy32cam0pz5fgtm50pky3penfzajemqp86295edheju2scm97yf']
1;332f0c9bc9a5eab9d0d16058e7a741907aa7e8d92e5494dca6404326d91b077a;['bc1pfrraufmhgxwf04tty9vnu38m4uua4nvrgu2d9a8r0qs2laqm7wvsv67rsm']
1;e8aae5e1d486bba26b54612d044d1e0edaf96120a33e4d0537f58630a5c33c6f;['bc1p8p9dw7s5jw44vka6e6dggr35qamr4pvgas3a4sgv9f0l2s7a5m6sdnftlx']
1;04235aaeebe5153dd061b909cf2b15da72e7dd7c3b323a0c4a7afb550efc1fd7;['bc1prmunjv3chdfa4ynfz5gefutgq9e3kzqnq37kef42kkyfpwcvj7lqcqu5r7']
1;556c9b7e244366df01dd79ceeaad7460b6f394965b89869e41b89101fb33c426;['bc1pdfqh7yfuw3ua9hyedffesdlmdvuaxyxe2345aj6w3q4098tj6ayqxsue05']
1;3b9914e673191b7ea4e0b028d80f6e9873c1461e9e94c5d919688ca7e699f298;['bc1padkle2yjfetcyygcyvdc53s9snzkal23ndkfjrn79c33v4mrx4fqn46tww']
1;31e81ca5fc9c08d6592ecc3e79bec841b37f6cd9a761cfca6200eaa8f688702f;['bc1p0rku6sswfaemfa8efewedk04jlfysvr9vjkdarq75yz8dp94987smf7u2z']
1;60c77acc1060bd8fb5bf9d79d34611b9e036439ed00a4ae8356aed5f65e485c3;['bc1p88m0d0gsy060hnndenxjh2q5s0ergj3nsj6md76dtrfr6cnz7scsdnx2c4']
1;9bdd3bb8696a72251b3b9b861bd302893209420e7fc0dfdc21032072f7074460;['bc1pss32mepfq4zq6ttzd6eekwk07g8wkpwt43tjtasvk6gsywa3yh7q3vwqxj']
1;575b8b51e1bf081c1e0f924e54c39e31743d27f3a3b2d23ec895fa5f8cb14a98;['bc1ptg7kra4cq7n4n850r7phaje6n7d6grrvu0wsq55qmmv5kl787kfs3jquuu']
1;188d193b057a82cbecb934a707dea4884a79ba614a496a5217215fe4e1838f0b;['bc1pfrehdd3me25af4c5w6v6h54g980lenu2fvqvs4fc3haxzgm2r9zs2pycdk']
1;46946881eb55fdca9b90b4f44df928df4d6f4f8feb390190214a674141a6b0ed;['bc1pjc757w6d0rajc7v4dsascc9dxhmfhwqt02z3gc8dh6kkrnzz07lq0yy5aq']
1;c9161f2edb457322311fe6de1b340da62bcb0e2c1305fea81854e3b760a6264f;['bc1pvsf0ehk324d5658zkpmeaedc63f5kzz2x4r2lgtwrukhrgqkjw5q0yphcx']
1;26b7a296d9dcf79e5214792c11056f53abeec1db68e488b92e9d53159b030f24;['bc1p602vjueqd46mxp52xzj90k9fq3c75xppraxw8twsnc36n36jgssq92a7a5']
1;322c4a0aacc0bf80388cedeca2ae00406d17d55a4d0f55c0c30b9448ced37769;['bc1pksva28r379fzj5aa2wvzrplytpmajwgyndhm6n5zqx3su7d45uyqzl3rvs']
1;d1c949d8ad92b29c496b4773f1de34a90a89ae2388c4de9888f0cee58b007202;['bc1pcjzmsekcp67wm5njchxrx3543v00220kmcjgam48q6nwrls4pm3s47as2m']
1;f13a1fec270cb8c6eab7fd3b0cad5c0c499c969aa8cc54273a48f990826948ba;['bc1ptga7cdpq2d5sc36f2hm8dpd6ylwt5znz492kz5ww7dg8mht98t7syzlhly']
1;5a21f49ee60bbc9c969e655034604d938eca1a70db0f0b458f13243f3bc817ff;['bc1pm7ms92dwcdfu5kk05dceg5jakfkfhmvd47xtdrh3940xwyuuxe9qct4gme']
1;190aebb614f08ef05009d29afb46629331d5c13e374922864d172177a3b8dce7;['bc1p6lawsd3t5nuf2h5vpdkx87vkf5s9dpyp09xharnkt0ump2k4jyhsc2lvk5']
1;74f5a1d894747a3399be6dbe7bbd7275fb0f20056ba472fffcbffc24c4e9f2a2;['bc1pt5mrn3hglm6ktx0a8wmhxp0f0yq80tj52c7q9krprmngk8yp4xys72esua']
1;017182ed7059b1c67ad97ebbf4d731c20a88a9e29db47f0165127501ae5400e0;['bc1pma5dmjjpctm6pugkgvz3knexqd6fcwr9hlth37t5djnr2s9ywjust6wf77']
1;4935d1c4775ed639e21f8f9257fd90bfbb4d5804f461c10bd33b65025c2bc02b;['bc1pdvfnmm63ev248l4tl8r9wxg32mnruvk2umqyz6z2vhnc7jvhdrpq5vdqrf']
1;2f98ddab5b9a884b9f69bd6b9907cb748c9690c8d670b1c0e955182ff7113d3e;['bc1pgamla8fqew7r0p69l89yqx5zk9vcqkc3jmgcgvsmvgf78cv8544stq9zuu']
1;a036c032a18bc9c694b5ce80692b1c992e2c9f35d2d14599afed7fc3eb8d5e05;['bc1pdgl6jhhwnurwv438n305er6kkmx0htz85w248pt3w53qsudecyuqe694lf']
1;c484461361974691ff2c4017962a82ee6a9cd0a31968f0b9a4c343a8b01ce2c3;['bc1p4x74mqpkrf6768420gtcnsd6880wqtc24v9tuq97lmt4fwl4yagq3pwgk0']
1;d0676706ad8d0e2ca6a565837eecfca3993debb62f5fa7cc43afcffc19a21dc5;['bc1pxqc0hl87xq3a6f8ujm8ltcecr7xkyurvz2gl0jajqxu20u5j0rrs8e65u4']
1;5a71f42bf352934ec0924f45ecefc209e722d74a760b30d7ff9cccd487a55cd0;['bc1pm3lr35u09z2qv849a2d0y4sgnlpvxxe989clny0pputupxrtqz4qq33rkv']
1;9bca0919acf8eed00af348fe8c9d22dc071c86c573577e2df95a4d17d7fb1ed3;['bc1pwkxq429e82tprqrnzpef36pwyjgj7jr547ggtpyhz8qa000fwh2s0qe60l']
1;f16b5a4001fae2dd44f3664b86b371d46fed4a7a672a55dfa2151111355cee02;['bc1pvl5afwdfme0gkd8mtwdfv3raxwnt8shl2z9cpp36vaad9fnn5mts2kuz0c']
1;57ff1586a3dda0cd5ce70dc82ac099313ffbb2211ae5d767cebd7ff4964d1764;['bc1pleajl8r47ywm57ekhzwl4yatp0d6q40xu3punj9wpwvd9gtzc87qq7vtvy']
1;27ce60639c67f4c594c8563faed1d20fc9cb33ed2f307b70db1b7977aa643a3e;['bc1pewuhk2rphwqcw04qs92mhnv3rkhl3czzl5h0lv4lvf3dtam9dc8qq4lwxs']
1;d279e9215762774d4dc467009db0d51e2e289760cdbcff6f19e2021290bdd346;['bc1pkgm678dfcdgxucj8utj9enun8jzstwlgx43kf06nfpryfjrqls4svcy0sd']
1;9dcf8ed6222b417877b0f226ed92fbdb0e63ac75aee97710b9b48762bc3e820d;['bc1pxd8jvz0ge6nr7rke34zw933wj2zkry0x3zsrnu58yljgx9qreats8hcgxz']
1;939935633d71118ff45e4010bccf4d3521106907d40ab553e1c23bb4baa2dacf;['bc1pjm0dqeukctqcpy5753u928w53k88rtx4d7vsw8uhugkwndf6clmqvex2n0']
1;5133f64a5d6c6910999705c5f0d0237b71cbf3fade3bc9e190e56a75d34fc388;['bc1p7hre34dddtf0m4khnsykfhk52965sjzvnjtv8dc9awjj5gpu7k8qd6g6ez']
1;cf25f3338fc1b8e048a83c491e1efa3562b3bc6fe2daa664369b3b2c2a78e89d;['bc1pf0uz6wwqlg85x6wvpnlt70wkvcqscsul2cnaxej8l4ffc2u2ppzsk4tut0']
1;fbff054f981bed423701ae1c5748eb6a92b227fd1320e289d2c36344e4a6fbe6;['bc1ptjmwf3ktdxfqfmc9vvw0eja3a9ezlk0yx6r30ezj87qvu80rxrtsx9tw6r']
1;36f5604a08f9b620d1f5799fd294f11e66a595271785b9c974d7bc29fc753dd8;['bc1p0jepfjgz2km04wqym8ef25yza3wcjecnkzqxrxkpksx2tsg2yf4qme8378']
1;4498db29903a049a1f3e51182a1394c676b458dfb9b4a406e42550e3b8ebc4e3;['bc1p3kqjlmahdmv3wux7h749jmzddq92fmjyx54age9p4krc2p62n04sxm4rvh']
1;95a8539840581a6d36020bf5229557b2c872938e52f522324fdfecd7f976297f;['bc1pjcsgeru36pe3dzwy8f598tz66rzrra93tpyqqfmk643n0t9swhrqse73lk']
1;082a84315d22f54c3b3815cce611261159645b357970de68528767fd61b6a4d3;['bc1pzjkj949cdp4vdthth7vjt9txddc7dq9cja0aumy90dcf0djergxqt3nhtv']
1;653015704d3bcab5f5acacf6f7bb84875efcd56855391dfa4e21ffb1f0a7c3bd;['bc1pwm3fxkxvu3e9ncf2jeevpm6smeej6dnydsjstgmdzuf3z78a6dxst35w66']
1;db3afb30d42c2e0028d6ff338bd84903e28ae3920a78da8575d4352ff17987a3;['bc1pggkczlwglnjdddpgjrhvja65fzjgfn3gfau70524xmk4gzj9nngsfztku0']
1;cea18733cd6c7c4a80d46f9670974bba38b6f8fe980959985d937c6f6162b0e4;['bc1pze4l08rr5frvwxtyfh659a92v6d6lw96gk9k9mcp8e3vz8pkwcqs48jlga']
1;0627b702a356479ce406e7d5eb5f16e6c86875c248a0bd2812999c5ddbf14852;['bc1p6y3ws823c9wux7vmuxtsw05668vlu2pst360qg28c6mswpjyz7ws52nn53']
1;5905a33491e75620db9d3d2cf04ed3ae205c32a0bfab69d57ff679921ef863dc;['bc1pm0e3ekl2jq6evjuytmz67paznevqen4heypq53n08crrc8htd2nsxat07k']
1;4592ed43edadf0f4a1f47e30070b9bd3ed13dfaeec2197528f69f3227b8e9d26;['bc1pn6qk6klgdtm2whv4cttzshwmhaksu2y00jwzufem653cz9caqtus5ruglt']
1;82501a2fc0bf36da6909e13158f9861b8654bffbe6f6b86985eab9b336caf381;['bc1pxkkx934hukrude58jvhc0xhfr9npym3fmmlt85vqp72fktpm76uqn4423g']
1;abeee66d4961a1e9b5c2caed2bfe65057ef718776348ba9c3ed6e133d9050c42;['bc1pwjkzh4vdzk9u84c2f9zustd3lnn2zzv645cdg5pm7c9lfa9ky9mst3pq2s']
1;a2a6dc13ae41cc6975e954acfabe71b837fc28d7450cc9a1b4927bfa4cab2788;['bc1pg3m7unvulx63pu2mnfwxsw8mghl7526pd3dc42zn26n5xldn3a8qdyatmk']
1;122816d3b62b2c293dafc84a02efee512024ad60bd55bf7d853f9c3033ea2002;['bc1pkevj9aljxwr6f0caxkxjghpfdr2d2kxqznrjm6zcn4vwl9knuqeqyc9v8u']
1;6a82b242f2b0af71de3339cf9633e8ef1d0b8f04d0fd4c53e87c3c6df65b34dc;['bc1p6ntacse90434a72ratu4ldg9z04sgtsc03pnrh8ysw4hfwjglu4s6lh0en']
1;467a23837bc31d79af8aac1263a3c51b2f59661c63d8cb361ad3d28ffbd61b96;['bc1ppmdwpzeqa9ghdanxw824un4wxfdaj2jm33hfp8h2dznyhx6l4xwqr00ay0']
1;3c967c50c154993c6093a6017a270dcc4eee8d5a0e4705111cf428cf0a9a4722;['bc1pyuzwex36tyk3w4u7w437zamk58nrzj0havk2z4t2s4092ncp08ssj7399y']
1;ccc4fba3d9fa1af2728e5c31e941a54fac149d220d3cc2cb4972c1c60f5b9031;['bc1ppmq3t43xjaz2vqr4u54wvhw27mznm8n0fyc2w278x9zpwgrjuwmslrrt0a']
1;b51f41e56a3fd9c80ec9296cfb540c87542dd7898557040573ebd452ecad863e;['bc1p3jclhnm98dul2l0ldqtn39trddvm0s5uanyv0dh39kz3n5r4568s7slalk']
1;ac9495ea047a0f56a217d4fe7cbff7a0c4c40fee07296f1c31389ccc2f97bf59;['bc1pa5k7dd2yyesc5pw30vjuphusssxc30hmn0dt2x0hhlkzgawjc6pqrfcgdl']
1;bbc46dcb415598485eb417a3cf3df1ecfb0078fc9db4e07f5e21f12726f0be22;['bc1pdetz3uxl3vj3fy6r0uuxryp2h997nk06wmd90s9qhd255ygs7c8qwjmyjr']
1;9bfc0ca3bfd0daee163ba5fe55cf095e843245aeb7108dc05fa953091b1b0820;['bc1prvkjyupc7qf98ptpd6uvjtvqzf0vuzw2drx0rh0amezjcqxds9aq8j0vkj']
1;a4b17f5875bf0b3d03b9518eadb6ca8ddc7e9f3bed96c7b2d452d0e387bc6fc1;['bc1pf89t2v7670dzc096tfd2tw8fssjs3uhe8p7fvgkzehhkd3jqyj7qqyv949']
1;d19c122f94b6e39e166d4f98773688fd5c877d293a23b9212009506dd0110d74;['bc1pft29mfckd30cwnvekvm9yv8ajxm2w6e428guusq5qphrvc2pr27qutcqe6']
1;e58c5a6d7bde2ed1cbc2f05a09496e351910131d0e3dd2d73cd1b91376bf6693;['bc1ps4kjmtsnla9n4eyy9lvladfh5ts5d4s7xhrfpz2pn3shtyr9grjs9fxqf0']
1;8ae13ff77b1f6bc3ee44f8f45b6bbebcc84ad454458dddd5ffb0d7942c4491fa;['bc1pey6slvhnn06n2jvtjc2d8w4ajjhf724dxtq5q2cxhdfmqjtnh7ds0l7le8']
1;8e2f15d7d4bf535b9475109a045b1208788f4cc5198d5a52c6346a4493d3b837;['bc1plaqd89y048drlvr0xjkvg5pa2gxzncxxcuddswe2l4gxnj9jv42qprpsp3']
1;9e4891448583b5e2150b563a20724c01115041b868acd3d229cadeaed4a90653;['bc1pc2agstmv74req4t3dsgu6r9zvlhn2meu777u798t0gzr3aeydp9snpkwsm']
1;a99cd69eef96564cde829e0fa0947021e516d44ad6406dd53c2e2115724716bd;['bc1pg0sjlpazamv9z6vh0krd5rfundz67c3ma0qmrx79ed343urvjtdsmqhsw8']
1;3430b199e33550810a792417e7ffbe484b7c6f59ff9fc2c14e44cb1aad9413f0;['bc1pk43nx0sxtwmgmex3txa0jv5vehg3z983w9dkctj0t6es2a9whcrs7f3ysy']
1;d3e70ba3d9b0d55614622deeec0ce286d5e72dbaa12c1aa7f965ac5a0e3f0095;['bc1p8xu42zeyfktsqutznqg2xhrkru88nvzw6zj7qnc434645wdjekjq9v6m94']
1;ad083a2ed0564f55ee19a403390520af82100a37188e936aec59265c67054d53;['bc1pqx77a06nmzysf8ws95e2qrdg37v3hvpj8m6yglnh36yuuqyafd3svr9zd5']
1;6ac61e184f4a769bf5c12ebf31f1a39dde34ec8ba1d80128c60002a80ad43845;['bc1p6x9sza7lpp7ggh7n5n9w24q8w4emgwemjwlfdjn7hfwl7pf37sus3qwyzs']
1;f12e85c738e7f9376e41109d440b4d85fd593cb233a2559d450d6b73f1e57501;['bc1pgvamaqgk2ylfyt2dy35023j379sy90gw4552ykqh2vv2k8e527msgafdcp']
1;1538bcbc2f99e5ef54023896eec450251993baf747488a4353e410720a8db45f;['bc1psd0yx4sfd4x0adt5dcnua4maxp5rgvu76aw7g4egvmefu0rmtefs0t72nw']
1;01d0eaed8ac5591e34eed4938662bae502d7f5b11e6b7b0ea0746a48c3d30b26;['bc1pdrwtpjucdpt6p34npafxga9le6xc8qq3z6kd574yhvawws43qj5st3q55e']
1;22a8a570657216f6ec95efa96fb2172546de7fb139fb20f36f284cabc6d11258;['bc1p0lf79awzx39wy7sw8d9p6w2nfzxt7wlmj22y8vphz278y8u6jmvqcempdy']
1;63db2e11a6844ea8f271c8d7e9741d47d95e447ec3ed2fe21afc8d800396f2f5;['bc1pehpxmg73uru274ahn0trma2cuq3jc598v96l7pqtqg50qwwesyfqq4l9w4']
1;fcadf55d213d30f27082a7960ba28fe59f4341c632c29820735ec5ee70b09dd7;['bc1p7a3gzc0h2m2wzkhy5sge3ap49aw020wpmkjtrxaa6ys92sdrakdsgmsmc6']
1;891355d26c503c9ddcfd8afb55e2043867b05630e3898f625e0892b5a295d381;['bc1pl567e5za25jw5020j4dmk9a7e22gsegrfxv7jh2gm4vhalpmdhxqdv72cs']
1;99209dbd8d0b417f4805bd0ebd3355f41f26843aeb3c29767981713cc945ecc0;['bc1pdpgnmdamm8z0vt6zmnf6uhy94m6gr3v6ll0ue89nsad4wuzaxy6qnjuktp']
1;222f4689ca7b3d2591667c79e21009ee58ff35a1c391113af1e3192845d59999;['bc1p73hvzrs5nwpkrva239nhk66fqpc2ktyntudzehzpn4rxw5m3rk8s0vxwqk']
1;d7360419f17ec0b22a51bde1bc71e0d02cc933be30ac1e8666728c2e91d1c51a;['bc1pxxuepuucyczrg7rweglwrfmu2dtd4z0qgx3q7u9scvmd650r5fwsvt7cu9']
1;32a01d28dc63f66e3ac508849c03259abc5eb8d6e4406279eac083df05d80956;['bc1phfgtd0yy3xqwn6atqv0x0jvxp6w8pzxpj57hwvp3w3s4vyw98f2qke08ml']
1;fce1414a09b3bd8596e87d5150b52b2deb2c64eefbe5544fc19aed23032eb668;['bc1pcade9s0wsq7rufuc76ghsa9d2vzpxndwrgrp8jyrptdq2hptcgcsj7aa5f']
1;10fb336ab29192e73dd623fc0730e8c48ad1ed6cd365ae0eff7af233e79ddaa4;['bc1phxcwn696v49w0he2tlg09428dr73tzm8r6yy2yvmacgm05np6cps850s5g']
1;fc6fe5ab598771ea0d9d0aa46225827b04a54af40336f5f6251d9ef6ba4d2010;['bc1pyhy8we2k68uyevwfjnrl0tqt7v3s72dr9lfmlkgmxvhu8a43wnjsps0lmc']
1;d829b1c8210aadcb9c06a501fd3cd08ea672206e9c41eaddf92b6f0274bfdd33;['bc1pz6qa3662d9rnpykpx473uap8zrx05u90e6wz6sk05ww2u200tulsez4e5x']
1;f1010b4906c005475cc4cd8bde46436ad22fa699ac65c301a3642a1665896727;['bc1pj68kd6plp82t9363ex5uctzxtnqgtymlj465raqgrqlyadse392senapq9']
1;c6729bd96d6adea5b82740e479720cb4f57783a55d4adbb384824f895babd6c9;['bc1pxg0jms9fycfeue9ps88f7dwv0hqujvmads8p9htjssz6nu2sx5ms8m3lze']
1;8f45cb79f4b34938781982d605e65f635aa7540d90aecad1ce6880f62fe977dc;['bc1pdhzm8gy70tww63jh85ka6h0ljxc3mpu9h0qxpcyj0swzkcelvyvs8pltml']
1;6f6fc80ef0c03a243a0a249adf6589e3cc89e7a54a128dd75fc0ff6126aad063;['bc1pd4k7k6aadkqjd0z393kfrvu2xez24t57f776ucpg7dgxngv7kj3s8p8gr8']
1;35cbe5970fc36a089747fa6da48f2e8eb8cf6e0a42927fa78cc44dbf3dd6bc0d;['bc1pu8e8qgfsa83n5g5qg0f85tzderzslxvdkhvetdhp3le6jztdfwdqtu76gg']
1;087257f3e294c020c149dfdcb98181cc323b89d15a0bd4c3f912a3a7a5cf92a5;['bc1pd5lrf2rd3wyajajl5sskzygdgwfh5r0dx3rwfymwvt6wae3wsnsss9afkj']
1;4ffffe05749eca9eba3914ddbb3b036a144b1346f028a9d62efbee687c699679;['bc1pv94ahprn47peey7wj54rgfrpns38pp6z0gjzc3va98u8ssapa3qsep509s']
1;c96463d6955314e2aa7b8a28ea4dc04ede88753f1acfdc66abb1668834869110;['bc1p8gftxfuh6c05f4yku63dwe2d6kpsggw8p9um4tfmsdqycjsaxpysysvvsy']
1;7114e9d008e89ad46e1c463937f7a646aa86ebc5cdd0d7c996e05013fc33a18b;['bc1ppvuyufa9kehn902ufllg6tpjxwmphwrh67gt0kqtwhlkrgqmg3jq0mynyp']
1;3f90527f4f27925c0d7bea272d71ce3b300a2651407b4b36c49589446e09259f;['bc1peusxz6g3r7qm8jujyy2xj2rvrapd7e74g75s34tan4xa0faq52hqu57xlt']
1;70d009a8b33df9a5273e1bd1d1cb5a7336956f7315e40299441cc5bb767f8eb9;['bc1p655gadts3ffcac9fw9mdy2uwysvsg36chd2p0dgz08jlc3uq72lqy4xuzt']
1;b86faef739210bbadc39cee06278e561487344474ba4c772a109960a722c8ba2;['bc1p6lm3l05ekt8pa3ft7274rwg2rszaz5rnrwce0yy7dpsrss83c38qsqgu4q']
1;82dfeb65999e779a51908f9163c2033fc76ad946ef10e513801a06c57ce3104a;['bc1ppkfus4m4zmdw3r8htwn8hfxw3yrr33uj7erp2yggzp6hjwenjszqmwl2qf']
1;b42f94e643ae937e2c77c9565c639acd98ff7192c83ee6456cfbab18606c5104;['bc1palkellnmjq74rmyf0vx9yczv4fsua8se53h05e8ny6kxsfrjg8gs79x677']
1;2191c9be03334b271b01409e14a0f8c13cfffc91fb624c06a4902282a7d42cbe;['bc1pp6ag2dn2rassvgdu204djsvsg8fcfndg8rky6pn6nw5nyx2vdpssspmcqa']
1;ffb5bf3083548c745b95f832abce33bd2b3ea2a671014b6df77caf5ca3bc4133;['bc1pvrqnmxd86zs7x0fepyva3lpg00h6auuqr5fw48vk5jl2aqtk76gss36sm4']
1;6a017dc74918bbc461974be43ef457aeabfe7bea29180597c306fcc7d5318b66;['bc1p8rqnvkn2pcvv2uvnlelm4567sfycde05p78lmh3y8muw70e0wgwqng4sqm']
1;acd9912443e864046fed4a95d28a8f718a467d8dd72709972cd75640384bb6c9;['bc1p8cdtsqncvdunfhlkyg9zmdqv0x23h9jtds9p4kww20l6jmhlg29s92y9z9']
1;f944ea26ca9e1d7e71bed0640905584f49a8792fd788ca216b29675dde18551a;['bc1pl4jwlk9wrrlmapkrvqzt989pa3agkna60hrgeyqmlv6sy95cjx0qda52ly']
1;cc3fa74874ebff9ee757c660667f5982203b7b4d7efe80adf709a00d2f0d7603;['bc1pyxlxh5hz79847cwj0wlpgulpkrdgv284g2sezywq92xug9xr3tnqengjcc']
1;15eae6618ccb7a4bedd658d3a0488a604e75eee4e131ffa42e7224c6e51a35f1;['bc1p5dl9c85dld2kqyxssxz5vyzh9k3j00re6epy40xun3fzpuk5604s4euyhu']
1;d4d50bf01849530c5cabf4d1b3c9931a7b7cee4d45dd8ebf374c7d9111bf9950;['bc1pxu2trpny08jpfdyx2tu6ddcx7t5lgn9fc6ufv5d24s6uej33au2qlh7j6j']
1;87a9ea2897fa637c04172a09a2e7ee73d996655562de396475546c8cb64b5053;['bc1prwdlncge9tj506vy3qqld7frwae5y8tzwm0cllej67kxf6wz7zmq7z99kj']
1;0122c02e66dcb6f690af017d25bd5e11469274ee0b63ce95d8063c07038000fb;['bc1p4sg6kwyjn3cxcmsr9h9esyp46qrrj6gnpqfmlms08r2rmh2r37psje8s2j']
1;09690c1a77e790208813f85369f4eb3cb4dd6c083fce307736daace313a92331;['bc1ply78yr9sewg69xm4dq837xpkz5svhn80rnmjlm56kpt89wvutzzq4csfw6']
1;fbdadbd02191ee7e2acbdb2910a20f205d6a952c921a3b8acfbd3a55729bac74;['bc1pfzf2w43whsvqutehwsp35zkpta6ty35d9lzjk44sh3slal0ac3usyzvhzf']
1;db4cf7ec0805a1af9bd7e01e2a6d127ffaf8eb42cfc934b2368c1fa1f9031ea2;['bc1phl4yd3cqylm2739jkdstmzrwfn8p6rchwna25yf0qgl98hhjnqesj59y5k']
1;3434f63f4355d4eb8039c269c95585e1af538345d296e9a124cce2b31a61d170;['bc1pf6q77dcdgjrm6amzwz2vtrcdq8xymplggx3w0urddkddvh85ta7s406h5s']
1;8f5cb87f5ffd1b34d74a27449b943d6ce7b84c56022c8783608e0db36318df03;['bc1p5235938qj0uak0lgs2rsnvphdkf7n99r46y876glqyau0rm4demslp66uv']
1;bbbc4b2c7cf2d8cf4a5ad1f9c882cf90637e636a127fd88dd769989e0aacef73;['bc1pwncl8sfem83xhqrkr9505tqvvcmksruegyg4l9g850pqwus8zr8qr9wpre']
1;13ffa031dfece54f846275424ea86aca0622815aff5439e9afeb1a5bf54cd144;['bc1pv7z973n9mrk3mvhq7ptde9qxdvnur8r7lfqe8hfvy96y7n8zaxtqqv2mwv']
1;73c1a4ee1baf8b54b4e918eb9d213044d77aeaefd55ba68dfc1757286b913568;['bc1pwp4nddmntwvk40ueklrx3jm370r7duzw24rqkcg8v4jxf0s5m9eqaf7ax6']
1;5c9a85827c64187cdb2ad538c5f0d1e49c57c9433c5acdf72181bbad36252750;['bc1p8pud2mrn028nhs2xf663fjtrllulq65x2ce3v2z2gt443w7snxds6p2zry']
1;9c151944f3d850ffe8ee2fba0405fdd961f9800f410bf33157598557cf664208;['bc1ph5qsn43aq9mx07satjenyez5uegn5mp3a55sc84qc0g5jecw0qwqf0xks6']
1;0cc2ca599a5f955d8cc61609dcffa0cdc83a4384253531c7b907342197a162ef;['bc1p5akujv9hex2rcaqcjyuw5kwwsldpuynaw3c4nf5lmgn8m7n60urs9shfez']
1;308c2a854da01d232d06fb18cd3bed514e6a9f16c6ec835f17235b455b2da895;['bc1p9p2rj3qm0w5ax6v8afjw8x5thj82zhr4jdv2r9tsqtclx5zpxd9s3hqm73']
1;4467bc0b2371af40d15baa4070e3d90005fb4c14674e0301ad60be9a3ee9f1e9;['bc1p9rdu8k2v8xas8j6cqvkt0hz2rfgehzkc6pkfzekz5kznnm0xmgkqsp2z7p']
1;6599aed24fa97b4ad998f94f33e34611dbf6e7e2daca3c61811eb1d5f1758d88;['bc1ptlqt0fsrxskdcvplsslmv835e68mkeuhpaszmhgd3z32258asedq8fqwdq']
1;f7b7422e323ad3910a21509fe7efe6ba298a40969ba2a3592f02b1a63d1d245e;['bc1pny0e265z7k9agxn5c8y03e0xwcqfs4kzjkgsgalqc28qd0zvksgszndzce']
1;3389067d147131f84f0329fe78edc26ec8344e760c533f78269ef86cf60e3972;['bc1plkggf4kxed6ds8j24p9dkc3ky9rqdars0d6q82ws3wrqgd2x8usqv305k9']
1;545aa8319df7258589e0e714cd9e2db5f06d587e4f937b636276b6cc9e93343e;['bc1pfljxvsg2xzxnpeayuz3rg2fwuwjnc7h2ywtcnxtng9sazrsd0zzq6qhs5l']
1;b36c8427315d17f4783162c47cd2805c7643350e4eeab710b2861b0d9381adda;['bc1pxfjjr74crkzdsa8wnx5ksavz3xccgcmc3fethy67h55w4gadrw2qmk2wqz']
1;5b6fe0aaa1fe8ded1df7b82a49df13a5f3e4c8be47f28692803a0037b5fd0c04;['bc1pa0wacrsp7m369qpl9f9rg56lkdvkchcq077ltjpf24mwp5saz5usqlggde']
1;f9f020511c7461bc561a496cc00260e7dc4d8616978bd66998b36b0dd07491b5;['bc1p5vsfxdhc9cz25ve0wa0fxxpdye94h4a2c60dk6hh2l7qlvdlus0smc02ut']
1;8c52941b63a490a82d4d95926df68bc1a5e8744344589202a14b99f6471bfa2e;['bc1p0htwl5z2vgjwal95mveyc668k0s26as4ushfs3hupw8trqh4wwnsqkywek']
1;c83a5f9183f54b71d85e6d083a55d271c759c9bfa5d91514d981ba8cd8ac0e20;['bc1pqwmmq4h4y2qy0gwlvxce6fw6c8805kqjsymvjv9mlefyacxhnpqsd6q809']
1;79e2910b0e9f19d9d41b5400609f1dee08e7b817941260bb5718a4f8a84b9300;['bc1p4mf4m0x3g685ata2mq9szg62kmtgajdch2gr0skt70nj8lwynw3q0td236']
1;fab1c4d91fef4bb6012a47624f41165fe2a3a773ca84d89de26a7e33f26df033;['bc1pty36n3p9n4njnzy7y9tpwcnmyg6dmzx4rl9hwy73fcqf0rkg40sqnzjjmu']
1;8898eca3a95952caba807b5ad4683a632c8d93f35f63a0d3aab310e06f3c3562;['bc1p7gv30xjk8e89s5manestm40chkdf35qltma548k4xuuwu05jkamsvak3s9']
1;46ee2795450c14722435db37390216ebb6ef4d3dba2bb19eff635a2a6eacedc2;['bc1pth7m9qje4u540ky09gwuugc9a7eeqchf0dx6rc0yc24t0yc2lays7juz84']
1;786f6a7ea46a977b0bd1330de02bfa7cf08a919dc1d12b327277154376ff1505;['bc1pcafxval4kg7j24h8w4kmzv696w8vhvtchergcg3hx8xgxrnv5cjqrj35sv']
1;cbd2ce932070cf27803cc71242ff19b6636e4361e0ad17104773ead24b0d90a5;['bc1pahr4epxf9rypgth88cflgmhrgxyz78l8s654pzahzsek7xnj0e2s9f3d2p']
1;f566f65d8171e846eca353ec859dfda3e969ea14ad67cefd8f1a991f12d90de0;['bc1phlalwwswdtftepfl873769xgzx5mvnhy5qqjasj3cqa4sw9tmutsg7rcay']
1;593401aecac15751289643a15230d90449fc3858830357959e083bef5a03c285;['bc1pc8hav3cq47feq3hm9mjctwcfqng0mjk6asskgwfvmkneyjfhqgnq68lwts']
1;6da00162fc652d0e576ae7e7715e48b1e815379cefb37b7f63d0eb2b4c5c4e3c;['bc1ppf5yu3546csuanr9fycdzw5alqrzrts7z8kz5f3399jm0xy926mqeue9ga']
1;9c6d4ba18c1104e8ac3d196e301858c6ab18a157f0a852dec460f0c968ea190f;['bc1p39lsd0ceg3l84gs85pgmwt2w3khl983lwzh8vhy3nxgtylnecgmstq8zlh']
1;6c0594b80575b96c41ded36fdca0b4592435efd4e891c9527f194cbc26a508fd;['bc1p9z09u7a5fehexg2c2cl47qd5xgy3egwtdy4c8u2g7e7m7zk7vjps30f9zc']
1;56c608f14525200bcb82bc9e76f552c45caf3ccd9031c68e7251c635a070e6f3;['bc1pau859q2w6aym49a8neckf0jjg4gu5tfmh6dn0gyzenm5jpu8qw4sy95d8x']
1;32d87236ef820af95d5fafb0435d14378e1713ff73c77018dac4c9e69689edb5;['bc1p7v6ydz0qttf4ljcqk2tdugpx52m2wg9l0lzs06mn29satj7av99qg3wyws']
1;2f9944de0afdfeb1ae2e660cb73810bdb718ec63cee6919c2529385c20668080;['bc1pk8xf3x6axpz2d0dr6mdadfsga88v42wj023urjyqtz726smv92xsudud8u']
1;c039bb202ae8605fad45a7b1e5e6b745981eb3dfd074dd94207889e0adc43a18;['bc1pvyglws8j4ulnlzw6cl8uzdcyj9q6meyrzqnjzwruwr86ghdjktes0n7pt7']
1;1baad71dc38d64ee79db0133c383dee7a6661e6ed5ef18487ffe743209e60e94;['bc1puc3kvy58tehqxthsxjer3ejceq4t4ye3rpyk0d73535vnlpl7kjscaz63q']
1;3ce813b1c3643eb95c4c0287e1307360e6c244bad838ff360ace4bb4f31914df;['bc1pu6elgng8cjj70gte7sxu60zrjyw7hdas4gdfk747mvu70e2drpuswlmyq3']
1;401fd808bb882150dd5e8bcf7e341d42fefd016d2d525b206ce27331b36918d5;['bc1p06y5nehh7utc9u8xgksam2hpp8vzgnna4mw9v54uh2qdc5vxy2nqm7ch7c']
1;e39d5406fe740fe0889d418399870598cc787e6bf2056bdc363e36e6be98eb84;['bc1p2zldky8qywm4fn5ge0f992ja3jhzwscu7pq6y4yfn2sts0vh9pdspevrhh']
1;4be198dc4cc239b8f1af9bb481cd10df9f752d4f2cdba9447b556253de9fc175;['bc1pdsk5090jcpj2wnexpy023qhm9wgsjwa6vr450rmtxwc3qcaueftq6jmu2a']
1;c573a4d08275722b5a6bae7d8eaa16e902be9dac7f128cbfd36cf91c82503952;['bc1pq4efr52qa0mwaffmrgfe23qq94gj0gqjp3rat8kxy88helpgn83qa4m9r4']
1;f81e5b9687edc73a673400cd1b6d223f5d88b5f4840957b471c2401bc4994dc7;['bc1p97g9kzh39ag02zkk9w2nn6gmcxmktd8wd9jvyv3aquu7w2rfwa2segt2gh']
1;3ff987e3f2f4b1a49d62ba5feb8291e65d7128febff8595e2ddfec2869317575;['bc1p3mxxh895wkfw3f3xdgmftw7k9t202jx560fkj245j5r9ynute2nq602ne4']
1;3ac1966b5aed1473e4dbec1df36164412d41e1cb58e9e724c06c404d95067fd2;['bc1prdjfjuegprjqqvahpqyhcqnzacrt2ur4d7mgsr57kcr8exat5y3qxa7xyp']
1;24789ddaf53180720994d23405d20fd4da490a4ea1c2af0b7f7d383f80a8801a;['bc1pztkypekvgnt4euph70pxntmhstfa0ngydf4sqrwwgsyn5l7drm2q3g5hlm']
1;328d55086e5ccf4e8853d4837297b7523c0117a3e8883fa2d2ed66419baf1bf4;['bc1pprx2r8fk5tn3uplkagwcvgfnpycdnkwluyayr580vh0r5hcumr6q5lak54']
1;f313023b3bc3e05acbbd0275bb37e54cda620f5df6e78e9f849b44bf0dcced95;['bc1p5z2ynn57qcafrlrrndt7l4qrxtp2dn4fm8y9ekcwhc4q7umuv6tsf7mr6c']
1;9f6fa9fa8c40d9a001ea352749117b720d0e8db29e237450cea95d6a22a51eb2;['bc1plv793ls3h0l0xd06tfd9uj5ej2aeha6tj3vaecveqkue605ln50qm2nvxv']
1;c2e7f075d89e43794702d277a03313fc744bc03821781cc0bcb144484ae18e9d;['bc1pq5vg4h9pygtkkqkqvez3u0a5hg7gn6lk2memymul2uqzvwyx39tsm5cxww']
1;8a52973b01a9b6e49821ee648355199dfa2be7868a5edee0412f43acd259f209;['bc1pgefwsf7jtej7jlr2cvcl7nwvpj9cp5t3egudv0zhxzrmc42xp26qwppsxx']
1;4ed25e4ef657d2f98861f76a972d1e81fa9782ae511974f48d73dd053ee9dbd8;['bc1pnx8v9h0rek2x0ahntx4n4n4ext0lfvzmn7k4xlm3v7966ky6j0xqxmk2lm']
1;07fc4bc0a0322e3b0047efac6bdafa82fd563a8be277e2460e2db9e53b3411cf;['bc1plfy0u3089ryusjwg4ajj69ckw3739t20ddtdllwkeljg2jxx7hkqvhus9t']
1;386dae0004040f53bfae1a066d8965c9e3806e99db93eec4e8b5eb52b16c8e2a;['bc1pvc5gz42n25el4twq7c6d9d3x8dfsxz8g67kpfplw3w6m7astsxlqfcrcwa']
1;8f08cf53209be5e46801529a15a5a35bf396a5e77dea38ef6e5b76410b76e37d;['bc1p0ux8g0ztwxrstdsggt5w5cr4m3ty509ghsftfe7dhfach20ut4xss633a3']
1;1b620bff5b544c47af7df9f1f1d8eefd8cb376a1935a5950b3eb8c18e72008e2;['bc1pzu0re0ps3h3zhknayey3h69cp7ly0slakrs89v4c5x0ec3wdx6wqx6fzxt']
1;23e6511bbfd3c7c9a3ce5c3f598499f85c01c9429a35b2d42fb6a1833932e4b0;['bc1pxcd5uhj9dz6qx5u0ypdmx6as5fmq82f6myp032s3gp0m7hcddvnqsfswsw']
1;2239ac8fe6505f3d9814ceb3867abc8f2ebdbb61b20bb95a3e3b08b1126782d0;['bc1p3cmq56ayz9sc3lmrurd77uk48f3m00x0wxrhxwlfl960p8acgkrsh5x820']
1;6f8f96b9245b07657966d107586a8789a9b2d98ce9a80c1ec2823ebc62269b52;['bc1pmw4v33my6m360ymthkyj9jn7kf8d8u5y4fe2a94rrhhmlwtztr3skkqjfv']
1;74a1398f2ffa939241d72f87bc5399cd3b13c2419e81b1271501270ab00389eb;['bc1p08sk4u9cc0m0s6x7u22ycl7742gu4vf94u9mj7d0pdtfhfykeuaqdvp2jd']
1;58a61db516d8d07526879123691bd51fcb2117bde8b2ce413aa175fd06fb84ff;['bc1pc3kt5977ptcnnj30wwwnmakzuqv6p3tjwtcfl9swd7vqan9yp68sjk280y']
1;21a8b5022acf0455ae8f6111d9eeb70f9039d207e106c008029c83186ff1b62e;['bc1pr4mytzvyn7eyfy7x70fx5q687ujjz0w6w5lessrce7rqz778shxq9hhxj0']
1;51272ca6df8f0922e38cb0e3b63aa0911ae578a0972499f316eba0774d26f233;['bc1pgdygtjam384g2ampa5muqfujtrv32sgsd5n6f30sa0k9nwfdjq3qszlz2h']
1;cf124e328435ce9fbc9e8da4dddcff94fb48deeb094ea480170651911a8725da;['bc1pchl49x6mxe0z69eppdn5g520nfv2kwvq3hmfxdhsuj7zlysrjnpq6z23cs']
1;5157bfacce9d708692f9bbdea58e81a3f1d1299e646f7bc9c72b25e1675f341b;['bc1p7sggvgk6eeuak70mh4aw67qk08vmdhed93fepsdz0k78vg26qqrqpa4sj4']
1;5b6b6bd123d48524a8db8de1eea6891d0c3595a70f404b07ca2d516af2a2a591;['bc1ph2uv8s4eg88dpqn68nkggh0x26xf9elquzqtqcals8jllhkhw82sgywj9s']
1;0a31c0277c720dd7c5c8c529d663dbe341ff5bac41fcf5238f48111173d98b36;['bc1pezxlcywssnur03enw3520j2l9w60lq3vqmxqdrgxz5w4quaz5j7qnd5ead']
1;35f5ccac3d14ce75e65303131aa83e39d6448a257169f3fc51861c4e15375c68;['bc1pch06lk2zxrr3f698hd7l0ga9k57a2cnsq6z36qgg4ppdrypn4p3snl28gl']
1;4a3027d81a0672b4b35b0f9f68a93e41241be4957625f98c70e75843cc8a2811;['bc1pxm4pj356rppznd6mq9arl7u6p4xgrhz3uavtwcscer2dcuyzen6qu7jdrw']
1;3265c6ec77405e2efd5ec2d8d1c2ae52890baaa2830144594465cb7b7b0f156e;['bc1pa96e35pydrtnl38qsz5dyl76ygpjefycut9v8pwsjau2nl283h7s7p2r7t']
1;c5296cca5f74e27531a0f07541cf5cfd95f08f10b378b3beee3202663360af17;['bc1pyzzdv79cacfzg2m9kkx8psmeyktqdzqdgt9ltu2nudzwekm6g9tsnmnx0z']
1;08161af2e48f9da1c80d0222d136bc098e3a4f6a3bead1cf57c3a333f5a5f6c0;['bc1pm8ap3jffrpz5ep9j3w7dpf2xa0sya5klzyxrc42vg84hdgexxk6snk6asy']
1;62305aba1507cd56fa6e5fa204cc5580472f918e0198a1df8d9334ddb9295f2d;['bc1pfsxxamhakzt0rhw26dm0nxf827a0dva5swzsf8uk07e8r62eee6qep6jng']
1;80eef7f5788cf63bf3c6cdf26b292055de439e840bfed4a541b95bac282ff5bb;['bc1pmmq2j8l84etjqpdpc0lg39fn6t3zc2c6sum5alukszmtf5y0c0ps2udj8p']
1;d169883c56ff80cdd08dbebee33b55bef27b46a6e1f88dece79ff41b4b77a6a3;['bc1pvmfl9zyzrtw3ckrt4ahxssn9e887zyf3lxarpnejzlpjnee5atashhm9rk']
1;e57b854960a9dd62f5dfea95efe428486503c0052bf265af7c5638e368287d73;['bc1p7mmzu7uu4l9n5j2a7zy03xslpq834zeadvy4pzqh9u70lfka69jq78yaqd']
1;8810dceb842b75cc2f01e7f2abf90643fd0b3d732b603fcfdb3a365e4b8435b3;['bc1p2ul9pwye5s9e00tgtqea5wdt4mjcj0h6jrdrhs066v6qmwqd7hpsrvwxzm']
1;e9d4f685477ef11960e54569df6714322d65d2f50e52a7f492e18fcc4d52bf6a;['bc1png9zd2arerpaspuep9ajds69a6j2elvrcz5naqh35s53q52r3mws7cynae']
1;46495204d8978dc2e60fbe52c82d65f36d7d32a3514f652d77488ea8d8b568fd;['bc1pruv4ky7xermqllct8nzpa6ku6mgzyfqr549eq3gt009z0rdyattqee7w7y']
1;5eb90e0fb0e64764eacc3fa6a09900c7efc7d31485102baacc80b1da4ec46e75;['bc1pnufrsxevzwp8y24c6ha54ydls90uct6q2n090hhhyh78qtcjkreqkjmdqa']
1;85ed2c20fce653da82f9cf668136c433e77c171faa1064c5aceb5e246c46c3f8;['bc1pnhtcful7a7zmxag499qv2hga33wc4v9pal9ey76zzdjgkpggcwrsvufzs2']
1;8aeb7e7e6935c7bab8bf164d6bf460fcbb1758d130c74c3be2ea67d62f83e998;['bc1pf8v94wdmgnf0hh6ltw223kctw4huev0r6w4x4d9qsdzmaeppj0wq4dv5n0']
1;990e1fb2d860ba444a9f7f32627225bbed12ee5e832a32e6a2e207b61a79fd5c;['bc1psllu62vdd4uqjja4ldks8z5rp0vmzwgr3uwp9kqmmychdhf5hr8syj0v6e']
1;22e32f2c3a155a1e75d61e5fca2d1d8a74f15ed5f4dc50c5ef95c1a418d9f5e3;['bc1pez80kanatxvdvcf72944skxpvn2wqvpl0fhtxqgsgsd68hl0jcfswhjca0']
1;a564b2a0525e770fc7cb52f70c16bec581b25efc99da7bceeec9ca21c1a3ba97;['bc1pxncq4cehm0y5wqll9xjqe6rasxkjfh64xtgeva8xlxha0s4w3adsq69ssk']
1;1c0fa6f2a0444652441c8e064dff8b8718c14c317dedbaaef81dbda915b025b0;['bc1p9jsyknpfr9f6jnwq836vjtgh427nd7y77shpgfyfdluljc6upevsnwyaqm']
1;4ac4674d3f6bc7080d4bf5596aecfb38d60b06a37c273b1a8ef8c4d5ae254070;['bc1pj7gggscjnjtsz5676f2s880mgzaxgxlpruqeyq6ex7g6emjwkkvq2pna85']
1;8f7c3f23f69a1a2fa6db5d0b98b73139ec3828c0001b7a70e238988b30937e96;['bc1pvqw7lmayulrqhmf2k5azgjmvpvnvnl27ak7my3gm28jnp0fzfp4swaxu7a']
1;3534dedcd91a77e1e84e37a859ef231be1c17bc4860216cde0e9973cc32401dd;['bc1pwt5nrrtq6lnlyf6z8mhrtqqahcwa75y4wfqt7vn2l824m3gsnz9svha4mz']
1;62cbd247e858e46f609b6ec4b95b6e81e0db198acfb3340b4a3d5681848a5ef1;['bc1pvp3y0vq4pj3te854mf06qukls6ccxgxgae35cg6wm9sncrmzslrsnkgj5f']
1;1b2c11917324339c6c4468cd0c9b8ab4e94851f5805312ec5210826dd4199f4d;['bc1ph2dxhh9t28ctg0hsfhh6h9ygc6f0sjwwrafq0ctxyahxrvh3rwcqa2yd9m']
1;8691e2216c5441f9c1786565ded179211873afbaf6940865a0a17a2cd653c628;['bc1pzu907kv824z58h7vcmz4k259rajdtv2d3uznaukc5qy6sr3f5rss60kkgp']
1;89093a9617be0113ae4a75f510d92d926460410b1348bbb64dd67c9258b15f15;['bc1pvkg4k6upm3578xc599paee8ukm0vdgng9rcp654uzgfcgf7eprcsat6ufj']
1;883bce28f934529ee8edfb6672442598914bcab0419614adaf3a57e2ad280009;['bc1pn4dlwpnx4qzmae5luwq0xuev0z8d2pl3tg52apu96mztnk4nsjjsq35lv4']
1;66f230c37142ebe9b19dc45f5e57d9835415a132e5b706cea0d1800b82a4582c;['bc1pnjx86a6x9ll0y3xqesg5lh4fdg2t52yy2vk0jmp0nw4t5rx98nhsvhmty5']
1;c9f481240f24a6debd129ddeb61037aee702b1d69b3678903a735bb3e9c3d034;['bc1pq8skcv9cf0mnwu0amjy5ezl44fr0vzt7ptcuq6pcqdjmngmqdd6q26a6pk']
1;90ed434cddb39396a395eea465de99e89f7fd9610a7151ab4d1452692a8d668b;['bc1p89cm8qe05pfzdq0v0pt598umyjfv080sm8r3m570j030swzq5xzsww893e']
1;cb5db85fcc3b74ee1def8ce59f4114458a5d6c8eec57bf7daba671c0a6b0615e;['bc1pnzw33dr4ml0cl2hte933av69s8eqrrksy5tt5jmc5ftmfl60td8qrwfhqv']
1;b53cb020fcc8750f0410b721a981a573d9cb50c27d0590f31bcf6b9f15753f60;['bc1pngp2hz674f5s65jp3sa2qd52pkdhsyfaznfc4qc4jmastke7gkpsv6pvm4']
1;84619ed5395b10dc8cdae5e670f59195429859b6b922423bb84922496dec58c3;['bc1p32rcaph0entm44aed8pak5upddjjggqwq2ydatv6vd7rn9sjst8s9p73t8']
1;658ac22d555d975e82c6f4204ac5457e82f72f8f3eded495f4e21fce11025a92;['bc1pywpdxfetgl6z8venfx85l5rz7t6vqdx33v05tdv83cr4sy86ek8sq66q6j']
1;3641e9dd33c7b406c9e79603fe3022c015cc42559f49959acd28830f5858ae92;['bc1px3vcm85v6rlc880u52cg9wureajza7e3n6e9cs4p3j8tw9hu0hyst5r2j9']
1;023ec314d3b4397825607dc0c484a05be5f15c40cde9d8c55b5152654a79cfa2;['bc1p8gftz6294j0xdl2p992hlw99djz06wc52gvfrw7uqpxs4mh2m2csm9q4kq']
1;f0bb4510287d18472f3e88e92a87dcb8ac2c77163273866506d950966c128ac0;['bc1p2ylzxl62y7m9mmu8npesd6alxq3pfe5l5ljfxagcslu8htdnugusnt4w5d']
1;eff896838f8308969e8a5c3fd7bf1abdd68fb734559f60ef717afdbe42afd93e;['bc1pyyl53laje463yyufuuhh92g9sty08yw9vufvfa640j90r6hyjl4qcrpuly']
1;c47bc806a1aad71b3b386ae08a157e0401fbcbffaf81fa9362db0dfa33c4e1bb;['bc1pjmtctqzwn85w0k2vww8ue6ecvd6pv38kd5vxfdhk47wcghpsa3wsny9ytu']
1;b71004752b358a4dba82e68dae3babae984836d20c9012acb2fc6ce0dc4ce2cc;['bc1puvkkn98uty6dxspvw7w5ps5ndyjj0vyfrz6tj0d0354r98ut7gvsd5hkkp']
1;c84f072086f1fb34763e5d7894a33b03feec687ff759a46022fcc5c0e0d84bc8;['bc1pujsj2c3aagc8c2cgaxujyadgxefkd0t6fmmn9ll6u2ezgnpqldys5ckfpl']
1;f4b7cb7e1aded38b9ef424de0cffe923aca67f64643e7b7839d7399023d92a55;['bc1pvyztsklyy4xxmnzryk4z00d6anrvszkey5xywxjnsv40z0gsyezs84lxd5']
1;c02e10dc0b034c553827189df8e223c8e2251ad5778959715b3c52115bc22dee;['bc1p5nwqxvxw2edn4k8rjhsnft4ulm3pp9ccep038y9l589vnxn0dplq84a3us']
1;20163ccbc9d4832cad4cdd47000230bf055fe70a59d7ba79e15f487298eb625c;['bc1pfse9zn85ksdkynnxfw2zmgfaupqcgeytafwxfnl8xz8mkz55v7hqwkfh98']
1;f7a51215e59cd522c4a4ffd38a8acf4c7296890c84266b87cf95c26f2d96e973;['bc1pftntvtsezaxl32dl4y5fdrzf5vlxsz677yqq5zy6zn5q7st73xxsks7q3h']
1;be71dcd397d8762a30ba516bdffbc67f22f0888c8001ebfe681f581d5e73c4da;['bc1pmnf3wlkl9t0uvanvseur2vw2c9zfvpvj9cg7qxaeupgl57uq2rcq6sr6kl']
1;554a386a0ad13975973331ca2985c33498de46f5abe8ed3c8aa94d7370c414c9;['bc1pgthe03ffr8vypj4z9t4ujstvd0edd5zwjjxvklxfn08hl9jehpnsmwuxt3']
1;666870c1a776df3b6b4fea1689c462829d76cd0d5d3d5f052e8755dfae85d2bd;['bc1pcnhujcrveh8354zky8khsw9fmtc3tclrm6mfs3rreev505x5m6sq3atpf6']
1;9d1e0c073a2353b77b16782c3363d9482e4d652f613ca3de0dfcd0d65cf32980;['bc1paja7ztlel6h93zwclv2u004qn6qqke0up88y4duz9rckaqejsnjsks2m6t']
1;1bedf32c458eb45dfa1f832771945cfbf1e99a7be51efa7ea7e5dc1abc0d8159;['bc1pv4eddk8cey35xc66jeffvpdsqkgpqj7u0najnzt2eadgurxs5mmsm8uye6']
1;89bf28b8366d94e8c0df028614f758581a842a4e55b0df7dce958945cf371b67;['bc1pm53hahu6fj3y3ekvp96qewpmu5cx0nyvy33w626dxy0esyc35x8qyz90hf']
1;12f0d160d0ee56f9b0975d4b15cfc5c53543b04505c11925c60b98a72c3542f8;['bc1pu0m6w4qg9fl46ycuhpx9scveeqlft6fpgz2vrcp0yyv4mz9j2r5q4zun09']
1;e7356839c47ebcaa6387702991a2f82bf414f486f0099c5bf29a5f54d47917ee;['bc1pmk6cvhj0td3vfrzsmjvh008tetc486ks6ra80elccpn2jsyt6fesmnr7c9']
1;552e444b9f456e024e87f722a9572fa9645c9e36247772cd9a1cf7df05867bdc;['bc1p7u65vz4q78gr4zqzukdfh02fj898laukjy5qgu09haffv4je3vgsugmdcq']
1;50c9ccc07505eb6060973d6507f26a382c63c46c66abda4731d1e5b9cf102208;['bc1pefmrz6708yw90qc8xp82f0g38vm7233c083pc28kdx8ugwru9yjsc9awz4']
1;98e6935a2bb5012c3334a742efd675c1419ba2b4bdd89717900a6d774866d67a;['bc1pqrtn99aeqkyjyrhnjf53e0snvywjy5cm3gej6uuk9sh8q0gg2mkswwaa00']
1;be6a1ebc21e79e4c293ff5ab1559032e48eab514ba08842a1cdfb1b4bb2216b3;['bc1p5anajdsle3a37h42h58rd52rlpux4jjyss6s7tg7tq4smycyx8ts506c43']
1;eae34a13eacd528995d95508dd242aca8ab28c2d0e1a0c7c4b437b21558a117f;['bc1p7498s7tlnktf7ews80dwtcyw6vn88fh73r4slsuxa8gkrsx0cc8sgp33km']
1;0d085b6efd5d6e2cf0b594b8b15c0defd1725648d0c5fbaed47b881e6ac7d03f;['bc1phpwkyk77qdqe3nuk2lh3sd4693anuyn6ujmutm9qflchyh5jz2nspp53as']
1;debf26304a95a4d8c06c906efc258b8a91a79044e1311d45ae6a543b00b968a7;['bc1pjs3sv0nn40j902fwe8wtu84glgz3d8xgp0rw7lsc3egu358h5pwscjj68u']
1;a21368082773223cee0c400e16f267b03aaffd96a537cde744fc5f66429055d9;['bc1pz7uvhmfa5pejcuerv453345m0ddlc5dux5nwj0nqvdvutf4c7fjqmuvs2y']
1;e07cd356ac5cc040754922d46d80afd48dfac09f08a1d9239e3a97215ff8aec3;['bc1p9pehlfpmgcrlfhs8jzl4xp9ar3hzz33cvy9qs3p55z9z4awu03tsz7jczz']
1;34ae85f9d94ac89c43fc09694d1010616000dde866edbc4dc7975b0393065323;['bc1ptea8jat0ku4lj6hc8wvrspa8s8wcj7ggkw6hr3x3jc6l50jydjzsynk8qd']
1;b4936b19ab90b364f2192a43bc5ae54e715fdb6d4b06de10d9686a7ed810e2a7;['bc1pwljh4rw7w4sdam7c7fggnj7v399d88pgd04thjhdykywk54t25aslzfde5']
1;74b9d36f04e9f516f3b504d9ae021548abda165d75df472fb9211b7e54a9a038;['bc1pn9ffctx6p3rjqg3axegedksp5yuxqc9248pe38qjl5x65fjrjnksx5w5yj']
1;d69a4a3b07e9e4b6b84fdc1c8a498580d00b90d05ce4f7d7c108f70ecaf0ef7b;['bc1pwjae05lwu7h8gm3njv99skctg0aqzhhwxqn86egvj6sd0mcfszasjr7hsf']
1;b5c37815270115676848bf42a3090b13516d497bc256e802c638788457484d29;['bc1p430q934s6pvfhtcfcvw4j3s70kpshlvhyfccjhezatgdrnym9jsqkjxd0r']
1;13ae3e0fa48d179e3c8dda4d53ac50994a4d60426c183bf1994128f2e13889fe;['bc1p67e8a2qh98ud7juzk5t5lq9sr70z2mve4h8sfdtmculfde0gxwnq48s2l8']
1;7a1e171004c7a45b0e336d16cd132dcc1eb5ff4a55096a261096ebad3d3970c1;['bc1pzwp0uz3g59q6txzhxjnqu3yj8whevn4ddwnya3n5g9443mdgmrfsyzx8u2']
1;09e3e51f6e70ff724d9879dd63705038151a93dbef171a90478a6f77037350b8;['bc1phenyequuuwwvsna7npl7uyl4xl82y6l53rrhzcppp6td2wehj5nsyava25']
1;ddd176cf3d73c05321fc4a88615947e8cd9217169a6887e0cdb2627db2f7ecdd;['bc1p0f77pg7mqem0kfld37yj6tcrmvhh9gvpkyuzxzj6neng5vc27pes3e5r65']
1;7a6db4ef9678f7d088d85e584ccd79ae49c2fcfd0250f5487cdef2d73e1fa292;['bc1p33zktm5qwtrwddelt7usc84y33t5ny76cjtqnmff0u7fwmz6dapst7mfk7']
1;aafb04fc88cbba02df47f47704c4386a17f38a9ee88ceff1778940507c4d8337;['bc1peuvw4v5qjuxd78mkxpnlx3gjgym6mtuu20zd4g0g09fk4f7h4sjqmhj39f']
1;6750656eb600d97bb43a3d7cc645d294bba2e9626f0dd32a16246187bf7749d5;['bc1p0h36mchpy9wyl7qy4j57q2j9menm2u6mv9p8m2w858jthmh80ynqszue66']
1;9ec4f004dd8f4b91cbf613aaecbb9e6ee86527fb9db79d8306e11a370b89aa0c;['bc1p62uur9kfksmgulyefxvrrway6cl7zyp33e2xgwppd4m32nu9ndpqduww4t']
1;b797110b07bede6799ecc46498817ad09d724d44258b2c383882f2d82ad0a0f9;['bc1pagdkca0tkgzpvv98mptg6fc483klxnz0gajukqjdaaae2qqugv2q7ujuf5']
1;1d1f38e4998ee7e76f187f85d219bf467ed3b84a23e5757c51cb8b4b7b744edd;['bc1pzv74surys7chgpvamkjlq060taxlek9xvx8u0ku3820v5h00zpusdeaf5l']
1;0a7752c38e20220850ddc8057a7cf4a480456ac3527ac02f7d68bb222a176e57;['bc1pg7xv9psrxg5nymdl6jz39uc2940ar66lzexyg8xw0mthnuhqgmwsme3r6u']
1;0b8ff15fed372f70a1e8e4ffb7046a3114f014ea85a6cffb89b37918b393df42;['bc1p0dztp52rax8gy5sey3pmz4ugcad6vlmfn8uddcdwsel8ue0rntaq8wf2jz']
1;bbb89d22ada7cd97c2a38a50012b48ac020d3f794d08bdd0c18526d042f4b66d;['bc1p6ur5w3p7vrrrm0djgj33ppsdrlqmuuy84krgd5r637zkjuz8k0fs27vh3h']
1;6627fc4251e08ed74d31cbeea6d9b718083b6fe679cd94fe712fc8d781c2035c;['bc1p97t7kpxfgm7fvkhqlqnufwvkaejz9js4gezeymrn050v6fugtcrqfpp3w8']
1;e164ba107044cf7ce66498b1e8d935012d16f633279f08d721bc93f8f4706eff;['bc1p6a5gu89suzv8kpahegdj4h27w52rm49szas5hfkqmdmmf55twqnsq832nl']
1;5983a03d76c499e8e3ef0bd750b4dc0b99c7251345fcd9f1e35b383c08e6e007;['bc1p5qszndnurftxdrjlmfapj98rwpvr7pnl3qrqpdgx86fmzuqzqghq9vc7s9']
1;82020c339decb57e98177ee987716bb1dfebbabb57ceb2da0e77145d983a62fa;['bc1pn8jg5advc5swf87l5f03zxda9jt9srwsy8l58t999k657xwyu5gqldeazg']
1;276f465c36c13359578033cba36db6dc0388e3572dd5f67cc421544f7cbbe16f;['bc1px9hcwlurwh47qewrg5jf2qfw8vsf9nvx6d7wm9k3ejd9t5st0rhsy7evtj']
1;70ab25e00710bd47ec2b696d65de2ca16bdadb63083ac4b9f616f59ac6313cc7;['bc1pgxdrcjxvewdpvjfztsg7w2r884g8tmd9sac7k76grxdphkvjz7cs6dpllt']
1;f12718d211354d5d5dfc35830c1e9e638713f4d3f380419a94eb2d3ffb2414a1;['bc1p4rsxgfre8maw7654t7avtn5g5yplk25m57svf3w6lt3jylt0ks9q7vl9u9']
1;4024912e6a18c26326aec7d7f96a361f097e69bbce13efe5cf35e54870847757;['bc1px3dwh5lf7m07mv82a2zzdtll9xdhpc2uvranvp95sg73ydu3nrnsek8hd7']
1;f4c2045b6ff4e1114e21b6eb624477b8dbcbb1c76e77eeedd0dfaa87e2fd6834;['bc1ptp2tldt4d64mvsgkpqchflwluw400d4mxyetxpd7furu634wt4uqyquyse']
1;ac0a7245dd2328e84f57b37e20221299808b91a840338e6fb0b0ad1b3d75d462;['bc1pzjr64jgahmkqymxc57y236q7xdrn5hcmr83mqxe5hzs7xy9yh2aqegvp9m']
1;c4ca87accd2cf58d4559f5a27878b6a96976527a0844f5b22686f13d7ed59ebb;['bc1p2a9h73yhtlk6jae42dlmk0vemh4a528xkrhn6zstp8q0ws3wvatssx2lte']
1;f6ec50675af3507b5a64480658a3246e4c7489494f9be7c21f5b5f69b9d7c7ca;['bc1pzg6nka88herrd3p2qhqzdv3vak2fs60pcd24wrndsx3c7d6pyr3s80rf3a']
1;5ea64c37fa7a946323f3a6d7e0ec03bf6bf5c5ae6c54dc4fd4bccc4a9cce88af;['bc1pd09q26c0d5rrl367fe499ly6cmvl3u2r29567k3mswqhzntmsrfs4xmm8y']
1;2351589d9389b42015a6b95b2aa28b35d57bb422da2423519b55a3c1308c904e;['bc1pymzs2u482jd8agrls986zc7wylppw6fqvg6vfte9fdanetugxg4syqdkef']
1;3a120bb92573281679fb21a2f7ec2c7f512b8f5e6e952a8c215430d450be9d57;['bc1pgmt5yww9pjkq2nac9zvxkg96k8flqw2re5am8syaeh7k65m007sq5mpsj9']
1;8739d9d6db9077e0a7d4a294bc2445742b315be03b9493cf320f9420ecdaaa2d;['bc1p2272v354qayd6psm424922hag7rgwr9xmnkkm3m3x2p0cej553tqp0a0r5']
1;2b2e8aa5099cf6fc2afcb25f1ed8948cfda601ec784008d16064b36e7d2d3202;['bc1paz84la9645un5h7lmfa6mqyh689jmtu8aj2t4499nvpr4muaaqtq3rrymq']
1;e83f73af50322880b87bbadc329f3e76b5732c95ca70b13154bc88a583e3a667;['bc1p5xajej8gnzhx2cuj5jx07z2z4dhkk90qus8f8vufh56sd2lkam0q7rh2qp']
1;3581346d1f0fbbb93472a562ef5110d08221a8e42a5ab97cc805e5d02c840def;['bc1puvfgpvfexdze8rywj0r3dyhcmgur7mp7mr7k64aj6zazamx09dkqgmeyre']
1;8aed476764c2ae8352494df2305acf94846912e2c6b0447f7cffd18fdc1a26a9;['bc1pf7szq8ey4wg33jngeqmzh7988c9g35wv2s4jk9qll3k0n55h8hdqdyxd6t']
1;cb73ed4c8bffdaeeebbd9208661f4c63dba955acaaf32bbe07eba3a37e9bd861;['bc1p6eeg2atr2s804y87jgh5ja5znessmdr37xx9cvhv5wrmdcuh6j0s8cf7hs']
1;bf72b4e3c235f12aba7302434f5f16775d6da32394640448578e8157065c87b7;['bc1pgu7qhuk7r3kn5uqxhjph29d5sy08qg4pt8fe659qlzzm24ln82mqcc7r2k']
1;9e9f6c90c29aeeafc1f120d0512526f8fed9a8019e38f41b1fcdcbb472ece4a4;['bc1p7prv9zk6k34m9fspjde0snwfs2s6k00knzh4a0xq74y6m0rtfdmqes4n3f']
1;ea43cb2f442cb34b99df26765dee485822287ddd1047feb54cd53240d68c4d8c;['bc1p3t75eep3jvs8gsctudyd5vnaatu0u0d4689hp5kw5trxuyf3dx3s4ur3m5']
1;806bcd1d30ab06549faeb3f943c1eb0a61fcc33483c97c25884a7586db3602db;['bc1pgddy33dzwmw9lxsyxxzuasa6qd2qtt7f5echp0dntdfq204xuqlskrv7g9']
1;96678aec49a45cc6c9b3d9b8c0d7a9496cd8b87ca2c7bea5255443a7a0f84c95;['bc1pfqce3ygvn92st0473yqhsphjrwkxes7e2at288kw2syj0t5lv20s4xr654']
1;73915618c050f2d6e8793dbabd76712e53f19e16eda828f2cf2c5c6250730411;['bc1phmatqjammpjtxg5qya8gvv0k649x4q70m6plftmay7p43qcanwdsnwsdst']
1;ae611de8034d656c5723fbe8d6103aba4975211c6e7f20c3f82151013bbcaea2;['bc1p0slmap0c2eyrzedve0p58zt4uw7f43s7frl0snqfm9nqsw6tacfsgyntwz']
1;3548057544099eade71853eb52216e61413b0ad76b25ffb9ce494d8648c064e1;['bc1pfxmkkg7hv6dsflq9z87h4msfpghyszuegq2jgk26v7668jsrkhfs9dkdnk']
1;1f949723ea4b0389f5840b1513d5aa4e47ae713e6737dc3376216f2940edd252;['bc1ptm7hqtm5enplc4hh905xwyj9wae69h70xlczxk4dphrt2wnt2p7ssg3r48']
1;24a8b7c807b882f1a02067fc0ef6019aca0e41968c60c127a5b5e82c9ffaa4c6;['bc1pp02mqhtxtz9r8jp44hr9pey0lm6r8kkrv3kxhddzrmr7amp68wfqcgzf7j']
1;8be4fcf988c65fb622a705a82391fb1030db89bab0e4ef0bc43ebe0de7072ff4;['bc1pmxph9w0c8kyhtlnl69f20nuywwvkdpwzm8vhc4kkd65crcm7je3qtjnnvc']
1;12c31c726364257b05745e48195e3d3456b8527d357fca0efc274fb97cae2073;['bc1ps6qass6je2qtuxmfyxhtn2xnlc4gpus2zhddm536qpsaxv3cwpys5yhqzv']
1;dd73f673cfd4c2f6f78559d1c7766d1f450de16d45f759a5cfcb5f21b4209062;['bc1p67tq866zh6xsx97g7enckwhwsfn0tkef642l98nnywvfmysytpxscnac04']
1;01d3b7403660d8f931ffc6f6e7602ea8ee3f1de15609e9aedeb5898897c6259c;['bc1pp4sxgnklx75d3gtfc635cqefp67vwmec9yesmv76glpkcd5w49msy03tdq']
1;2c582d3456a46d9f0517c45db5ba6941ff412c433d712d04b85a5186b6d62d94;['bc1ptfa0te6u9dv32ytfk0vn0a0egefh9qlyf8drckg0mznvenk257xqjj7wal']
1;6cc08430a919a4037db3e7ca77cae5410f6205dfc541b6878bf006aec403b045;['bc1ps0f0mazrz8x7c3fq0g9az8n0u6m88a45fjurxsv9r8syuuaccxtsg6ewx5']
1;54ba22bb1d02d14a0320523cee891bbefa91f814f702366f507a5b536c0fb98b;['bc1p4ju2h3ql7pwxt7fvwhnk9dp8ycg5ef6qvj845qxhz04rc648p85s8pan44']
1;0587c5ee422a258d3b63823c02c4deeac7ba831516191e10f9daca0d4bf89c6e;['bc1pz96cacld6hd4gpm9pf7u708skppsq7n2znrp06wvgm7sv675wmesxkk0e3']
1;537c82b6792a06a1de5526e5723b951cca2f843ece12aae7f5f3c6f0dee4a8f6;['bc1pxnaq2zl5dywv5kpsy7khy8dr5nfkc98p4vf0akl85yqnhef7vghsngjykn']
1;351e990214ae075d49e11e55e99ede6f3027928088745044dad3c47c06358142;['bc1pxkswdtnt68s6wy264td9y7dhlyuajkkjwczlzwjn34nzzlrp2s0s7qchwc']
1;00ed8661db3ce8db731ef6c0560b8549b6451f2b1ff8bfa658c2a18ca0caa618;['bc1p6ykrqp3urf0zqnwnffsvsgrm5petah2sy5uwmrtgn00f3nqxe22ss054j9']
1;0c00b229953e57cd1eda35a1cfe35d1a6c34b10480106730b126905f0f863e28;['bc1p7m3kknlcx56yxwvr85qenf6tevf5rva7st7ymqxwlupejj4uh7xsma8z6u']
1;e146253c95bdeeaae9016aa26a4beca5342342a21eec0faa3c127cc21dac3335;['bc1psazc7650g27jhcq56jdhr00g9jpwwsekgfq053p00dar7x2r2fgqjy99g6']
1;4534cf4ef5cbe373d728c2a10d0a565b09e4567d519ce90f026da599952df5a0;['bc1p28ekjg7e3lgvkl40e9gmwn3907sphhc0a4ul6ayy7svrwzc80leqmcmd8s']
1;f17e0f148b863a94a7eac582bdb114ed6bc826507a6e1b53bdc766756a7a0d22;['bc1p29jqe2h5lkngfz3sff9c3l3syt3fhm85d9xjq293209zre5p4t5s7j49t6']
1;99ab76cc08438d61b5f25ee0e9804a0ea313be52c1f54d368df7c665208b350a;['bc1p7ded269nqt7dp2pvutu8mt39am6equ9v0s9zl83x335v3dqa562seyq9pf']
1;362753834c1cba034850d2299cf5c3e0ec465e0772c9aade984e904e7286377c;['bc1p985erej3sm8ff52fzfyzyjhfr3gzhwdlqg8zead05076svvq2tjquuk5yz']
1;462b4b5fc628e1fc600fcf64d1605a2964983cd355a53fe024641c1b164a1037;['bc1pfa38v68m3fzvvmykux707crkh7rcn8chy4a04ckzaqhvdyd9vtrqxq6xqs']
1;7e76b8892b85f70de469b74e8d196473652c3385d96ba6f989a1408c25990c94;['bc1pmauemlmwnqy9kkjg5nw3ygk6hzj0jsddhxevaf7agxuzq60rh6yqpy0nwt']
1;041aed2a11e9aa713ded21e7a62a2e38577ecceca07d32e7b5819eeccdc6bfc8;['bc1pump64a25vphuvephqmhm9cyccehc082rdhhlr4jq8sh6xhwn685sxzdaja']
1;9e566b186dd0eacaee7b6c6b490802874e97fe7c72cddf0a49277f07ef4ca9f4;['bc1p7rugyc7dajfupdlk96fyn4nk5gc6kyhr3rtgpr8d742yth892e6s9pr5gu']
1;4309ca545215ca27c465c0acf3fbf1643423a5736f9d95441658111be0be8a6e;['bc1p4cn4wqs373j0q3g9vtpm4ufve9vxvwjvq3fyp80h22sacwsxlx5qsy9dq9']
1;4f592a610f12f55db5c8a8f5da9f830331146be2dc8ad8920134187d058aa193;['bc1pvnkxypxc4kfwf5nrzy9q6p4jmnvkcjpd6nyjtt5x445p7tjzj7fqjy20tx']
1;531fc9c1a65c28d99034ecfd1d1d8ae6308fdefdbb113349cfae60accce3cd77;['bc1pe0machy9gg8lvmctlc2l93qmtly06ta3ezdzz59p5wyft3nw2y5s3d6a96']
1;16cd30a1a2de96b9fa0dfaf19588f1859440e83ef1e093f0de68f37095ce3d24;['bc1pps6a89wdywpkltzx23ldtfk9wfqum3zxwhp4ath8mp7awhytw3ss6pen0y']
1;2f13d7f5f1843fdb2f1e625f9518c268f9463c9a27b3ac915d82e6991efd8e0c;['bc1pyhzmcfd8sgf0ewwhhc5kk3k5e6apju2te5xe29knt29sswtfdnjshan2hz']
1;54b0474fa9cbfa792e4d204d5f8688d2bf644456189eedb4683315445cb8d735;['bc1p36fvg6l4s7nmp6m5m4298myeelmv7jjp3079ys0xcmzqk35uknqqarahzk']
1;ae36453dc61255ae8ea90aeffa0afeac2531bd0e93e7643ea33fd7cebc87db89;['bc1pn0udngj4zkxc47hpxv0wlkrwg4p88fgstd0asxmyur0h3rt8kwks6r67kc']
1;f9392444fbbb89e1361fe0050979aebf04e8543c00d47f008f57f8b5698311cb;['bc1p5wqmfv5fdrjuvhwgqm8hykwuchq7mj7rqzdk8kvd3phnxvn97hjshy5e46']
1;c7dab162465f504089c71314d082fb30e87d00d6f3994ee1026c219e61de0970;['bc1pmxqj4zyzclqkluyewzkedsry4hm5n83zns79g229a6vgxulqs0yqnw6ac4']
1;424e21a5702007dbeec10b843ab383e45e154b6effb782203ad499e505cfe0d8;['bc1pk9mwk6dmxl3md6g56xlz4n9jy62a9kqvp59lqnwchnn37pwknq7qgj005f']
1;8547aa68b1e4b3650a254db2d2b6580c3102606ecf966556a4d1ec3e465fc9bf;['bc1pmukn5fydvk5ftpam5zt605qarkjvnk36jx9y0fytw32sfueuvzcs94zyg6']
1;995b708bbed1cf2b6f9bb155cfabb383c70e89c438660737088dba52b208fe66;['bc1px0tqal8ej2es9x5rp4kcq0px6d4dte4d5uqep4nsr0vc237v4wcqn7ar5q']
1;59e3c183a98a6d42d5e4c409a82a829f406ec69d4b66071b029323105ca52e39;['bc1pcq5yc3xkrau4l7hsacnlcc5trwcmeq6800k4d4ruhvzx4alvfl6s3jvte0']
1;a94baae18fca774a3eb742b9aabdfcc86b0735cec45a785c5ef321ac13e7bda9;['bc1pkzcl96sf9q8hh7398vuzm0kdwpz34cg63vt0ucpsefzuu3leszmsxn50e7']
1;ffd4f0f05e7a01d4bfa768a87428362f540939262592147db88a30489b2335f5;['bc1p0ycjaw7u6whlkwzx62snayyz8mfvmr8uwxarasqa5ywqfpjgdd3stuq25f']
1;f06ccdad44e591b5dbb6e12009180323229e5ede76e6999f03ae88226cfef5ec;['bc1ppjcf7aytcx5nck2dduewmulypuvtwgruykq5maqamg5x0x3307js5wjwr2']
1;2b6dbe9b4315e6e4a721eb2bcfd752a746791b4dfd6fdee6c76f9d6489fd5b29;['bc1pwmtrxfvs4guzej4g933j8jjv93dmv99z5zdz5my438gfcuwr5mqs2jn89u']
1;e8199f00194ef2b122f28ffa99ba97ed00c4eca37a19e07f839a1243d93be27a;['bc1p5w9qkfkwhyfufcnrj6yrufgnf0ejl5pfx6rgvjgxnudy5anp8dqsqvqy0a']
1;95172bf2b46c9659a34de493e978e69365617607f4179e108357d9f7d53ba3b3;['bc1p43zjn0qpn8e9dy8zwg4hcqczjk6e83v60mldews2taredg95gd2s9auy7l']
